id_oferta,fecha_publicacion,ciudad,rol,skills,salario_mensual_mxn,exp_requerida,modalidad
1,2024-02-27,GDL,ML Engineer,"Python, SQL",67207,2,remoto
2,2024-05-19,MTY,Frontend,"JavaScript, Docker",40537,3,híbrido
3,2024-01-22,CDMX,DevOps,"AWS, Docker, Python",44041,5,híbrido
4,2024-05-16,CDMX,Data Engineer,"Airflow, Python",50365,3,remoto
5,2024-05-25,CDMX,Data Analyst,"Power BI, Tableau, SQL",21676,3,híbrido
6,2024-02-21,CDMX,DevOps,"AWS, Docker, Python",55543,2,remoto
7,2024-01-01,MTY,Data Engineer,"Python, AWS, SQL",66650,2,remoto
8,2024-03-17,MTY,Data Analyst,"Tableau, SQL",41185,2,remoto
9,2024-05-11,GDL,Data Engineer,"SQL, Airflow, AWS, Python",38374,4,remoto
10,2024-06-06,GDL,Data Engineer,"Airflow, Python, AWS, SQL",52754,2,híbrido
11,2024-03-18,CDMX,Frontend,"JavaScript, Docker",54025,3,híbrido
12,2024-01-16,MTY,ML Engineer,"AWS, Python, SQL",59967,4,remoto
13,2024-05-25,MTY,Data Analyst,"Python, Power BI",23277,3,híbrido
14,2024-02-22,Puebla,Data Analyst,"Python, Power BI, SQL",40785,5,híbrido
15,2024-05-16,MTY,DevOps,"Docker, Python, AWS",51424,1,presencial
16,2024-01-12,MTY,DevOps,"AWS, Docker",38525,3,presencial
17,2024-01-27,GDL,Data Analyst,"Python, SQL",28980,1,presencial
18,2024-03-04,CDMX,Frontend,"Docker, JavaScript",33659,1,presencial
19,2024-05-10,MTY,DevOps,"AWS, Python",70873,4,remoto
20,2024-01-23,MTY,DevOps,"Docker, Python, AWS",40772,4,remoto
21,2024-03-09,CDMX,ML Engineer,"Python, Pandas, SQL, AWS",64990,2,remoto
22,2024-04-24,CDMX,DevOps,"Python, AWS, Docker",64213,2,remoto
23,2024-03-20,Puebla,Frontend,"Docker, JavaScript",58221,2,remoto
24,2024-02-01,CDMX,Frontend,"Docker, JavaScript",43819,5,remoto
25,2024-06-02,CDMX,Data Analyst,"Tableau, Power BI, SQL",24851,5,presencial
26,2024-03-27,MTY,Data Engineer,"Python, SQL, AWS",46528,5,presencial
27,2024-03-03,MTY,Data Engineer,"AWS, SQL, Python",36064,3,híbrido
28,2024-05-09,GDL,DevOps,"Docker, AWS, Python",51255,3,remoto
29,2024-06-15,CDMX,Data Engineer,"Airflow, SQL",23991,1,remoto
30,2024-01-26,CDMX,Data Analyst,"Python, Power BI, Tableau",55692,3,presencial
31,2024-05-06,CDMX,Data Engineer,"Airflow, AWS, Python, SQL",50274,3,híbrido
32,2024-04-18,MTY,Frontend,"JavaScript, Docker",45341,2,híbrido
33,2024-05-15,CDMX,Data Engineer,"Python, AWS, Airflow",50429,4,remoto
34,2024-05-06,GDL,Frontend,"JavaScript, Docker",28401,3,remoto
35,2024-05-19,Querétaro,Data Engineer,"SQL, AWS, Airflow",37244,1,híbrido
36,2024-05-01,CDMX,Data Engineer,"Airflow, AWS, SQL",63332,5,remoto
37,2024-05-18,MTY,Data Engineer,"Python, SQL, AWS, Airflow",47105,2,híbrido
38,2024-03-20,MTY,Data Engineer,"SQL, Airflow",39631,1,híbrido
39,2024-05-21,GDL,Data Engineer,"Airflow, AWS, SQL",42915,1,híbrido
40,2024-04-23,CDMX,Frontend,"Docker, JavaScript",40289,5,presencial
41,2024-04-17,GDL,DevOps,"Docker, Python",60661,1,híbrido
42,2024-06-12,CDMX,Frontend,"Docker, JavaScript",54786,2,híbrido
43,2024-02-02,GDL,Frontend,"Docker, JavaScript",53927,2,presencial
44,2024-05-11,Querétaro,Frontend,"JavaScript, Docker",33647,1,remoto
45,2024-02-11,Querétaro,Frontend,"Docker, JavaScript",25401,2,híbrido
46,2024-02-08,CDMX,ML Engineer,"AWS, SQL, Pandas",62913,2,híbrido
47,2024-06-22,GDL,Backend,"Docker, AWS, Python, Java",45186,1,remoto
48,2024-01-23,Querétaro,Backend,"Docker, Python",40450,5,híbrido
49,2024-05-20,CDMX,DevOps,"Python, AWS",33082,5,remoto
50,2024-03-16,Querétaro,ML Engineer,"SQL, Pandas",35039,2,híbrido
51,2024-06-03,CDMX,Data Analyst,"SQL, Tableau, Python, Power BI",17487,3,híbrido
52,2024-05-07,GDL,DevOps,"AWS, Python",51663,2,presencial
53,2024-03-13,GDL,Data Analyst,"Python, Tableau, SQL",44966,3,presencial
54,2024-04-26,Puebla,Data Analyst,"Python, Power BI",34908,3,remoto
55,2024-05-17,CDMX,Backend,"AWS, Python, Docker, Java",47612,1,remoto
56,2024-05-08,CDMX,ML Engineer,"Python, AWS",45546,1,híbrido
57,2024-03-03,Puebla,Frontend,"Docker, JavaScript",44478,3,presencial
58,2024-04-26,Querétaro,ML Engineer,"AWS, Pandas, SQL",57039,4,remoto
59,2024-03-08,CDMX,DevOps,"Python, AWS, Docker",29719,3,remoto
60,2024-02-08,Puebla,Data Engineer,"Python, AWS, Airflow",36341,1,remoto
61,2024-01-09,CDMX,Frontend,"JavaScript, Docker",44404,3,híbrido
62,2024-02-25,CDMX,DevOps,"Python, Docker",46978,3,remoto
63,2024-02-04,Querétaro,Frontend,"Docker, JavaScript",37541,1,remoto
64,2024-05-21,Querétaro,ML Engineer,"SQL, Pandas, AWS",46725,1,híbrido
65,2024-05-02,MTY,Frontend,"Docker, JavaScript",43601,1,híbrido
66,2024-06-01,CDMX,Frontend,"JavaScript, Docker",15000,1,híbrido
67,2024-02-01,GDL,Frontend,"Docker, JavaScript",43058,2,remoto
68,2024-05-16,MTY,Frontend,"JavaScript, Docker",38394,3,remoto
69,2024-04-17,Querétaro,DevOps,"Docker, Python, AWS",51661,3,remoto
70,2024-02-25,CDMX,Backend,"AWS, Docker, Java",54180,1,remoto
71,2024-05-01,GDL,ML Engineer,"Pandas, SQL, Python, AWS",66215,3,híbrido
72,2024-01-19,Querétaro,Data Engineer,"Python, SQL, Airflow, AWS",44512,1,remoto
73,2024-01-19,CDMX,DevOps,"Python, Docker, AWS",55931,2,híbrido
74,2024-04-15,MTY,DevOps,"Docker, AWS, Python",53729,3,remoto
75,2024-06-18,GDL,Backend,"Java, AWS, Python, Docker",31106,2,remoto
76,2024-03-08,MTY,ML Engineer,"SQL, AWS, Pandas, Python",52245,2,presencial
77,2024-06-15,CDMX,Data Analyst,"Power BI, Python, Tableau",34699,2,remoto
78,2024-06-13,GDL,DevOps,"AWS, Python",61507,3,remoto
79,2024-05-04,Querétaro,ML Engineer,"Python, SQL",55721,4,remoto
80,2024-04-22,MTY,Backend,"Docker, Java, Python",61598,2,remoto
81,2024-01-25,GDL,DevOps,"Python, AWS, Docker",33342,4,híbrido
82,2024-05-20,CDMX,Data Engineer,"Airflow, SQL",42940,4,híbrido
83,2024-06-10,MTY,ML Engineer,"AWS, Pandas, Python, SQL",55636,5,remoto
84,2024-06-18,CDMX,ML Engineer,"Python, SQL, Pandas",54578,3,híbrido
85,2024-02-16,GDL,Backend,"AWS, Java, Python, Docker",48995,4,presencial
86,2024-02-01,GDL,ML Engineer,"Python, SQL",62104,1,híbrido
87,2024-05-24,CDMX,Data Analyst,"SQL, Power BI, Python",46538,1,presencial
88,2024-02-21,CDMX,Backend,"Docker, Python, Java, AWS",40807,1,remoto
89,2024-01-16,MTY,Frontend,"Docker, JavaScript",40343,3,remoto
90,2024-03-19,CDMX,ML Engineer,"AWS, Pandas",57931,5,híbrido
91,2024-01-17,CDMX,Frontend,"JavaScript, Docker",29158,3,presencial
92,2024-01-06,MTY,ML Engineer,"Python, AWS, Pandas",53915,1,híbrido
93,2024-02-27,Querétaro,Frontend,"JavaScript, Docker",20315,1,híbrido
94,2024-04-03,CDMX,Frontend,"JavaScript, Docker",53113,1,híbrido
95,2024-04-25,CDMX,Data Analyst,"Python, Tableau, SQL",31193,1,presencial
96,2024-01-21,MTY,DevOps,"Python, AWS",51645,1,híbrido
97,2024-05-01,Querétaro,Frontend,"JavaScript, Docker",29058,1,remoto
98,2024-06-20,GDL,Frontend,"Docker, JavaScript",41581,1,híbrido
99,2024-01-13,MTY,Frontend,"JavaScript, Docker",23001,3,presencial
100,2024-06-07,CDMX,Frontend,"Docker, JavaScript",43797,2,híbrido
101,2024-03-20,GDL,ML Engineer,"SQL, Python, AWS",34028,2,remoto
102,2024-05-12,Querétaro,Data Engineer,"AWS, SQL",44270,3,presencial
103,2024-02-27,Querétaro,Data Analyst,"SQL, Tableau, Power BI",34612,1,híbrido
104,2024-01-12,Puebla,DevOps,"AWS, Python, Docker",44258,1,híbrido
105,2024-02-19,MTY,ML Engineer,"SQL, Pandas, Python",67857,4,híbrido
106,2024-03-01,CDMX,Backend,"AWS, Python, Java, Docker",49673,5,híbrido
107,2024-05-19,MTY,Data Engineer,"AWS, Python",44079,5,remoto
108,2024-04-21,GDL,Data Engineer,"AWS, SQL, Airflow, Python",45191,2,híbrido
109,2024-02-18,MTY,Backend,"Docker, AWS",58538,1,presencial
110,2024-03-13,CDMX,DevOps,"Python, AWS, Docker",74844,1,presencial
111,2024-03-03,GDL,DevOps,"AWS, Docker",55145,2,remoto
112,2024-05-05,MTY,Data Engineer,"SQL, Airflow, AWS, Python",51659,2,remoto
113,2024-04-04,Puebla,Backend,"Python, Docker, AWS",45590,2,híbrido
114,2024-03-27,CDMX,Data Engineer,"AWS, Airflow, SQL, Python",41222,2,remoto
115,2024-02-18,Puebla,Data Engineer,"SQL, AWS, Airflow, Python",26739,2,híbrido
116,2024-04-05,MTY,Frontend,"JavaScript, Docker",23851,3,remoto
117,2024-06-02,CDMX,ML Engineer,"SQL, AWS, Pandas",43687,2,híbrido
118,2024-04-18,CDMX,Frontend,"JavaScript, Docker",27353,1,híbrido
119,2024-01-04,CDMX,DevOps,"Python, AWS",43499,1,híbrido
120,2024-03-02,CDMX,Data Analyst,"SQL, Tableau, Python, Power BI",22348,3,remoto
121,2024-05-26,Querétaro,Frontend,"Docker, JavaScript",37815,3,remoto
122,2024-01-23,Querétaro,Backend,"Docker, AWS, Python, Java",34043,1,híbrido
123,2024-04-25,MTY,Frontend,"Docker, JavaScript",20376,2,remoto
124,2024-06-20,Querétaro,DevOps,"Docker, AWS",48996,2,presencial
125,2024-06-19,MTY,ML Engineer,"Pandas, Python, SQL, AWS",56044,4,presencial
126,2024-05-04,CDMX,Data Engineer,"SQL, AWS, Airflow",60584,5,remoto
127,2024-05-10,CDMX,Data Engineer,"SQL, Airflow",52847,2,presencial
128,2024-04-06,Puebla,ML Engineer,"Pandas, SQL",60280,5,remoto
129,2024-06-18,CDMX,ML Engineer,"Pandas, SQL, AWS, Python",54052,2,híbrido
130,2024-06-12,GDL,ML Engineer,"SQL, AWS, Pandas",56749,4,presencial
131,2024-03-22,CDMX,DevOps,"Python, Docker",41917,2,remoto
132,2024-05-26,Puebla,DevOps,"Docker, Python",44932,2,remoto
133,2024-05-15,CDMX,Data Engineer,"Airflow, AWS, SQL, Python",40958,2,presencial
134,2024-05-03,CDMX,ML Engineer,"Python, AWS, Pandas",62274,3,híbrido
135,2024-05-14,GDL,Backend,"AWS, Docker",51120,4,híbrido
136,2024-04-18,Puebla,Data Analyst,"Tableau, Power BI, SQL, Python",26490,3,remoto
137,2024-04-05,Querétaro,ML Engineer,"Python, Pandas, SQL, AWS",68242,2,híbrido
138,2024-04-12,CDMX,Frontend,"Docker, JavaScript",43161,1,híbrido
139,2024-02-12,GDL,Frontend,"JavaScript, Docker",44190,1,remoto
140,2024-05-01,CDMX,Data Engineer,"AWS, SQL",40141,2,híbrido
141,2024-01-16,Querétaro,Frontend,"Docker, JavaScript",27494,1,remoto
142,2024-02-22,CDMX,Backend,"Docker, Java, AWS, Python",60435,1,híbrido
143,2024-05-23,MTY,Backend,"Python, AWS",61465,1,remoto
144,2024-05-12,GDL,Frontend,"JavaScript, Docker",47560,3,híbrido
145,2024-01-04,MTY,Data Engineer,"Airflow, AWS, Python",62782,2,híbrido
146,2024-02-05,Puebla,Data Engineer,"Python, Airflow, SQL",63418,3,híbrido
147,2024-03-20,CDMX,DevOps,"Docker, AWS",38547,1,híbrido
148,2024-05-09,CDMX,Backend,"Java, AWS",42461,2,presencial
149,2024-05-09,MTY,Frontend,"Docker, JavaScript",37339,3,híbrido
150,2024-06-17,GDL,Backend,"AWS, Docker, Java, Python",53571,2,híbrido
151,2024-02-08,CDMX,Data Analyst,"Python, SQL, Tableau",59385,3,remoto
152,2024-04-04,Querétaro,Backend,"Docker, Python, AWS, Java",48461,2,remoto
153,2024-03-02,GDL,DevOps,"Docker, AWS, Python",51204,1,híbrido
154,2024-06-22,GDL,Backend,"Python, Java",45779,3,híbrido
155,2024-03-02,CDMX,Data Engineer,"Python, SQL, Airflow, AWS",37397,2,híbrido
156,2024-06-11,CDMX,Data Analyst,"Tableau, Python, Power BI, SQL",22119,5,híbrido
157,2024-01-06,GDL,Data Analyst,"Python, Tableau, Power BI, SQL",36220,4,remoto
158,2024-04-25,CDMX,ML Engineer,"Pandas, Python",55159,1,híbrido
159,2024-01-21,GDL,Backend,"Python, Java, Docker",50585,1,presencial
160,2024-02-07,GDL,Frontend,"JavaScript, Docker",34125,5,remoto
161,2024-01-11,GDL,DevOps,"Python, Docker, AWS",46747,4,híbrido
162,2024-02-14,MTY,DevOps,"Python, AWS, Docker",30980,3,remoto
163,2024-04-08,CDMX,Data Analyst,"Tableau, Python, Power BI, SQL",29304,3,híbrido
164,2024-01-05,MTY,Data Engineer,"SQL, Airflow, AWS",51079,4,presencial
165,2024-04-13,MTY,Frontend,"Docker, JavaScript",30648,1,híbrido
166,2024-05-18,MTY,ML Engineer,"Pandas, Python",66835,4,híbrido
167,2024-05-08,GDL,Backend,"Python, Java",32190,4,remoto
168,2024-02-03,Puebla,Backend,"Python, Java",41683,1,presencial
169,2024-05-11,MTY,Frontend,"Docker, JavaScript",30462,2,remoto
170,2024-03-22,GDL,Frontend,"Docker, JavaScript",31773,2,remoto
171,2024-01-16,CDMX,ML Engineer,"SQL, Pandas, AWS",57757,2,híbrido
172,2024-03-05,CDMX,Data Engineer,"Python, Airflow",42989,3,presencial
173,2024-02-08,MTY,Data Analyst,"Python, SQL, Tableau, Power BI",28576,3,remoto
174,2024-02-27,Querétaro,Frontend,"Docker, JavaScript",35602,4,híbrido
175,2024-02-27,GDL,ML Engineer,"Pandas, SQL",60437,2,híbrido
176,2024-04-16,Puebla,DevOps,"Python, Docker",53710,1,remoto
177,2024-06-23,MTY,Frontend,"Docker, JavaScript",32899,3,híbrido
178,2024-06-19,MTY,Backend,"Python, AWS, Java",53089,2,híbrido
179,2024-04-26,MTY,ML Engineer,"Python, SQL",43160,1,remoto
180,2024-05-22,Querétaro,Backend,"AWS, Docker, Python",62425,1,híbrido
181,2024-05-01,Querétaro,Data Analyst,"Power BI, Python",47455,2,híbrido
182,2024-01-23,Puebla,Backend,"Docker, AWS",52759,2,remoto
183,2024-05-04,CDMX,Backend,"Java, AWS, Python",56341,1,remoto
184,2024-05-21,Querétaro,Frontend,"Docker, JavaScript",22408,1,híbrido
185,2024-02-09,Puebla,DevOps,"Docker, AWS, Python",63117,2,presencial
186,2024-06-14,CDMX,Backend,"Java, AWS, Docker, Python",26081,1,remoto
187,2024-03-25,CDMX,ML Engineer,"AWS, SQL",58844,4,remoto
188,2024-06-04,CDMX,Frontend,"Docker, JavaScript",47454,1,híbrido
189,2024-03-04,CDMX,DevOps,"Python, Docker, AWS",52100,1,remoto
190,2024-05-23,MTY,Data Analyst,"Tableau, SQL, Python, Power BI",37744,1,presencial
191,2024-04-22,GDL,Frontend,"Docker, JavaScript",51812,5,remoto
192,2024-04-21,MTY,ML Engineer,"Python, SQL",62090,1,híbrido
193,2024-03-11,CDMX,Data Engineer,"AWS, Python",55286,3,remoto
194,2024-06-27,MTY,DevOps,"Python, AWS, Docker",61271,2,híbrido
195,2024-04-12,Puebla,Backend,"Docker, Java",47486,3,presencial
196,2024-01-27,MTY,Backend,"Docker, Java, Python, AWS",45953,2,presencial
197,2024-06-14,CDMX,DevOps,"Python, Docker",61226,4,presencial
198,2024-06-15,CDMX,Frontend,"JavaScript, Docker",50019,1,remoto
199,2024-06-26,CDMX,Data Analyst,"SQL, Tableau, Python",19771,3,presencial
200,2024-03-10,Querétaro,Frontend,"Docker, JavaScript",47825,2,remoto
201,2024-02-07,GDL,Frontend,"Docker, JavaScript",30703,5,presencial
202,2024-02-15,MTY,Frontend,"JavaScript, Docker",43862,3,remoto
203,2024-04-04,CDMX,Data Analyst,"Power BI, SQL, Python, Tableau",52184,4,presencial
204,2024-02-26,CDMX,Backend,"Java, AWS",23504,3,híbrido
205,2024-06-11,Querétaro,ML Engineer,"AWS, Pandas, SQL, Python",37121,5,remoto
206,2024-04-02,Querétaro,DevOps,"AWS, Python",42799,2,híbrido
207,2024-06-13,GDL,DevOps,"Docker, Python, AWS",55020,2,presencial
208,2024-01-05,CDMX,Backend,"AWS, Python",49012,2,remoto
209,2024-04-01,GDL,Data Engineer,"Python, SQL, AWS, Airflow",35742,1,remoto
210,2024-03-12,GDL,DevOps,"Docker, AWS, Python",42542,2,presencial
211,2024-05-26,GDL,Frontend,"JavaScript, Docker",32939,1,remoto
212,2024-04-10,MTY,Data Analyst,"Tableau, SQL, Power BI, Python",36579,1,híbrido
213,2024-06-25,Puebla,ML Engineer,"Python, AWS, Pandas",60598,5,híbrido
214,2024-06-20,CDMX,Backend,"Python, Java, Docker",48325,1,presencial
215,2024-06-05,MTY,Data Analyst,"Power BI, Python",43665,2,híbrido
216,2024-01-21,Puebla,Data Analyst,"Tableau, Power BI, Python",41779,1,presencial
217,2024-04-16,MTY,Frontend,"Docker, JavaScript",31598,1,híbrido
218,2024-05-12,Querétaro,DevOps,"Docker, AWS, Python",41706,5,híbrido
219,2024-01-27,Puebla,ML Engineer,"Pandas, SQL",53511,2,híbrido
220,2024-06-22,GDL,Frontend,"Docker, JavaScript",26004,2,híbrido
221,2024-01-16,CDMX,Frontend,"Docker, JavaScript",43888,1,presencial
222,2024-01-18,MTY,Backend,"Python, Java, Docker",50981,1,presencial
223,2024-05-04,Querétaro,DevOps,"Docker, Python, AWS",58597,5,híbrido
224,2024-02-19,CDMX,Data Engineer,"SQL, AWS, Python, Airflow",43888,1,híbrido
225,2024-05-04,CDMX,Data Analyst,"Python, Tableau, Power BI",40191,3,presencial
226,2024-04-08,Querétaro,Data Engineer,"AWS, Python, Airflow, SQL",60508,5,híbrido
227,2024-03-14,CDMX,DevOps,"Docker, Python, AWS",47944,5,presencial
228,2024-02-17,CDMX,Frontend,"JavaScript, Docker",32807,1,híbrido
229,2024-04-13,CDMX,Data Engineer,"Airflow, SQL, Python",65428,5,híbrido
230,2024-03-09,CDMX,ML Engineer,"AWS, SQL",45547,1,híbrido
231,2024-04-16,MTY,Frontend,"Docker, JavaScript",35414,1,remoto
232,2024-04-08,Puebla,Backend,"AWS, Python",29470,2,remoto
233,2024-03-06,CDMX,ML Engineer,"Pandas, Python, SQL, AWS",54414,1,remoto
234,2024-05-07,CDMX,Data Engineer,"SQL, AWS, Airflow, Python",40297,2,remoto
235,2024-06-07,Querétaro,Data Analyst,"SQL, Python, Power BI, Tableau",39910,1,híbrido
236,2024-02-22,GDL,DevOps,"Docker, AWS, Python",44786,1,híbrido
237,2024-02-07,MTY,Backend,"AWS, Python, Java, Docker",40039,3,remoto
238,2024-02-07,GDL,Frontend,"JavaScript, Docker",41071,3,remoto
239,2024-04-14,CDMX,Data Engineer,"Python, AWS, Airflow",62489,3,remoto
240,2024-02-01,MTY,ML Engineer,"SQL, Pandas, AWS",69598,2,remoto
241,2024-01-21,MTY,Data Analyst,"Tableau, SQL, Python, Power BI",42963,2,híbrido
242,2024-04-06,GDL,Backend,"AWS, Python",28332,1,remoto
243,2024-05-16,GDL,Data Analyst,"Tableau, Power BI",24068,2,híbrido
244,2024-01-27,GDL,Data Engineer,"Airflow, SQL",34416,5,presencial
245,2024-02-04,MTY,ML Engineer,"AWS, SQL, Python",56949,1,remoto
246,2024-06-21,GDL,Backend,"AWS, Java",34080,2,híbrido
247,2024-05-25,Puebla,Frontend,"Docker, JavaScript",47415,2,presencial
248,2024-04-13,MTY,DevOps,"AWS, Python, Docker",56467,3,híbrido
249,2024-02-16,Querétaro,Data Engineer,"AWS, Python",56057,3,remoto
250,2024-05-15,CDMX,Data Engineer,"Python, Airflow",40525,5,remoto
251,2024-06-03,CDMX,Backend,"Docker, Python, AWS",43412,1,presencial
252,2024-04-05,CDMX,Data Analyst,"Python, SQL, Tableau",28769,1,remoto
253,2024-02-24,Querétaro,ML Engineer,"Pandas, Python, SQL, AWS",61912,5,híbrido
254,2024-06-11,CDMX,Data Analyst,"Python, SQL, Power BI",23646,2,híbrido
255,2024-02-05,GDL,ML Engineer,"Pandas, AWS, SQL, Python",59022,1,presencial
256,2024-05-12,GDL,DevOps,"Python, Docker, AWS",50680,1,híbrido
257,2024-05-20,CDMX,Data Analyst,"Python, Power BI, SQL",25084,4,híbrido
258,2024-05-18,MTY,Frontend,"JavaScript, Docker",39927,1,remoto
259,2024-06-05,CDMX,Data Analyst,"Python, Tableau, Power BI",37625,1,híbrido
260,2024-01-05,MTY,DevOps,"Python, Docker, AWS",52806,2,remoto
261,2024-05-25,CDMX,Frontend,"JavaScript, Docker",23243,1,híbrido
262,2024-04-15,Puebla,ML Engineer,"AWS, Pandas",59411,3,híbrido
263,2024-03-13,CDMX,Data Analyst,"Power BI, Tableau, SQL",39946,5,remoto
264,2024-02-15,CDMX,ML Engineer,"AWS, Pandas, SQL, Python",61443,4,remoto
265,2024-05-23,GDL,Data Engineer,"AWS, SQL, Airflow, Python",56257,2,híbrido
266,2024-01-12,CDMX,Data Analyst,"Tableau, SQL, Python, Power BI",38351,5,híbrido
267,2024-03-10,MTY,Data Analyst,"Power BI, Tableau, SQL, Python",34705,3,remoto
268,2024-04-24,GDL,Data Analyst,"Python, Power BI, SQL, Tableau",19630,1,presencial
269,2024-02-24,Puebla,Data Engineer,"Python, Airflow, AWS, SQL",44386,5,híbrido
270,2024-02-07,CDMX,Data Engineer,"AWS, SQL, Airflow, Python",47517,2,remoto
271,2024-05-27,CDMX,ML Engineer,"AWS, Python, Pandas",68263,2,híbrido
272,2024-01-26,CDMX,Data Engineer,"Airflow, SQL",48847,3,remoto
273,2024-03-16,MTY,ML Engineer,"Python, AWS, SQL, Pandas",51077,1,híbrido
274,2024-01-25,CDMX,DevOps,"Docker, AWS, Python",47999,4,híbrido
275,2024-01-22,CDMX,DevOps,"AWS, Docker",61177,1,remoto
276,2024-03-02,CDMX,Data Analyst,"Power BI, SQL, Python",39857,5,híbrido
277,2024-04-09,CDMX,Frontend,"JavaScript, Docker",42173,5,remoto
278,2024-04-06,CDMX,DevOps,"Docker, Python, AWS",50329,1,presencial
279,2024-04-20,CDMX,Frontend,"JavaScript, Docker",26989,4,remoto
280,2024-03-11,MTY,ML Engineer,"Pandas, Python, AWS, SQL",42325,3,remoto
281,2024-06-16,CDMX,Backend,"Java, Docker",47647,2,presencial
282,2024-04-20,CDMX,ML Engineer,"SQL, AWS",55016,1,presencial
283,2024-04-16,CDMX,Data Analyst,"Power BI, Python, SQL, Tableau",35243,1,presencial
284,2024-05-24,CDMX,DevOps,"AWS, Python, Docker",41893,5,presencial
285,2024-03-02,MTY,DevOps,"AWS, Docker, Python",45825,3,remoto
286,2024-04-11,CDMX,Data Analyst,"Tableau, Power BI, SQL",29295,4,presencial
287,2024-05-05,MTY,Data Engineer,"Python, SQL",64425,2,híbrido
288,2024-03-13,CDMX,Backend,"AWS, Python",55152,5,remoto
289,2024-01-14,MTY,Frontend,"Docker, JavaScript",47007,2,remoto
290,2024-05-21,MTY,Backend,"Python, Docker, Java, AWS",39240,5,remoto
291,2024-04-07,GDL,DevOps,"Python, Docker, AWS",57340,3,remoto
292,2024-02-08,CDMX,Frontend,"JavaScript, Docker",26023,3,híbrido
293,2024-01-01,GDL,Backend,"Python, Docker, Java, AWS",49771,1,presencial
294,2024-01-09,CDMX,ML Engineer,"Pandas, AWS",65721,4,híbrido
295,2024-02-16,MTY,ML Engineer,"Pandas, Python, AWS, SQL",68198,2,remoto
296,2024-06-26,Querétaro,Backend,"AWS, Docker",37420,3,remoto
297,2024-02-07,CDMX,Backend,"Docker, Python, Java, AWS",52334,5,híbrido
298,2024-02-08,MTY,Frontend,"JavaScript, Docker",57055,1,remoto
299,2024-05-10,Puebla,Data Analyst,"Tableau, Python, SQL",46301,5,remoto
300,2024-04-23,MTY,Data Analyst,"Python, Tableau, Power BI, SQL",25789,2,presencial
301,2024-04-20,CDMX,ML Engineer,"Python, Pandas, SQL, AWS",59074,5,híbrido
302,2024-05-23,CDMX,ML Engineer,"Pandas, Python",54665,5,híbrido
303,2024-02-14,CDMX,Data Analyst,"Python, SQL, Tableau",30800,1,remoto
304,2024-03-05,GDL,Backend,"Docker, Python, Java, AWS",31025,4,híbrido
305,2024-01-05,Querétaro,Backend,"AWS, Java",53402,2,presencial
306,2024-03-03,GDL,Backend,"Docker, Python",45109,1,híbrido
307,2024-06-25,CDMX,Frontend,"JavaScript, Docker",40317,4,presencial
308,2024-04-10,MTY,Data Analyst,"Power BI, Python",32328,1,presencial
309,2024-03-22,GDL,DevOps,"Docker, Python",34790,1,remoto
310,2024-02-01,CDMX,Frontend,"JavaScript, Docker",36531,3,híbrido
311,2024-05-08,MTY,DevOps,"AWS, Docker",54115,5,híbrido
312,2024-05-22,GDL,DevOps,"Python, Docker, AWS",54249,2,híbrido
313,2024-02-09,GDL,Data Engineer,"Python, AWS, SQL, Airflow",42061,5,remoto
314,2024-01-09,CDMX,ML Engineer,"Pandas, AWS, Python",51603,5,híbrido
315,2024-04-01,CDMX,ML Engineer,"Python, AWS, Pandas, SQL",56738,2,remoto
316,2024-04-27,CDMX,Data Analyst,"Python, Tableau, Power BI, SQL",36357,4,presencial
317,2024-01-27,GDL,ML Engineer,"Pandas, Python, AWS",46634,1,híbrido
318,2024-01-20,Querétaro,ML Engineer,"SQL, AWS, Pandas, Python",61337,1,híbrido
319,2024-06-13,CDMX,Frontend,"Docker, JavaScript",39291,2,híbrido
320,2024-03-03,Querétaro,DevOps,"AWS, Docker, Python",58170,1,híbrido
321,2024-01-25,CDMX,DevOps,"AWS, Python",59928,1,híbrido
322,2024-05-15,GDL,Data Engineer,"Airflow, AWS, SQL, Python",43108,1,híbrido
323,2024-02-08,CDMX,ML Engineer,"SQL, Python, Pandas",59118,5,remoto
324,2024-01-04,Querétaro,Frontend,"JavaScript, Docker",42453,1,híbrido
325,2024-04-18,Querétaro,Data Analyst,"Tableau, Python, SQL",37047,4,híbrido
326,2024-03-22,Querétaro,DevOps,"Python, Docker",48323,2,híbrido
327,2024-06-19,CDMX,ML Engineer,"Python, AWS, SQL, Pandas",64605,2,remoto
328,2024-05-26,CDMX,Frontend,"Docker, JavaScript",41912,5,remoto
329,2024-02-12,CDMX,Data Engineer,"AWS, Python, SQL",55907,3,presencial
330,2024-03-07,MTY,Data Analyst,"Tableau, SQL, Python, Power BI",36679,3,híbrido
331,2024-02-05,Querétaro,Data Analyst,"Python, Tableau, Power BI, SQL",32189,3,remoto
332,2024-06-26,CDMX,ML Engineer,"Python, SQL, Pandas",61494,1,presencial
333,2024-03-05,MTY,Data Analyst,"Tableau, Power BI",26719,3,híbrido
334,2024-02-27,CDMX,Data Analyst,"Power BI, SQL",33510,2,remoto
335,2024-02-08,CDMX,ML Engineer,"Python, SQL, Pandas, AWS",70412,4,híbrido
336,2024-05-23,CDMX,Data Analyst,"Python, Tableau, SQL",19075,3,presencial
337,2024-01-04,GDL,Data Analyst,"Tableau, SQL",38087,1,híbrido
338,2024-06-18,CDMX,Backend,"AWS, Docker, Python, Java",30286,1,remoto
339,2024-04-23,GDL,Frontend,"JavaScript, Docker",41260,4,híbrido
340,2024-01-08,MTY,Backend,"Python, Docker, AWS",41701,5,remoto
341,2024-05-13,Querétaro,Data Engineer,"Airflow, Python",50667,2,remoto
342,2024-01-05,CDMX,ML Engineer,"AWS, SQL, Python",53946,3,híbrido
343,2024-04-21,MTY,Backend,"AWS, Python, Java, Docker",30894,3,híbrido
344,2024-04-05,CDMX,Data Analyst,"SQL, Power BI",24702,5,presencial
345,2024-01-07,CDMX,Data Analyst,"Tableau, SQL, Power BI",41468,2,remoto
346,2024-01-26,GDL,ML Engineer,"Python, AWS, SQL, Pandas",50420,1,híbrido
347,2024-04-08,CDMX,ML Engineer,"AWS, SQL",43830,2,remoto
348,2024-04-13,CDMX,Frontend,"Docker, JavaScript",28650,1,híbrido
349,2024-01-23,CDMX,ML Engineer,"SQL, AWS, Python",54385,1,presencial
350,2024-01-05,GDL,Frontend,"Docker, JavaScript",49918,2,remoto
351,2024-04-15,CDMX,Frontend,"Docker, JavaScript",40133,2,presencial
352,2024-03-19,MTY,Data Engineer,"Python, AWS, Airflow, SQL",43871,2,remoto
353,2024-05-18,CDMX,Data Engineer,"AWS, Airflow, Python",39033,2,híbrido
354,2024-05-05,MTY,Frontend,"JavaScript, Docker",29600,3,presencial
355,2024-02-13,CDMX,Backend,"AWS, Python",33213,5,presencial
356,2024-03-08,GDL,Frontend,"JavaScript, Docker",53581,4,remoto
357,2024-01-17,MTY,Data Analyst,"Tableau, Power BI, SQL",43886,1,híbrido
358,2024-04-03,Querétaro,Backend,"Java, Python, AWS",37018,2,híbrido
359,2024-06-15,CDMX,Data Analyst,"Tableau, Power BI",15000,2,remoto
360,2024-01-15,CDMX,DevOps,"AWS, Docker",45164,2,híbrido
361,2024-03-22,MTY,Backend,"Java, Python",43212,2,híbrido
362,2024-01-12,Puebla,DevOps,"Docker, Python",38350,2,remoto
363,2024-01-16,Querétaro,Backend,"Python, Docker",48113,1,presencial
364,2024-03-25,CDMX,Backend,"Python, Java, AWS, Docker",66813,3,remoto
365,2024-06-05,GDL,DevOps,"AWS, Python, Docker",44470,2,remoto
366,2024-01-02,CDMX,Data Engineer,"Python, Airflow",43715,3,híbrido
367,2024-06-20,Querétaro,Frontend,"JavaScript, Docker",34591,2,híbrido
368,2024-03-17,CDMX,Frontend,"JavaScript, Docker",29056,1,híbrido
369,2024-04-09,Puebla,Data Engineer,"SQL, Python",37435,5,remoto
370,2024-01-22,CDMX,Data Analyst,"Power BI, Python",32839,2,remoto
371,2024-06-19,GDL,Frontend,"JavaScript, Docker",40122,1,remoto
372,2024-05-25,GDL,DevOps,"Docker, AWS",28389,2,presencial
373,2024-05-08,CDMX,Backend,"Docker, Java",44007,5,remoto
374,2024-05-26,CDMX,Backend,"Java, AWS",47684,3,remoto
375,2024-02-23,MTY,ML Engineer,"AWS, Python",48647,2,híbrido
376,2024-05-02,MTY,Data Analyst,"Power BI, Tableau, Python",50926,3,híbrido
377,2024-01-10,CDMX,DevOps,"Python, Docker",44656,5,presencial
378,2024-03-19,GDL,Data Analyst,"SQL, Python, Tableau",15781,2,remoto
379,2024-04-24,MTY,Frontend,"Docker, JavaScript",51994,1,remoto
380,2024-03-26,GDL,Data Analyst,"Tableau, Power BI, Python, SQL",18934,1,híbrido
381,2024-04-24,CDMX,Backend,"Docker, Python, Java",53451,4,presencial
382,2024-05-11,MTY,Backend,"AWS, Java",39867,5,híbrido
383,2024-06-08,CDMX,Data Analyst,"Python, SQL, Power BI, Tableau",25597,2,híbrido
384,2024-04-04,GDL,DevOps,"Docker, AWS",42019,2,presencial
385,2024-01-25,MTY,Data Engineer,"Python, SQL",43797,1,híbrido
386,2024-01-08,GDL,Data Analyst,"SQL, Python, Tableau",38745,5,remoto
387,2024-05-04,MTY,Data Engineer,"AWS, Python, SQL, Airflow",66384,2,remoto
388,2024-06-09,Puebla,Frontend,"JavaScript, Docker",32738,3,presencial
389,2024-03-17,CDMX,DevOps,"Docker, Python, AWS",37848,2,remoto
390,2024-02-12,CDMX,Data Analyst,"SQL, Tableau, Power BI",31894,2,remoto
391,2024-05-10,CDMX,DevOps,"Docker, Python, AWS",49367,3,híbrido
392,2024-02-23,GDL,Data Engineer,"SQL, AWS",53564,1,remoto
393,2024-04-26,GDL,Frontend,"JavaScript, Docker",48371,4,remoto
394,2024-02-14,Puebla,Data Engineer,"Airflow, Python, AWS, SQL",43028,4,híbrido
395,2024-03-21,GDL,Data Analyst,"Power BI, SQL",30315,3,híbrido
396,2024-02-10,CDMX,ML Engineer,"Pandas, AWS, Python, SQL",53612,5,presencial
397,2024-06-20,CDMX,Frontend,"Docker, JavaScript",29782,3,híbrido
398,2024-03-24,Puebla,Frontend,"JavaScript, Docker",29204,4,presencial
399,2024-03-25,GDL,DevOps,"Docker, AWS",74290,1,remoto
400,2024-02-24,MTY,Backend,"Docker, AWS",50437,2,híbrido
401,2024-06-04,MTY,Backend,"Docker, Java",45697,1,remoto
402,2024-02-26,CDMX,Backend,"Java, AWS, Docker, Python",64199,2,remoto
403,2024-02-11,MTY,Backend,"AWS, Docker, Java, Python",47504,2,remoto
404,2024-03-09,CDMX,Backend,"Python, Docker, AWS",61006,1,remoto
405,2024-03-12,Querétaro,Frontend,"JavaScript, Docker",47825,4,presencial
406,2024-01-13,GDL,Frontend,"JavaScript, Docker",42221,1,remoto
407,2024-02-01,CDMX,Data Analyst,"SQL, Tableau, Python",17362,5,presencial
408,2024-05-06,GDL,ML Engineer,"SQL, AWS, Python",47972,5,híbrido
409,2024-03-17,CDMX,Frontend,"JavaScript, Docker",54954,1,remoto
410,2024-05-22,Querétaro,Frontend,"Docker, JavaScript",45897,2,híbrido
411,2024-01-27,GDL,DevOps,"AWS, Docker, Python",47814,2,híbrido
412,2024-02-26,CDMX,Data Analyst,"Tableau, Power BI, SQL",26017,3,híbrido
413,2024-04-24,CDMX,DevOps,"Docker, AWS, Python",29106,3,híbrido
414,2024-04-17,CDMX,ML Engineer,"AWS, SQL",47239,4,híbrido
415,2024-01-16,MTY,Data Analyst,"Power BI, Tableau, Python",28863,3,remoto
416,2024-02-26,Puebla,Data Engineer,"Airflow, SQL, AWS",45887,2,remoto
417,2024-01-02,CDMX,ML Engineer,"Pandas, AWS",49281,5,híbrido
418,2024-06-21,MTY,Data Analyst,"Power BI, SQL, Tableau",21900,1,remoto
419,2024-06-25,Querétaro,Backend,"AWS, Docker, Python",46282,1,remoto
420,2024-02-12,Puebla,DevOps,"AWS, Python",52709,5,híbrido
421,2024-04-11,CDMX,Data Analyst,"SQL, Tableau",48309,1,remoto
422,2024-04-05,GDL,Data Analyst,"Python, SQL, Tableau",16981,1,híbrido
423,2024-01-09,CDMX,Data Engineer,"SQL, Airflow",55507,3,remoto
424,2024-02-26,CDMX,Frontend,"JavaScript, Docker",47490,3,híbrido
425,2024-03-06,MTY,ML Engineer,"SQL, Pandas, AWS, Python",72111,4,remoto
426,2024-05-27,MTY,Frontend,"JavaScript, Docker",33557,1,remoto
427,2024-05-03,MTY,Backend,"Python, Java, AWS",35625,1,híbrido
428,2024-01-04,GDL,Backend,"Docker, Java, AWS, Python",42596,4,remoto
429,2024-03-26,Puebla,Backend,"Java, Python, AWS",35784,1,remoto
430,2024-01-26,CDMX,Data Analyst,"Power BI, Python, SQL",20408,2,híbrido
431,2024-05-01,CDMX,Backend,"AWS, Java",56510,5,presencial
432,2024-03-04,MTY,Backend,"AWS, Docker, Python, Java",42471,5,híbrido
433,2024-06-14,CDMX,Data Analyst,"Tableau, Python",43013,1,presencial
434,2024-02-09,Querétaro,ML Engineer,"Python, Pandas, SQL",54161,2,remoto
435,2024-01-26,CDMX,DevOps,"Docker, Python",50476,1,híbrido
436,2024-03-09,GDL,Data Engineer,"Python, Airflow",43579,1,remoto
437,2024-01-15,MTY,Frontend,"Docker, JavaScript",39300,2,remoto
438,2024-06-26,GDL,DevOps,"Python, Docker, AWS",58803,3,remoto
439,2024-04-17,CDMX,Data Engineer,"AWS, Airflow, SQL",25274,1,híbrido
440,2024-06-16,GDL,Frontend,"JavaScript, Docker",34032,1,remoto
441,2024-04-26,GDL,ML Engineer,"SQL, AWS, Python, Pandas",49492,1,híbrido
442,2024-02-24,CDMX,ML Engineer,"Python, Pandas, SQL",43849,3,híbrido
443,2024-04-05,CDMX,ML Engineer,"Python, SQL, Pandas, AWS",36995,3,remoto
444,2024-04-25,GDL,Frontend,"Docker, JavaScript",27338,3,remoto
445,2024-03-23,MTY,Data Engineer,"Airflow, AWS, SQL, Python",56032,2,presencial
446,2024-03-15,GDL,ML Engineer,"Python, AWS, Pandas, SQL",46210,2,remoto
447,2024-04-19,GDL,Frontend,"Docker, JavaScript",34930,1,remoto
448,2024-02-24,Puebla,Data Engineer,"SQL, Airflow, Python, AWS",47480,3,híbrido
449,2024-05-26,CDMX,DevOps,"Docker, Python, AWS",35713,2,remoto
450,2024-02-20,GDL,Backend,"Docker, Java",42097,3,remoto
451,2024-04-24,GDL,DevOps,"Python, Docker, AWS",32747,1,híbrido
452,2024-06-21,MTY,ML Engineer,"AWS, SQL",47853,2,presencial
453,2024-05-04,MTY,Backend,"Python, AWS, Java",61464,2,híbrido
454,2024-02-26,GDL,Frontend,"Docker, JavaScript",46218,2,híbrido
455,2024-04-19,MTY,Frontend,"JavaScript, Docker",56480,2,híbrido
456,2024-02-17,Querétaro,ML Engineer,"Pandas, Python",71014,2,híbrido
457,2024-04-15,GDL,DevOps,"AWS, Docker",62172,2,híbrido
458,2024-06-13,CDMX,ML Engineer,"AWS, Python",35779,2,presencial
459,2024-02-18,MTY,ML Engineer,"AWS, SQL, Python",63918,1,híbrido
460,2024-06-15,GDL,Frontend,"JavaScript, Docker",15271,1,híbrido
461,2024-05-23,Puebla,Data Engineer,"Airflow, SQL, AWS",45327,2,remoto
462,2024-03-13,GDL,Data Analyst,"Tableau, SQL, Python, Power BI",24869,1,híbrido
463,2024-06-24,Querétaro,DevOps,"Docker, AWS",52190,3,híbrido
464,2024-03-04,GDL,ML Engineer,"Pandas, AWS",61060,2,híbrido
465,2024-01-17,CDMX,Data Engineer,"Python, SQL",42701,1,presencial
466,2024-06-14,GDL,ML Engineer,"Python, Pandas",43151,1,híbrido
467,2024-04-12,GDL,DevOps,"Python, AWS, Docker",65330,3,remoto
468,2024-06-27,CDMX,Frontend,"JavaScript, Docker",38894,4,remoto
469,2024-06-19,CDMX,ML Engineer,"Pandas, SQL, Python",71679,4,remoto
470,2024-03-23,MTY,ML Engineer,"SQL, AWS, Pandas",41401,2,remoto
471,2024-01-20,Puebla,Data Engineer,"AWS, Airflow, Python",33786,1,remoto
472,2024-02-09,Querétaro,ML Engineer,"Pandas, SQL, AWS, Python",34667,4,presencial
473,2024-02-26,MTY,Data Analyst,"Python, SQL, Power BI, Tableau",27392,2,presencial
474,2024-02-23,GDL,Data Engineer,"Airflow, Python, SQL",30398,3,presencial
475,2024-02-08,GDL,Data Analyst,"SQL, Power BI",32095,5,remoto
476,2024-01-22,Querétaro,Backend,"Docker, AWS",61803,5,presencial
477,2024-03-24,CDMX,Data Engineer,"AWS, Python, Airflow",54428,2,híbrido
478,2024-02-20,MTY,Data Analyst,"Power BI, SQL, Python",28622,4,remoto
479,2024-06-27,GDL,Frontend,"Docker, JavaScript",36782,1,híbrido
480,2024-03-23,GDL,Data Engineer,"Python, Airflow",53741,1,híbrido
481,2024-04-16,CDMX,Backend,"Python, Java, Docker, AWS",33874,4,remoto
482,2024-01-09,GDL,DevOps,"Docker, AWS",72946,1,híbrido
483,2024-06-21,Puebla,Data Engineer,"Airflow, SQL, Python, AWS",38265,5,presencial
484,2024-01-05,GDL,Frontend,"JavaScript, Docker",38794,2,remoto
485,2024-03-11,CDMX,Backend,"Docker, Java, Python, AWS",48871,2,presencial
486,2024-03-20,CDMX,Data Analyst,"SQL, Python, Power BI",42170,4,híbrido
487,2024-04-08,GDL,ML Engineer,"SQL, AWS, Pandas",68629,1,presencial
488,2024-03-26,CDMX,Data Engineer,"Airflow, AWS, SQL, Python",49775,2,remoto
489,2024-02-12,CDMX,Data Engineer,"AWS, Airflow, Python",40047,1,híbrido
490,2024-06-14,Puebla,Data Engineer,"Airflow, Python, SQL, AWS",60112,2,remoto
491,2024-04-05,GDL,Backend,"Java, AWS, Docker, Python",50385,4,remoto
492,2024-01-01,MTY,Data Analyst,"Power BI, SQL, Tableau, Python",48644,3,remoto
493,2024-03-23,CDMX,Backend,"Java, Python, AWS, Docker",53284,3,remoto
494,2024-02-09,Querétaro,DevOps,"Python, Docker, AWS",45812,2,remoto
495,2024-01-18,CDMX,Data Engineer,"SQL, AWS, Airflow",48831,2,remoto
496,2024-01-26,Puebla,DevOps,"Docker, Python",42042,2,remoto
497,2024-03-21,CDMX,Backend,"AWS, Docker",46936,3,híbrido
498,2024-05-16,Querétaro,Backend,"Java, Docker, AWS, Python",47583,2,remoto
499,2024-01-25,MTY,Data Engineer,"SQL, Airflow, AWS, Python",45865,1,remoto
500,2024-05-27,MTY,ML Engineer,"AWS, Pandas",28408,3,híbrido
501,2024-04-16,CDMX,Frontend,"JavaScript, Docker",36539,1,remoto
502,2024-01-05,CDMX,DevOps,"Python, Docker",48553,5,híbrido
503,2024-03-11,GDL,ML Engineer,"Python, Pandas, AWS",75608,1,presencial
504,2024-03-23,CDMX,DevOps,"Python, Docker",67469,2,híbrido
505,2024-04-22,Querétaro,Data Analyst,"SQL, Power BI",28099,1,híbrido
506,2024-05-19,MTY,Backend,"Java, Python, AWS",36796,3,híbrido
507,2024-04-12,MTY,Frontend,"JavaScript, Docker",45210,3,remoto
508,2024-01-07,Querétaro,DevOps,"Docker, AWS",65015,2,remoto
509,2024-06-16,Querétaro,Backend,"Python, Docker, Java, AWS",32862,2,remoto
510,2024-05-03,MTY,DevOps,"AWS, Docker",54504,4,híbrido
511,2024-04-26,CDMX,Backend,"Python, Java, AWS",64612,3,remoto
512,2024-02-06,MTY,Data Engineer,"SQL, Python",47666,1,remoto
513,2024-04-26,CDMX,Backend,"Python, AWS, Java",52600,2,presencial
514,2024-05-04,CDMX,Data Analyst,"Tableau, Power BI",28577,1,remoto
515,2024-06-27,GDL,DevOps,"Docker, Python, AWS",55885,4,híbrido
516,2024-05-19,GDL,Data Engineer,"SQL, AWS",45878,2,híbrido
517,2024-04-22,CDMX,Data Analyst,"Power BI, Python",48405,1,remoto
518,2024-06-16,GDL,Data Analyst,"Tableau, Python, Power BI",46110,1,remoto
519,2024-06-26,CDMX,ML Engineer,"AWS, SQL, Python",41663,3,híbrido
520,2024-02-07,CDMX,ML Engineer,"Pandas, SQL, AWS, Python",58419,2,híbrido
521,2024-04-24,CDMX,DevOps,"Docker, Python, AWS",49147,1,remoto
522,2024-01-06,CDMX,Backend,"Python, Java",49504,1,híbrido
523,2024-03-17,MTY,Frontend,"JavaScript, Docker",35942,1,remoto
524,2024-03-19,MTY,Backend,"Java, Python",46676,2,híbrido
525,2024-01-11,GDL,Data Engineer,"Airflow, Python, AWS",44779,3,remoto
526,2024-04-01,Querétaro,Frontend,"JavaScript, Docker",24760,2,remoto
527,2024-05-25,CDMX,DevOps,"AWS, Python, Docker",64276,1,híbrido
528,2024-06-21,CDMX,DevOps,"Python, AWS, Docker",51196,2,remoto
529,2024-01-27,CDMX,Backend,"Python, AWS, Java, Docker",44690,2,presencial
530,2024-02-19,Puebla,DevOps,"AWS, Python",55662,1,remoto
531,2024-01-17,CDMX,DevOps,"Docker, AWS, Python",40477,1,híbrido
532,2024-04-24,Querétaro,DevOps,"Docker, Python",63130,2,híbrido
533,2024-01-16,Querétaro,Frontend,"Docker, JavaScript",26558,2,presencial
534,2024-05-15,Puebla,Data Engineer,"SQL, AWS, Airflow, Python",53619,5,híbrido
535,2024-06-11,MTY,Backend,"Java, Docker, AWS, Python",42453,5,híbrido
536,2024-03-14,GDL,Backend,"Docker, AWS, Java",40250,4,remoto
537,2024-05-14,Puebla,DevOps,"Docker, Python, AWS",59875,2,híbrido
538,2024-05-22,MTY,Backend,"Java, AWS",63453,5,presencial
539,2024-02-16,GDL,DevOps,"Python, AWS",52207,3,remoto
540,2024-03-17,Puebla,Data Analyst,"Python, SQL, Tableau, Power BI",33160,2,remoto
541,2024-06-15,Querétaro,Data Engineer,"AWS, Airflow",37921,3,presencial
542,2024-06-19,CDMX,ML Engineer,"Pandas, Python, AWS, SQL",68406,2,presencial
543,2024-04-26,CDMX,Frontend,"Docker, JavaScript",40182,1,híbrido
544,2024-02-27,CDMX,DevOps,"Python, AWS, Docker",63252,2,híbrido
545,2024-02-12,MTY,Data Engineer,"AWS, SQL, Python",44982,4,presencial
546,2024-03-07,GDL,Data Analyst,"Python, Power BI, SQL, Tableau",22779,5,híbrido
547,2024-03-14,Puebla,Data Engineer,"AWS, SQL, Airflow, Python",50537,1,remoto
548,2024-01-06,GDL,Backend,"Docker, Python",41266,2,remoto
549,2024-06-04,CDMX,DevOps,"AWS, Docker",65404,5,híbrido
550,2024-04-14,Puebla,DevOps,"Python, Docker, AWS",28448,1,híbrido
551,2024-06-27,GDL,DevOps,"Python, Docker",46722,1,híbrido
552,2024-03-07,MTY,DevOps,"Docker, Python, AWS",45621,4,presencial
553,2024-01-12,CDMX,Data Engineer,"Airflow, Python, AWS",47188,1,remoto
554,2024-02-17,CDMX,DevOps,"Docker, AWS",47864,1,remoto
555,2024-01-16,MTY,ML Engineer,"AWS, Pandas, SQL",51384,2,remoto
556,2024-01-07,CDMX,Data Engineer,"Python, Airflow",39559,3,híbrido
557,2024-02-22,MTY,Frontend,"JavaScript, Docker",46543,1,presencial
558,2024-03-05,GDL,Data Analyst,"Python, Tableau, SQL",37811,5,presencial
559,2024-06-15,CDMX,Frontend,"JavaScript, Docker",38739,3,híbrido
560,2024-01-19,GDL,Backend,"Docker, AWS, Python, Java",48915,4,remoto
561,2024-01-12,MTY,Frontend,"JavaScript, Docker",42459,3,híbrido
562,2024-02-12,CDMX,Backend,"Java, AWS, Python",43915,4,híbrido
563,2024-01-05,CDMX,Data Engineer,"SQL, AWS",41233,2,remoto
564,2024-03-22,CDMX,Data Analyst,"Power BI, SQL, Python",36626,3,remoto
565,2024-04-11,CDMX,Frontend,"Docker, JavaScript",50501,4,presencial
566,2024-02-06,Querétaro,Data Engineer,"Python, Airflow, AWS",44978,1,remoto
567,2024-06-19,MTY,DevOps,"AWS, Docker, Python",61348,3,remoto
568,2024-04-09,CDMX,DevOps,"Docker, AWS, Python",51986,1,presencial
569,2024-06-08,GDL,Frontend,"JavaScript, Docker",38468,1,híbrido
570,2024-01-16,Puebla,Backend,"Docker, AWS, Java",35398,2,remoto
571,2024-01-19,Puebla,Data Analyst,"Power BI, SQL, Python",18079,5,remoto
572,2024-06-15,MTY,ML Engineer,"AWS, Pandas, SQL, Python",49351,4,híbrido
573,2024-06-09,CDMX,Frontend,"Docker, JavaScript",42163,2,remoto
574,2024-04-24,MTY,Data Analyst,"Tableau, Power BI",34327,4,híbrido
575,2024-03-11,CDMX,Backend,"AWS, Java",49195,3,remoto
576,2024-02-05,CDMX,Data Engineer,"AWS, SQL, Python",31546,5,híbrido
577,2024-02-09,GDL,ML Engineer,"AWS, Pandas, Python",44047,5,remoto
578,2024-06-08,Querétaro,ML Engineer,"Python, Pandas, AWS, SQL",59414,5,remoto
579,2024-03-08,CDMX,Frontend,"Docker, JavaScript",42628,1,remoto
580,2024-02-15,GDL,Data Analyst,"SQL, Python, Power BI",41387,2,híbrido
581,2024-01-07,MTY,Data Engineer,"AWS, SQL, Airflow, Python",74174,2,presencial
582,2024-04-26,GDL,Data Analyst,"Tableau, Python, Power BI, SQL",35532,5,presencial
583,2024-05-10,CDMX,DevOps,"AWS, Docker, Python",63120,5,presencial
584,2024-01-12,CDMX,Backend,"Python, Docker, Java",37370,1,remoto
585,2024-03-17,CDMX,Backend,"Docker, Python, Java, AWS",32990,2,remoto
586,2024-05-20,GDL,Frontend,"JavaScript, Docker",47845,3,híbrido
587,2024-01-23,Puebla,ML Engineer,"Pandas, SQL",73445,2,remoto
588,2024-06-24,CDMX,Frontend,"JavaScript, Docker",48741,4,híbrido
589,2024-03-02,MTY,DevOps,"Python, Docker, AWS",48203,2,remoto
590,2024-01-14,MTY,Data Analyst,"SQL, Python, Tableau, Power BI",29398,2,remoto
591,2024-01-07,CDMX,Frontend,"JavaScript, Docker",23389,2,presencial
592,2024-06-18,CDMX,Data Engineer,"AWS, SQL",33893,3,híbrido
593,2024-06-06,GDL,Data Engineer,"AWS, Python",60784,1,remoto
594,2024-03-03,CDMX,Frontend,"JavaScript, Docker",37041,1,híbrido
595,2024-06-25,Puebla,DevOps,"Python, AWS",41622,2,presencial
596,2024-05-21,CDMX,Frontend,"JavaScript, Docker",38492,2,remoto
597,2024-02-19,GDL,Data Analyst,"Tableau, Power BI, SQL, Python",26843,5,híbrido
598,2024-02-14,CDMX,ML Engineer,"SQL, AWS, Python",44896,1,remoto
599,2024-03-04,MTY,Data Analyst,"Tableau, Python",43375,1,híbrido
600,2024-05-01,Querétaro,DevOps,"Docker, AWS",51066,2,remoto
601,2024-02-25,Querétaro,Data Analyst,"SQL, Tableau",24765,1,remoto
602,2024-01-12,GDL,Data Analyst,"SQL, Power BI",18031,2,presencial
603,2024-01-15,CDMX,Data Analyst,"SQL, Python, Power BI, Tableau",27392,1,híbrido
604,2024-06-03,GDL,Frontend,"Docker, JavaScript",46107,4,presencial
605,2024-05-19,CDMX,DevOps,"Python, AWS",31437,4,híbrido
606,2024-01-18,GDL,ML Engineer,"Pandas, Python",59140,3,presencial
607,2024-04-13,GDL,Backend,"AWS, Python, Java, Docker",38254,3,remoto
608,2024-06-04,GDL,ML Engineer,"Pandas, SQL",54464,5,híbrido
609,2024-04-15,CDMX,Backend,"Docker, AWS, Python, Java",42373,3,híbrido
610,2024-01-14,GDL,Data Analyst,"Tableau, Power BI",29237,5,presencial
611,2024-03-21,CDMX,Frontend,"Docker, JavaScript",46688,2,presencial
612,2024-06-16,GDL,Backend,"AWS, Python, Java",65392,1,remoto
613,2024-06-12,GDL,Data Analyst,"Python, Tableau, Power BI",38943,1,remoto
614,2024-04-10,GDL,ML Engineer,"AWS, Python",68186,1,híbrido
615,2024-03-17,Querétaro,DevOps,"AWS, Docker, Python",40606,2,remoto
616,2024-06-11,MTY,ML Engineer,"SQL, Python, AWS",55736,1,híbrido
617,2024-05-10,GDL,Data Engineer,"Python, Airflow, AWS",46779,2,remoto
618,2024-05-02,Puebla,Frontend,"JavaScript, Docker",27727,2,remoto
619,2024-03-24,GDL,Frontend,"Docker, JavaScript",42826,3,híbrido
620,2024-04-15,CDMX,Frontend,"Docker, JavaScript",36104,2,híbrido
621,2024-06-20,MTY,Backend,"Python, Docker, AWS",46815,1,remoto
622,2024-05-22,GDL,ML Engineer,"AWS, Pandas, SQL",48147,3,presencial
623,2024-01-08,CDMX,Frontend,"JavaScript, Docker",47740,2,remoto
624,2024-04-23,CDMX,Data Engineer,"SQL, Python",48793,3,presencial
625,2024-04-02,GDL,ML Engineer,"SQL, Python",44296,3,presencial
626,2024-05-20,MTY,DevOps,"Python, AWS",63432,4,remoto
627,2024-01-13,CDMX,Data Analyst,"Python, Tableau, Power BI",28799,1,híbrido
628,2024-06-05,MTY,ML Engineer,"SQL, AWS",57635,1,remoto
629,2024-02-07,MTY,Frontend,"JavaScript, Docker",42288,2,remoto
630,2024-01-08,GDL,Frontend,"JavaScript, Docker",37827,2,híbrido
631,2024-04-05,MTY,ML Engineer,"Python, SQL",62705,2,híbrido
632,2024-05-19,MTY,ML Engineer,"AWS, Pandas, Python, SQL",55311,2,híbrido
633,2024-06-21,GDL,Data Analyst,"Tableau, Python",44289,1,presencial
634,2024-05-02,CDMX,ML Engineer,"SQL, AWS, Pandas, Python",34041,3,remoto
635,2024-04-27,CDMX,Data Engineer,"Python, AWS, Airflow",45405,2,presencial
636,2024-03-05,GDL,Backend,"Docker, Python, AWS",33732,1,remoto
637,2024-05-14,Querétaro,ML Engineer,"AWS, Python",47660,2,remoto
638,2024-06-23,Querétaro,Data Engineer,"Python, AWS, Airflow, SQL",55908,2,híbrido
639,2024-04-18,CDMX,Backend,"AWS, Python",41050,3,híbrido
640,2024-04-23,MTY,Data Analyst,"Tableau, SQL, Power BI, Python",39312,1,presencial
641,2024-01-03,CDMX,Frontend,"Docker, JavaScript",34770,2,remoto
642,2024-02-14,CDMX,Backend,"Python, Docker, Java, AWS",42416,1,remoto
643,2024-06-03,CDMX,Data Analyst,"Tableau, Power BI",56387,4,remoto
644,2024-04-12,CDMX,Data Engineer,"AWS, Airflow, Python, SQL",42693,5,híbrido
645,2024-01-13,MTY,Frontend,"Docker, JavaScript",44804,5,remoto
646,2024-01-22,CDMX,Data Engineer,"SQL, AWS, Airflow, Python",33180,1,híbrido
647,2024-01-17,MTY,DevOps,"AWS, Python",59500,2,presencial
648,2024-06-10,MTY,Data Engineer,"Python, AWS, Airflow",35325,5,remoto
649,2024-02-23,CDMX,DevOps,"Docker, AWS, Python",40057,2,remoto
650,2024-05-24,GDL,ML Engineer,"Pandas, Python, AWS",42218,1,presencial
651,2024-02-26,GDL,DevOps,"Docker, Python, AWS",47827,2,híbrido
652,2024-04-18,CDMX,Data Engineer,"Airflow, SQL, Python",47474,5,remoto
653,2024-06-22,Querétaro,Data Analyst,"SQL, Power BI",15000,2,presencial
654,2024-05-09,Puebla,Frontend,"JavaScript, Docker",45424,1,remoto
655,2024-01-02,CDMX,DevOps,"Python, AWS, Docker",50854,2,presencial
656,2024-03-09,CDMX,Data Analyst,"SQL, Tableau, Power BI",40199,3,remoto
657,2024-05-06,MTY,Data Analyst,"Power BI, Tableau, SQL",49111,2,híbrido
658,2024-06-02,CDMX,Data Engineer,"SQL, AWS",50951,2,híbrido
659,2024-01-01,CDMX,ML Engineer,"Python, AWS, SQL",67470,3,híbrido
660,2024-01-25,Querétaro,Data Analyst,"Power BI, SQL, Tableau",49014,3,presencial
661,2024-04-25,GDL,DevOps,"Python, AWS, Docker",43429,2,híbrido
662,2024-04-24,MTY,DevOps,"Docker, Python, AWS",46995,1,remoto
663,2024-03-27,MTY,ML Engineer,"Python, SQL",60635,1,híbrido
664,2024-04-20,MTY,Frontend,"JavaScript, Docker",44546,1,híbrido
665,2024-02-26,MTY,Frontend,"JavaScript, Docker",24664,5,remoto
666,2024-06-09,CDMX,DevOps,"Docker, Python, AWS",46279,5,presencial
667,2024-01-17,CDMX,Data Analyst,"SQL, Python",19824,2,remoto
668,2024-01-16,CDMX,ML Engineer,"Pandas, SQL, AWS, Python",40476,2,presencial
669,2024-04-12,GDL,Frontend,"JavaScript, Docker",26561,2,híbrido
670,2024-06-14,Puebla,Data Engineer,"Python, AWS",41111,3,presencial
671,2024-04-21,MTY,Backend,"Python, AWS",60561,1,híbrido
672,2024-05-05,GDL,ML Engineer,"Pandas, SQL, Python, AWS",59200,1,presencial
673,2024-06-18,GDL,Backend,"AWS, Java, Docker, Python",45840,1,presencial
674,2024-06-10,MTY,ML Engineer,"Python, Pandas, SQL, AWS",45450,2,presencial
675,2024-03-26,GDL,Frontend,"Docker, JavaScript",28565,3,remoto
676,2024-04-18,Querétaro,ML Engineer,"SQL, Python, AWS, Pandas",52009,4,presencial
677,2024-06-07,CDMX,DevOps,"AWS, Python",61316,2,remoto
678,2024-06-27,Querétaro,Data Analyst,"Tableau, SQL, Python",30049,2,remoto
679,2024-02-27,GDL,Backend,"Java, Docker, Python, AWS",55144,3,híbrido
680,2024-02-25,MTY,Data Analyst,"SQL, Tableau, Power BI",41830,1,híbrido
681,2024-04-13,MTY,DevOps,"AWS, Docker",53689,3,híbrido
682,2024-03-07,CDMX,Backend,"Python, AWS",61977,4,híbrido
683,2024-01-12,CDMX,Frontend,"Docker, JavaScript",40753,2,remoto
684,2024-01-11,CDMX,Frontend,"JavaScript, Docker",32186,1,presencial
685,2024-05-11,CDMX,Frontend,"JavaScript, Docker",52104,2,híbrido
686,2024-01-04,MTY,Backend,"Java, Python, AWS, Docker",37740,1,remoto
687,2024-03-12,GDL,ML Engineer,"SQL, Python",56331,4,híbrido
688,2024-06-22,CDMX,Data Engineer,"Python, Airflow, SQL, AWS",33312,4,remoto
689,2024-05-05,MTY,Data Engineer,"AWS, SQL, Python",45606,1,híbrido
690,2024-04-06,GDL,Data Analyst,"SQL, Python, Power BI",36228,1,híbrido
691,2024-06-05,Querétaro,Backend,"Docker, Java",45013,1,híbrido
692,2024-05-05,GDL,ML Engineer,"Pandas, Python, SQL, AWS",69950,4,híbrido
693,2024-03-02,CDMX,DevOps,"AWS, Python, Docker",55284,5,remoto
694,2024-02-19,CDMX,Data Engineer,"SQL, Python, Airflow",40678,4,presencial
695,2024-04-05,CDMX,Frontend,"Docker, JavaScript",40683,5,presencial
696,2024-03-21,MTY,DevOps,"AWS, Python",30195,2,presencial
697,2024-05-12,CDMX,Backend,"AWS, Java, Python",63222,1,remoto
698,2024-01-14,MTY,Backend,"Docker, Python",50473,1,presencial
699,2024-02-01,CDMX,Data Analyst,"Power BI, Python, Tableau",60076,1,híbrido
700,2024-04-12,CDMX,Frontend,"JavaScript, Docker",53477,2,presencial
701,2024-04-12,CDMX,DevOps,"Python, AWS, Docker",47229,2,presencial
702,2024-02-19,GDL,Data Engineer,"SQL, Airflow, Python, AWS",45383,2,presencial
703,2024-03-24,MTY,ML Engineer,"Python, AWS, Pandas, SQL",60471,2,híbrido
704,2024-02-19,GDL,Data Engineer,"Python, AWS, Airflow",42022,1,presencial
705,2024-06-14,MTY,DevOps,"Python, AWS",59269,2,presencial
706,2024-06-06,Querétaro,Backend,"Java, Docker, AWS, Python",50384,1,presencial
707,2024-02-27,CDMX,Frontend,"Docker, JavaScript",34363,2,presencial
708,2024-02-15,Puebla,ML Engineer,"Python, AWS",54421,2,remoto
709,2024-03-20,CDMX,Data Analyst,"Tableau, SQL, Python",35959,3,remoto
710,2024-05-11,Querétaro,Data Analyst,"SQL, Python, Power BI",24411,5,remoto
711,2024-01-14,MTY,Data Engineer,"AWS, SQL, Python, Airflow",44189,1,remoto
712,2024-05-17,Puebla,Backend,"Java, Docker",40066,4,híbrido
713,2024-04-16,MTY,Data Analyst,"Power BI, Tableau, Python, SQL",35205,2,híbrido
714,2024-06-03,CDMX,Backend,"Docker, Python",39376,2,remoto
715,2024-05-22,CDMX,ML Engineer,"AWS, SQL, Pandas",57285,1,remoto
716,2024-02-25,CDMX,Frontend,"Docker, JavaScript",25631,1,remoto
717,2024-02-25,CDMX,Frontend,"Docker, JavaScript",33427,3,remoto
718,2024-01-23,MTY,Frontend,"JavaScript, Docker",44120,2,remoto
719,2024-03-18,GDL,DevOps,"Python, Docker",50850,2,remoto
720,2024-03-23,MTY,Data Engineer,"SQL, Python",67992,1,remoto
721,2024-02-05,Puebla,Data Analyst,"Power BI, Python, Tableau",29541,1,híbrido
722,2024-06-25,Querétaro,Frontend,"JavaScript, Docker",18555,3,remoto
723,2024-06-12,CDMX,ML Engineer,"SQL, Pandas, Python",47008,4,remoto
724,2024-01-25,CDMX,ML Engineer,"Pandas, AWS, SQL",41840,1,híbrido
725,2024-02-12,GDL,Backend,"Python, AWS",54290,2,remoto
726,2024-01-25,Querétaro,Data Engineer,"Python, Airflow",50200,1,híbrido
727,2024-03-19,Querétaro,DevOps,"Docker, Python, AWS",59971,2,presencial
728,2024-05-04,CDMX,Data Analyst,"Power BI, Tableau, SQL",20357,2,presencial
729,2024-04-26,CDMX,Data Analyst,"SQL, Tableau",25946,1,remoto
730,2024-05-22,GDL,Backend,"Java, Python, AWS, Docker",62896,3,híbrido
731,2024-06-17,MTY,Data Engineer,"AWS, SQL",39914,1,híbrido
732,2024-02-04,MTY,ML Engineer,"SQL, Python",63775,5,híbrido
733,2024-06-22,Puebla,Frontend,"Docker, JavaScript",44707,3,híbrido
734,2024-03-12,MTY,Data Engineer,"Python, AWS, SQL, Airflow",26707,3,híbrido
735,2024-05-16,CDMX,Backend,"Java, Docker",41990,2,híbrido
736,2024-04-07,MTY,DevOps,"Python, Docker, AWS",37653,1,remoto
737,2024-04-06,Querétaro,Data Engineer,"Airflow, Python, SQL, AWS",48015,1,presencial
738,2024-02-24,MTY,Data Analyst,"Power BI, SQL",25227,1,híbrido
739,2024-02-20,Querétaro,ML Engineer,"SQL, AWS, Pandas, Python",51268,1,remoto
740,2024-03-25,CDMX,Data Analyst,"Tableau, SQL",39997,5,híbrido
741,2024-01-13,Querétaro,Data Engineer,"Python, Airflow, SQL, AWS",39675,1,híbrido
742,2024-01-19,MTY,ML Engineer,"Pandas, AWS",57791,4,híbrido
743,2024-02-09,CDMX,Data Analyst,"Tableau, SQL, Python, Power BI",38750,1,presencial
744,2024-03-24,MTY,DevOps,"Python, AWS",52656,4,híbrido
745,2024-02-25,Puebla,DevOps,"AWS, Docker, Python",54729,3,híbrido
746,2024-02-14,Puebla,DevOps,"Docker, Python",51566,2,híbrido
747,2024-02-07,CDMX,Data Analyst,"Power BI, Tableau, Python, SQL",31725,4,híbrido
748,2024-02-15,CDMX,Data Engineer,"Python, Airflow, AWS, SQL",58106,4,remoto
749,2024-02-03,CDMX,Data Engineer,"SQL, AWS, Airflow, Python",59433,3,híbrido
750,2024-02-12,MTY,Data Engineer,"Python, AWS, SQL, Airflow",39693,3,presencial
751,2024-02-05,CDMX,DevOps,"Docker, Python",51680,2,híbrido
752,2024-06-10,CDMX,Backend,"Docker, Java, AWS, Python",38014,3,presencial
753,2024-04-18,CDMX,Frontend,"JavaScript, Docker",53950,5,presencial
754,2024-04-25,CDMX,ML Engineer,"AWS, Pandas, Python, SQL",66371,3,presencial
755,2024-02-14,GDL,Backend,"Python, AWS, Docker, Java",46165,4,remoto
756,2024-01-16,MTY,Backend,"Python, Docker, Java",47338,1,híbrido
757,2024-01-10,CDMX,Frontend,"JavaScript, Docker",18185,2,remoto
758,2024-06-26,Querétaro,DevOps,"Docker, AWS",49786,1,remoto
759,2024-05-21,CDMX,Frontend,"JavaScript, Docker",30655,4,remoto
760,2024-02-11,Puebla,Frontend,"Docker, JavaScript",38486,2,híbrido
761,2024-03-14,GDL,Frontend,"JavaScript, Docker",48111,5,híbrido
762,2024-06-23,GDL,ML Engineer,"AWS, Pandas, Python, SQL",38239,1,híbrido
763,2024-04-19,CDMX,Data Engineer,"Python, Airflow, SQL, AWS",26045,2,híbrido
764,2024-02-11,MTY,ML Engineer,"SQL, AWS, Python",54387,2,híbrido
765,2024-06-25,CDMX,ML Engineer,"Pandas, AWS, Python",48309,4,presencial
766,2024-03-23,CDMX,Backend,"AWS, Docker, Java, Python",28703,2,remoto
767,2024-04-06,GDL,Data Analyst,"Python, Power BI, SQL, Tableau",30225,1,híbrido
768,2024-06-12,CDMX,ML Engineer,"Python, Pandas",62485,5,híbrido
769,2024-03-03,Puebla,Backend,"Python, AWS",49896,3,híbrido
770,2024-01-18,GDL,DevOps,"Docker, AWS, Python",32572,3,remoto
771,2024-01-11,CDMX,DevOps,"Docker, Python, AWS",40978,1,presencial
772,2024-05-22,Querétaro,ML Engineer,"SQL, Python, AWS",58680,2,remoto
773,2024-03-18,GDL,Data Analyst,"Python, Tableau, SQL, Power BI",28783,3,híbrido
774,2024-06-18,CDMX,DevOps,"Docker, Python",31004,4,remoto
775,2024-04-27,CDMX,Data Engineer,"AWS, Airflow",63116,3,presencial
776,2024-06-26,GDL,Frontend,"JavaScript, Docker",31107,2,presencial
777,2024-05-12,MTY,Data Engineer,"Python, SQL, Airflow, AWS",47702,1,remoto
778,2024-01-22,GDL,Backend,"Java, Python, AWS",47452,5,remoto
779,2024-03-13,GDL,DevOps,"Python, Docker",47625,1,remoto
780,2024-01-16,MTY,Data Engineer,"Python, Airflow",45700,4,híbrido
781,2024-01-20,GDL,ML Engineer,"AWS, Python, Pandas",47917,5,remoto
782,2024-01-27,GDL,Data Engineer,"AWS, SQL",56731,4,híbrido
783,2024-05-02,CDMX,Data Engineer,"SQL, Python, Airflow, AWS",58898,1,híbrido
784,2024-03-04,CDMX,DevOps,"Docker, Python",63333,1,híbrido
785,2024-04-13,CDMX,Backend,"AWS, Java",39738,5,remoto
786,2024-04-09,CDMX,Data Analyst,"SQL, Python, Tableau, Power BI",47075,2,híbrido
787,2024-06-20,CDMX,Backend,"Docker, Java, AWS, Python",45284,2,remoto
788,2024-06-23,Querétaro,DevOps,"Docker, Python",47579,1,remoto
789,2024-06-11,GDL,Backend,"Python, Java",37050,4,remoto
790,2024-02-05,MTY,ML Engineer,"Pandas, SQL, AWS",75656,4,híbrido
791,2024-02-21,Puebla,ML Engineer,"AWS, SQL",48957,3,híbrido
792,2024-03-07,MTY,DevOps,"AWS, Python",39518,3,presencial
793,2024-02-26,CDMX,Data Engineer,"SQL, AWS, Airflow",36709,1,remoto
794,2024-06-04,GDL,Frontend,"Docker, JavaScript",65066,3,remoto
795,2024-03-13,MTY,ML Engineer,"Pandas, Python, SQL",45677,3,híbrido
796,2024-06-21,Puebla,DevOps,"Docker, Python",22399,2,remoto
797,2024-02-22,Puebla,DevOps,"Python, Docker",57501,5,presencial
798,2024-06-19,CDMX,Data Analyst,"Python, Tableau, Power BI",25762,5,remoto
799,2024-05-27,CDMX,Data Analyst,"Power BI, Python, Tableau",60648,4,presencial
800,2024-06-02,GDL,Backend,"Python, Docker, AWS, Java",38908,1,híbrido
801,2024-05-13,CDMX,Frontend,"Docker, JavaScript",34136,1,presencial
802,2024-02-12,CDMX,Data Engineer,"Python, Airflow, AWS, SQL",59252,2,presencial
803,2024-01-12,CDMX,DevOps,"Python, Docker",35289,3,híbrido
804,2024-06-06,CDMX,DevOps,"AWS, Docker, Python",48438,3,remoto
805,2024-03-19,CDMX,Backend,"Docker, Java, Python",59077,2,remoto
806,2024-01-16,CDMX,Backend,"AWS, Docker",49813,5,remoto
807,2024-06-02,GDL,DevOps,"Python, AWS, Docker",42693,5,híbrido
808,2024-06-26,GDL,Data Analyst,"Python, SQL, Tableau, Power BI",35761,1,remoto
809,2024-05-06,MTY,Backend,"Docker, Python, AWS, Java",56399,2,presencial
810,2024-01-03,CDMX,Backend,"AWS, Java, Python, Docker",54749,1,remoto
811,2024-06-19,MTY,Data Analyst,"SQL, Python, Tableau, Power BI",30079,1,híbrido
812,2024-02-18,GDL,Frontend,"JavaScript, Docker",35358,5,remoto
813,2024-03-22,MTY,Data Engineer,"Airflow, SQL, AWS",51030,1,híbrido
814,2024-04-12,CDMX,DevOps,"AWS, Python, Docker",42174,2,remoto
815,2024-03-23,CDMX,Data Engineer,"SQL, AWS, Airflow, Python",26411,1,presencial
816,2024-04-26,Puebla,Frontend,"Docker, JavaScript",42169,1,híbrido
817,2024-04-19,CDMX,DevOps,"Python, Docker, AWS",54014,1,híbrido
818,2024-03-19,MTY,ML Engineer,"Python, Pandas, AWS",70684,1,híbrido
819,2024-06-08,GDL,ML Engineer,"AWS, SQL, Python, Pandas",71555,1,híbrido
820,2024-02-07,CDMX,ML Engineer,"AWS, SQL, Python",54787,2,remoto
821,2024-06-08,CDMX,ML Engineer,"AWS, SQL",44852,2,híbrido
822,2024-01-17,GDL,DevOps,"Python, Docker, AWS",51562,4,híbrido
823,2024-04-05,CDMX,Data Engineer,"Python, AWS",65589,1,remoto
824,2024-03-06,Puebla,ML Engineer,"AWS, Pandas, SQL",72516,2,presencial
825,2024-04-27,Querétaro,Backend,"AWS, Docker, Python, Java",48581,5,híbrido
826,2024-03-24,MTY,Backend,"AWS, Docker, Python, Java",54536,1,remoto
827,2024-04-17,Puebla,DevOps,"AWS, Docker",53174,1,híbrido
828,2024-02-21,MTY,Frontend,"Docker, JavaScript",35697,2,híbrido
829,2024-02-05,CDMX,Backend,"Docker, Java",41524,1,híbrido
830,2024-05-20,MTY,Data Engineer,"SQL, Python, Airflow, AWS",53158,5,presencial
831,2024-06-04,MTY,Data Analyst,"Power BI, Python",22819,5,híbrido
832,2024-03-11,MTY,DevOps,"Docker, Python, AWS",62178,5,remoto
833,2024-02-07,CDMX,DevOps,"Python, AWS, Docker",60903,5,presencial
834,2024-06-09,MTY,DevOps,"Docker, AWS, Python",47725,1,remoto
835,2024-03-08,MTY,ML Engineer,"Python, AWS, Pandas, SQL",44397,3,híbrido
836,2024-02-24,Puebla,Data Analyst,"Tableau, SQL",50889,3,presencial
837,2024-04-09,Puebla,ML Engineer,"AWS, Pandas, SQL",52784,3,híbrido
838,2024-01-15,Puebla,Backend,"Docker, Python, AWS, Java",35733,5,presencial
839,2024-06-10,CDMX,DevOps,"Python, Docker",63500,1,presencial
840,2024-02-13,CDMX,ML Engineer,"Pandas, Python, SQL",56851,2,híbrido
841,2024-04-06,CDMX,Frontend,"JavaScript, Docker",38687,1,híbrido
842,2024-05-26,Puebla,DevOps,"AWS, Docker, Python",51554,2,remoto
843,2024-04-18,CDMX,Backend,"Java, Python, AWS, Docker",25806,1,remoto
844,2024-05-06,Querétaro,DevOps,"AWS, Docker, Python",66931,1,remoto
845,2024-02-11,GDL,Data Analyst,"Tableau, SQL",24393,3,híbrido
846,2024-05-11,Querétaro,ML Engineer,"SQL, Python, Pandas, AWS",49192,1,remoto
847,2024-01-11,CDMX,DevOps,"AWS, Docker",45699,2,presencial
848,2024-04-22,CDMX,DevOps,"AWS, Docker",49088,1,remoto
849,2024-06-24,CDMX,ML Engineer,"AWS, SQL, Python",43516,5,híbrido
850,2024-06-16,MTY,Data Analyst,"Tableau, Python, Power BI",41279,5,presencial
851,2024-02-25,GDL,Frontend,"JavaScript, Docker",21858,1,presencial
852,2024-01-01,CDMX,Data Engineer,"Airflow, AWS, SQL, Python",37184,3,remoto
853,2024-01-27,Puebla,Backend,"Docker, AWS",29652,1,remoto
854,2024-06-16,GDL,Frontend,"JavaScript, Docker",16495,3,remoto
855,2024-06-21,CDMX,Frontend,"JavaScript, Docker",36507,1,remoto
856,2024-01-06,MTY,DevOps,"Python, AWS, Docker",53891,3,híbrido
857,2024-01-06,Querétaro,ML Engineer,"AWS, Pandas",55502,5,remoto
858,2024-04-17,GDL,DevOps,"Python, AWS, Docker",49823,1,remoto
859,2024-01-21,CDMX,Data Analyst,"Python, SQL, Power BI",42131,2,remoto
860,2024-01-11,Puebla,Frontend,"Docker, JavaScript",51477,4,híbrido
861,2024-06-18,CDMX,DevOps,"Docker, AWS, Python",71698,1,híbrido
862,2024-06-19,MTY,Frontend,"Docker, JavaScript",40995,3,presencial
863,2024-06-02,GDL,Backend,"Python, AWS, Docker",48199,2,híbrido
864,2024-02-21,CDMX,Data Analyst,"Python, Power BI, Tableau, SQL",26446,5,híbrido
865,2024-01-09,MTY,Data Engineer,"Python, Airflow",58558,4,híbrido
866,2024-02-27,CDMX,ML Engineer,"SQL, AWS, Python, Pandas",52971,1,híbrido
867,2024-06-06,CDMX,Data Engineer,"Airflow, Python, SQL, AWS",29685,5,remoto
868,2024-01-16,CDMX,Data Engineer,"AWS, SQL, Python, Airflow",38473,2,remoto
869,2024-02-05,Querétaro,Frontend,"JavaScript, Docker",41414,2,remoto
870,2024-03-22,CDMX,Frontend,"JavaScript, Docker",47351,2,híbrido
871,2024-01-21,CDMX,Backend,"AWS, Java",46095,2,híbrido
872,2024-06-16,Puebla,Data Analyst,"Tableau, SQL, Power BI",20347,1,presencial
873,2024-04-14,CDMX,Data Engineer,"Airflow, SQL",60625,3,híbrido
874,2024-04-18,Puebla,Backend,"Docker, AWS",43271,2,híbrido
875,2024-06-27,GDL,Data Engineer,"AWS, Python",37607,2,híbrido
876,2024-05-22,CDMX,Backend,"Python, Docker, AWS, Java",44572,3,remoto
877,2024-04-03,Querétaro,ML Engineer,"Python, Pandas, AWS, SQL",45213,1,híbrido
878,2024-04-04,CDMX,Data Engineer,"AWS, Airflow",40172,3,presencial
879,2024-02-23,CDMX,DevOps,"AWS, Docker",53175,1,híbrido
880,2024-05-14,MTY,ML Engineer,"Python, AWS, SQL",47020,1,remoto
881,2024-03-05,MTY,ML Engineer,"SQL, AWS, Python, Pandas",63727,1,híbrido
882,2024-04-13,Puebla,ML Engineer,"AWS, Python",56847,5,híbrido
883,2024-01-03,CDMX,Data Analyst,"Power BI, SQL, Tableau",48878,1,híbrido
884,2024-06-11,CDMX,ML Engineer,"Pandas, Python",54985,5,presencial
885,2024-06-22,GDL,Backend,"Python, Java, AWS",32255,4,híbrido
886,2024-02-17,Querétaro,Data Analyst,"Power BI, Python",29714,2,remoto
887,2024-03-04,CDMX,DevOps,"Docker, AWS",45681,2,remoto
888,2024-06-07,GDL,Data Analyst,"SQL, Python, Power BI",26447,5,presencial
889,2024-04-05,Puebla,Data Engineer,"Python, SQL",42501,3,remoto
890,2024-04-03,CDMX,ML Engineer,"SQL, Python, AWS, Pandas",36146,2,remoto
891,2024-01-17,Querétaro,DevOps,"Docker, AWS",43427,1,remoto
892,2024-02-15,CDMX,Data Engineer,"AWS, Airflow, Python, SQL",57287,4,remoto
893,2024-01-15,MTY,Data Analyst,"SQL, Power BI, Python, Tableau",25658,4,remoto
894,2024-05-03,Querétaro,Data Engineer,"Airflow, Python, AWS, SQL",30027,4,remoto
895,2024-04-20,CDMX,DevOps,"Python, Docker",51492,2,presencial
896,2024-06-05,GDL,Data Analyst,"Python, Power BI, SQL, Tableau",33270,1,remoto
897,2024-06-16,GDL,Backend,"AWS, Python, Java",44477,2,remoto
898,2024-03-04,Puebla,Frontend,"JavaScript, Docker",43017,5,remoto
899,2024-03-16,CDMX,DevOps,"Docker, AWS",67305,3,remoto
900,2024-03-08,CDMX,Data Engineer,"AWS, Airflow",44846,3,presencial
901,2024-04-25,GDL,Frontend,"Docker, JavaScript",36080,1,remoto
902,2024-02-23,Querétaro,Backend,"AWS, Docker, Python",43816,4,remoto
903,2024-02-26,Querétaro,Data Analyst,"SQL, Python, Tableau",23898,2,remoto
904,2024-05-24,GDL,Backend,"Python, Java",41278,1,presencial
905,2024-03-12,CDMX,Frontend,"Docker, JavaScript",23931,1,remoto
906,2024-02-08,CDMX,DevOps,"Docker, AWS, Python",54765,3,remoto
907,2024-01-05,GDL,ML Engineer,"Pandas, Python",51773,1,presencial
908,2024-06-25,GDL,Data Analyst,"Python, Tableau",30235,2,remoto
909,2024-04-18,GDL,Backend,"AWS, Java, Python, Docker",39037,2,presencial
910,2024-05-04,MTY,Backend,"AWS, Docker, Python",39547,2,híbrido
911,2024-04-17,Puebla,ML Engineer,"SQL, Pandas",69416,3,remoto
912,2024-06-25,MTY,Data Engineer,"Python, Airflow, SQL, AWS",47075,3,híbrido
913,2024-02-12,Puebla,Frontend,"JavaScript, Docker",30801,4,híbrido
914,2024-02-06,GDL,Data Engineer,"SQL, Airflow",57694,1,remoto
915,2024-06-19,GDL,DevOps,"AWS, Docker",59889,2,híbrido
916,2024-01-06,Puebla,Data Engineer,"Python, SQL, Airflow",58794,4,híbrido
917,2024-02-04,Puebla,Data Analyst,"Tableau, Python, Power BI",45787,1,híbrido
918,2024-06-26,Puebla,Frontend,"JavaScript, Docker",36107,1,híbrido
919,2024-06-27,CDMX,Data Engineer,"SQL, Python, Airflow",42339,2,presencial
920,2024-04-23,MTY,Frontend,"Docker, JavaScript",38894,2,híbrido
921,2024-05-14,CDMX,Data Analyst,"Python, Power BI, SQL",25690,3,remoto
922,2024-02-15,Querétaro,Frontend,"JavaScript, Docker",41326,1,híbrido
923,2024-04-09,CDMX,Data Engineer,"AWS, SQL, Airflow",62097,2,presencial
924,2024-05-04,CDMX,Data Analyst,"Tableau, Power BI",37591,3,híbrido
925,2024-05-20,CDMX,DevOps,"AWS, Python, Docker",51352,1,híbrido
926,2024-03-04,CDMX,Data Engineer,"AWS, SQL, Airflow, Python",58430,1,híbrido
927,2024-02-21,Puebla,Data Engineer,"SQL, Python, AWS, Airflow",47420,3,presencial
928,2024-04-20,CDMX,ML Engineer,"AWS, Python",59563,5,híbrido
929,2024-01-23,GDL,Data Analyst,"Power BI, SQL, Python",46286,1,híbrido
930,2024-01-14,MTY,Backend,"Java, Python, Docker, AWS",39223,1,híbrido
931,2024-03-09,Querétaro,DevOps,"Python, Docker",39059,2,híbrido
932,2024-01-18,CDMX,Backend,"AWS, Java, Docker",38663,1,híbrido
933,2024-05-17,MTY,DevOps,"AWS, Python",50181,3,remoto
934,2024-06-12,Puebla,Data Analyst,"Python, Power BI",46708,1,remoto
935,2024-05-22,GDL,ML Engineer,"Python, SQL, Pandas",62415,1,híbrido
936,2024-02-06,Puebla,Data Analyst,"Python, Tableau, Power BI, SQL",40055,2,híbrido
937,2024-04-25,MTY,Backend,"Docker, AWS",47085,2,remoto
938,2024-02-16,GDL,Frontend,"JavaScript, Docker",40414,1,híbrido
939,2024-05-10,GDL,ML Engineer,"Python, SQL, AWS",50152,3,remoto
940,2024-06-21,GDL,Data Analyst,"Python, Tableau",34524,2,híbrido
941,2024-04-14,Puebla,ML Engineer,"AWS, SQL, Pandas, Python",57332,1,híbrido
942,2024-03-24,GDL,Frontend,"Docker, JavaScript",29208,3,híbrido
943,2024-03-12,MTY,DevOps,"Python, Docker, AWS",62276,2,remoto
944,2024-06-05,CDMX,Backend,"Java, Docker",59214,5,remoto
945,2024-04-26,GDL,ML Engineer,"Python, AWS",46251,5,híbrido
946,2024-03-27,GDL,Frontend,"JavaScript, Docker",31701,4,híbrido
947,2024-03-12,CDMX,Data Engineer,"SQL, Python, Airflow",39157,3,presencial
948,2024-05-05,Querétaro,Backend,"AWS, Docker",45647,1,híbrido
949,2024-01-02,Querétaro,Data Analyst,"SQL, Tableau, Python",45134,1,híbrido
950,2024-03-06,GDL,DevOps,"Docker, AWS",66345,2,híbrido
951,2024-04-07,CDMX,Data Analyst,"Power BI, Python, Tableau, SQL",29042,3,remoto
952,2024-01-23,Querétaro,DevOps,"Docker, Python",54814,4,remoto
953,2024-02-05,GDL,Frontend,"JavaScript, Docker",53526,4,híbrido
954,2024-06-11,CDMX,Backend,"Java, Python, Docker",51066,3,híbrido
955,2024-02-22,CDMX,Data Engineer,"Python, AWS, Airflow",42000,3,híbrido
956,2024-02-27,MTY,Data Analyst,"Tableau, Python, SQL",34063,1,presencial
957,2024-01-04,MTY,Backend,"Java, Python, Docker, AWS",44689,4,híbrido
958,2024-04-06,GDL,Backend,"AWS, Docker, Python, Java",58935,3,presencial
959,2024-05-03,GDL,Data Analyst,"Power BI, Tableau, Python, SQL",24560,2,híbrido
960,2024-03-14,MTY,Frontend,"JavaScript, Docker",45782,2,presencial
961,2024-03-08,CDMX,Backend,"Java, AWS",43849,3,presencial
962,2024-06-08,CDMX,DevOps,"Docker, Python, AWS",46926,2,híbrido
963,2024-06-17,CDMX,Data Analyst,"SQL, Python",36150,1,híbrido
964,2024-03-20,CDMX,DevOps,"Docker, AWS, Python",54767,2,presencial
965,2024-01-27,GDL,ML Engineer,"Python, AWS",69179,5,remoto
966,2024-04-24,GDL,DevOps,"Docker, Python, AWS",42844,1,remoto
967,2024-01-16,MTY,Frontend,"Docker, JavaScript",29249,4,remoto
968,2024-05-18,CDMX,Frontend,"JavaScript, Docker",23738,1,remoto
969,2024-05-18,GDL,Frontend,"JavaScript, Docker",35629,4,híbrido
970,2024-03-25,GDL,ML Engineer,"AWS, Pandas, Python",64236,1,híbrido
971,2024-05-23,CDMX,Backend,"Python, Java",52567,1,remoto
972,2024-05-02,Querétaro,Frontend,"Docker, JavaScript",45650,1,remoto
973,2024-02-07,CDMX,Frontend,"Docker, JavaScript",30078,1,remoto
974,2024-03-17,MTY,Frontend,"Docker, JavaScript",34091,2,híbrido
975,2024-01-09,Querétaro,DevOps,"Python, Docker",26771,1,remoto
976,2024-06-24,MTY,Frontend,"JavaScript, Docker",56899,2,presencial
977,2024-03-25,CDMX,Backend,"Docker, Python",53559,1,remoto
978,2024-05-23,MTY,ML Engineer,"Pandas, SQL, Python",62277,2,remoto
979,2024-02-04,GDL,Data Engineer,"SQL, AWS, Airflow, Python",48601,2,remoto
980,2024-04-19,Puebla,Data Analyst,"SQL, Python",15000,1,híbrido
981,2024-04-19,Querétaro,Backend,"Python, Docker, AWS",37367,4,híbrido
982,2024-05-17,CDMX,Data Analyst,"Python, Tableau, Power BI, SQL",28815,2,híbrido
983,2024-06-09,GDL,ML Engineer,"AWS, Python, Pandas",66877,1,remoto
984,2024-02-08,Querétaro,Data Engineer,"AWS, SQL, Python, Airflow",62007,2,híbrido
985,2024-01-26,CDMX,Data Engineer,"AWS, Airflow, SQL, Python",49063,2,híbrido
986,2024-03-17,CDMX,Data Analyst,"Python, Tableau, Power BI, SQL",42191,3,híbrido
987,2024-04-18,Querétaro,Data Engineer,"AWS, Airflow",54674,3,híbrido
988,2024-04-27,CDMX,Backend,"AWS, Java, Python, Docker",48336,1,remoto
989,2024-06-01,GDL,Backend,"Docker, Python, Java, AWS",58196,1,híbrido
990,2024-04-17,CDMX,Data Analyst,"Power BI, Tableau",15000,5,híbrido
991,2024-05-14,GDL,ML Engineer,"AWS, SQL",69897,1,presencial
992,2024-05-15,CDMX,DevOps,"Docker, Python, AWS",31245,1,híbrido
993,2024-05-11,GDL,ML Engineer,"AWS, Pandas",70003,2,remoto
994,2024-05-19,MTY,Data Analyst,"Tableau, SQL, Power BI",27470,2,remoto
995,2024-06-16,GDL,Data Analyst,"SQL, Tableau, Power BI",17581,2,remoto
996,2024-05-23,Querétaro,Frontend,"JavaScript, Docker",51297,1,híbrido
997,2024-03-23,GDL,DevOps,"AWS, Docker",45371,2,remoto
998,2024-03-08,CDMX,Data Analyst,"Python, SQL, Tableau",23890,5,presencial
999,2024-06-23,MTY,Data Engineer,"Airflow, Python, SQL, AWS",60413,1,remoto
1000,2024-03-09,CDMX,Frontend,"JavaScript, Docker",31985,4,remoto
1001,2024-02-19,CDMX,Frontend,"Docker, JavaScript",28791,1,remoto
1002,2024-03-01,CDMX,Data Analyst,"Tableau, SQL",42124,2,remoto
1003,2024-02-13,CDMX,Data Analyst,"Power BI, Python",39753,1,remoto
1004,2024-04-22,GDL,Data Analyst,"Power BI, SQL",22388,2,remoto
1005,2024-02-17,Puebla,Data Analyst,"Power BI, Python",43256,1,remoto
1006,2024-03-20,GDL,Backend,"Java, Python, Docker",48680,1,híbrido
1007,2024-03-11,Puebla,ML Engineer,"AWS, Python",75565,3,remoto
1008,2024-03-10,Querétaro,Data Analyst,"Power BI, Tableau",25977,1,remoto
1009,2024-06-22,GDL,Frontend,"JavaScript, Docker",44134,2,híbrido
1010,2024-03-07,Querétaro,Data Engineer,"AWS, Airflow, SQL",39606,1,remoto
1011,2024-05-15,Puebla,DevOps,"Docker, AWS, Python",71459,3,híbrido
1012,2024-01-27,Querétaro,Backend,"Java, AWS, Docker",42432,4,remoto
1013,2024-02-22,MTY,Data Analyst,"Tableau, Python",43484,3,presencial
1014,2024-01-27,CDMX,Frontend,"JavaScript, Docker",28771,1,presencial
1015,2024-06-14,GDL,Data Engineer,"AWS, Python, SQL, Airflow",37375,4,remoto
1016,2024-03-08,CDMX,ML Engineer,"Pandas, Python, AWS",47722,3,híbrido
1017,2024-06-02,Puebla,Frontend,"Docker, JavaScript",33825,4,remoto
1018,2024-03-09,GDL,Data Analyst,"Power BI, Tableau, Python",37194,3,remoto
1019,2024-02-05,CDMX,ML Engineer,"SQL, AWS, Pandas",60101,2,presencial
1020,2024-02-08,MTY,Data Analyst,"SQL, Python, Tableau",42753,4,presencial
1021,2024-05-04,CDMX,ML Engineer,"Python, Pandas",48325,5,presencial
1022,2024-02-21,Puebla,Frontend,"JavaScript, Docker",33935,1,remoto
1023,2024-03-05,CDMX,Frontend,"JavaScript, Docker",48402,3,remoto
1024,2024-01-27,CDMX,ML Engineer,"Python, Pandas, AWS",58343,1,remoto
1025,2024-05-12,Puebla,ML Engineer,"SQL, AWS, Python, Pandas",59826,2,remoto
1026,2024-04-13,CDMX,DevOps,"Docker, AWS, Python",38580,1,híbrido
1027,2024-02-23,GDL,Data Engineer,"Python, AWS, SQL",40151,5,híbrido
1028,2024-03-14,MTY,DevOps,"AWS, Python, Docker",16927,2,presencial
1029,2024-05-22,MTY,Frontend,"Docker, JavaScript",30046,3,híbrido
1030,2024-06-10,Querétaro,Backend,"AWS, Docker",27918,1,híbrido
1031,2024-02-18,MTY,Data Engineer,"Python, SQL",46256,2,remoto
1032,2024-02-08,MTY,Backend,"Docker, Java",54999,2,remoto
1033,2024-04-17,CDMX,ML Engineer,"SQL, Python",57483,2,remoto
1034,2024-06-24,Puebla,ML Engineer,"SQL, AWS",54172,2,híbrido
1035,2024-01-05,GDL,Data Engineer,"SQL, AWS, Airflow",48492,5,híbrido
1036,2024-03-10,MTY,Data Engineer,"AWS, SQL, Airflow, Python",62385,1,remoto
1037,2024-06-03,GDL,Backend,"Python, Docker, Java",58176,4,remoto
1038,2024-01-08,Querétaro,DevOps,"Python, AWS, Docker",21068,4,presencial
1039,2024-03-14,GDL,Data Engineer,"Python, AWS, Airflow",48929,1,remoto
1040,2024-04-09,Querétaro,ML Engineer,"Pandas, AWS",56428,1,híbrido
1041,2024-06-18,MTY,ML Engineer,"Python, AWS",49993,1,remoto
1042,2024-02-12,GDL,ML Engineer,"Python, AWS",56226,2,remoto
1043,2024-05-17,MTY,DevOps,"AWS, Python, Docker",44617,5,híbrido
1044,2024-04-17,GDL,ML Engineer,"Pandas, SQL, AWS",35562,4,remoto
1045,2024-01-26,CDMX,Data Analyst,"Power BI, Python, SQL",28717,2,híbrido
1046,2024-05-10,CDMX,Data Engineer,"Python, Airflow, SQL",47511,2,híbrido
1047,2024-04-23,Puebla,Data Analyst,"SQL, Python, Power BI",32374,1,híbrido
1048,2024-01-18,Querétaro,Frontend,"JavaScript, Docker",39526,4,híbrido
1049,2024-04-22,CDMX,DevOps,"Docker, AWS, Python",56032,5,remoto
1050,2024-01-11,CDMX,Backend,"Docker, AWS",53454,1,remoto
1051,2024-05-10,Puebla,DevOps,"Docker, AWS",50045,3,híbrido
1052,2024-06-17,GDL,Frontend,"JavaScript, Docker",40226,2,remoto
1053,2024-05-03,GDL,Data Analyst,"Power BI, SQL, Tableau, Python",32368,1,remoto
1054,2024-01-26,Querétaro,Data Analyst,"Python, Tableau, SQL, Power BI",33570,1,híbrido
1055,2024-01-16,MTY,Data Engineer,"AWS, SQL, Airflow, Python",46198,2,híbrido
1056,2024-04-10,CDMX,DevOps,"Docker, AWS",61390,1,remoto
1057,2024-01-16,CDMX,Data Analyst,"SQL, Tableau",36762,2,remoto
1058,2024-01-09,MTY,DevOps,"Docker, Python",54982,1,híbrido
1059,2024-04-21,GDL,Frontend,"Docker, JavaScript",51718,2,remoto
1060,2024-03-13,Querétaro,Data Engineer,"SQL, Python, AWS, Airflow",45156,2,híbrido
1061,2024-06-04,CDMX,DevOps,"Python, AWS, Docker",77956,2,remoto
1062,2024-03-15,Puebla,DevOps,"Python, AWS, Docker",47488,2,remoto
1063,2024-04-13,MTY,DevOps,"Python, AWS, Docker",60767,1,remoto
1064,2024-05-09,Puebla,Data Analyst,"Python, Tableau, SQL, Power BI",36625,5,remoto
1065,2024-03-10,GDL,Data Analyst,"Tableau, Power BI, SQL, Python",24085,2,presencial
1066,2024-04-09,CDMX,ML Engineer,"AWS, Python, SQL",57856,1,híbrido
1067,2024-05-18,MTY,Backend,"AWS, Docker, Python",38679,1,híbrido
1068,2024-01-06,Puebla,ML Engineer,"SQL, Pandas",56826,1,presencial
1069,2024-06-06,GDL,Backend,"AWS, Python, Java",38331,1,híbrido
1070,2024-02-12,GDL,DevOps,"Docker, AWS",58054,1,presencial
1071,2024-03-09,CDMX,Data Engineer,"Python, Airflow, SQL",46481,2,híbrido
1072,2024-02-04,MTY,Backend,"Docker, AWS",45187,4,híbrido
1073,2024-06-08,CDMX,Data Engineer,"AWS, Airflow, SQL, Python",45527,3,presencial
1074,2024-03-06,Querétaro,Frontend,"JavaScript, Docker",26914,1,presencial
1075,2024-03-17,GDL,Frontend,"Docker, JavaScript",28733,1,remoto
1076,2024-06-05,Puebla,ML Engineer,"SQL, Pandas, Python",61582,2,híbrido
1077,2024-04-22,Puebla,Data Engineer,"AWS, Airflow",31801,1,remoto
1078,2024-04-24,Puebla,ML Engineer,"Pandas, Python, SQL, AWS",60295,3,remoto
1079,2024-04-01,MTY,Backend,"Docker, Python",63326,5,presencial
1080,2024-04-06,Puebla,Backend,"Docker, Python",44826,5,remoto
1081,2024-01-12,CDMX,Data Engineer,"SQL, Airflow, Python, AWS",47276,1,híbrido
1082,2024-04-07,CDMX,Backend,"Java, AWS, Docker",52532,1,híbrido
1083,2024-03-14,Puebla,Backend,"Java, Docker, AWS",31565,1,híbrido
1084,2024-01-04,CDMX,Data Engineer,"Airflow, Python",42651,2,presencial
1085,2024-03-14,CDMX,Data Engineer,"AWS, Airflow",52704,5,híbrido
1086,2024-05-13,MTY,DevOps,"AWS, Docker",68198,5,híbrido
1087,2024-06-15,MTY,Data Engineer,"AWS, Airflow, Python, SQL",50703,1,híbrido
1088,2024-04-23,CDMX,Data Engineer,"AWS, Airflow",48179,3,híbrido
1089,2024-01-21,MTY,Frontend,"JavaScript, Docker",31899,2,híbrido
1090,2024-05-02,Puebla,Data Engineer,"Python, AWS, SQL",39352,1,presencial
1091,2024-03-09,GDL,Data Analyst,"SQL, Python",57674,2,remoto
1092,2024-06-04,Querétaro,Frontend,"JavaScript, Docker",28099,2,presencial
1093,2024-05-16,CDMX,ML Engineer,"SQL, Pandas, Python, AWS",54157,1,remoto
1094,2024-03-24,CDMX,Data Analyst,"SQL, Tableau, Python",48336,3,remoto
1095,2024-01-09,CDMX,Frontend,"JavaScript, Docker",30065,1,híbrido
1096,2024-04-24,CDMX,DevOps,"Python, Docker, AWS",57497,5,remoto
1097,2024-05-14,Querétaro,Frontend,"Docker, JavaScript",39517,1,remoto
1098,2024-01-08,CDMX,Data Analyst,"SQL, Python, Power BI",25684,3,híbrido
1099,2024-01-20,Querétaro,Frontend,"Docker, JavaScript",43735,5,presencial
1100,2024-04-06,Querétaro,Data Engineer,"SQL, AWS, Airflow, Python",33402,2,remoto
1101,2024-06-16,Querétaro,ML Engineer,"SQL, AWS, Pandas, Python",68208,2,híbrido
1102,2024-06-25,MTY,Backend,"Python, Java",54390,3,remoto
1103,2024-02-11,GDL,Frontend,"JavaScript, Docker",46275,2,híbrido
1104,2024-01-03,Puebla,ML Engineer,"AWS, Python, Pandas, SQL",46234,2,híbrido
1105,2024-02-11,Puebla,Backend,"Java, Docker, Python",55917,1,híbrido
1106,2024-03-26,Querétaro,ML Engineer,"Pandas, AWS, Python",57406,3,híbrido
1107,2024-02-06,CDMX,Data Engineer,"AWS, Python, Airflow",68645,5,remoto
1108,2024-03-04,Puebla,Backend,"Python, Java",36414,5,presencial
1109,2024-06-06,Querétaro,Frontend,"Docker, JavaScript",31858,1,remoto
1110,2024-04-01,GDL,Backend,"Java, AWS, Python, Docker",26892,4,remoto
1111,2024-03-13,Querétaro,Backend,"AWS, Python, Docker, Java",66969,1,remoto
1112,2024-01-13,CDMX,Data Analyst,"SQL, Tableau, Power BI",34502,1,remoto
1113,2024-02-22,Puebla,ML Engineer,"SQL, Pandas, AWS, Python",65948,2,híbrido
1114,2024-05-22,CDMX,ML Engineer,"SQL, Pandas, AWS, Python",56174,2,remoto
1115,2024-04-22,Puebla,ML Engineer,"AWS, Pandas",55163,3,híbrido
1116,2024-06-26,GDL,Data Analyst,"Python, Tableau",47773,4,híbrido
1117,2024-05-25,MTY,DevOps,"AWS, Python",56390,1,híbrido
1118,2024-04-17,CDMX,ML Engineer,"SQL, Python, AWS, Pandas",56745,1,remoto
1119,2024-04-18,MTY,Data Engineer,"Airflow, AWS, Python",48820,3,remoto
1120,2024-06-26,GDL,DevOps,"AWS, Docker",34474,1,remoto
1121,2024-06-10,CDMX,DevOps,"Docker, Python, AWS",60482,4,remoto
1122,2024-04-14,CDMX,DevOps,"Python, AWS",65971,2,remoto
1123,2024-01-13,CDMX,Backend,"Python, Docker, Java",41667,2,remoto
1124,2024-04-18,Querétaro,Data Analyst,"Python, Tableau",47777,1,híbrido
1125,2024-01-13,GDL,Data Engineer,"Airflow, Python, AWS, SQL",56605,3,remoto
1126,2024-01-11,MTY,Data Engineer,"AWS, SQL, Airflow",42328,2,híbrido
1127,2024-04-10,GDL,Frontend,"Docker, JavaScript",43915,2,remoto
1128,2024-01-10,Querétaro,ML Engineer,"AWS, SQL, Pandas, Python",57590,2,remoto
1129,2024-03-11,MTY,Data Analyst,"SQL, Tableau, Python",24738,3,híbrido
1130,2024-03-12,CDMX,Data Analyst,"Tableau, Python",36136,2,híbrido
1131,2024-06-10,CDMX,Data Engineer,"Airflow, AWS",43051,5,remoto
1132,2024-06-21,CDMX,ML Engineer,"SQL, Pandas",60130,1,híbrido
1133,2024-02-20,CDMX,Backend,"Java, Docker, AWS, Python",37247,5,híbrido
1134,2024-03-24,CDMX,DevOps,"Python, Docker, AWS",48924,3,remoto
1135,2024-01-03,MTY,Data Engineer,"SQL, Python, Airflow",63795,1,híbrido
1136,2024-02-07,MTY,Data Engineer,"AWS, Python, SQL",53138,5,presencial
1137,2024-01-14,CDMX,Frontend,"JavaScript, Docker",25502,5,híbrido
1138,2024-05-03,MTY,Data Engineer,"Airflow, SQL, Python, AWS",51629,2,remoto
1139,2024-03-01,CDMX,Backend,"Python, Java",39929,3,híbrido
1140,2024-02-14,CDMX,Backend,"Python, Docker, Java",44530,1,híbrido
1141,2024-03-08,MTY,Frontend,"Docker, JavaScript",47365,4,remoto
1142,2024-06-17,CDMX,Data Engineer,"AWS, SQL, Python",58041,3,remoto
1143,2024-05-06,Puebla,ML Engineer,"Python, SQL, AWS, Pandas",39613,2,híbrido
1144,2024-06-27,MTY,DevOps,"Docker, AWS",40390,3,presencial
1145,2024-04-16,GDL,Backend,"Python, Docker, AWS",50936,3,híbrido
1146,2024-01-01,CDMX,ML Engineer,"Python, AWS, Pandas, SQL",74862,2,presencial
1147,2024-04-27,MTY,Data Analyst,"SQL, Python",32098,2,híbrido
1148,2024-05-03,GDL,ML Engineer,"Pandas, SQL, Python",65755,1,presencial
1149,2024-03-05,CDMX,Data Engineer,"AWS, Airflow, SQL, Python",48447,3,remoto
1150,2024-05-05,CDMX,Frontend,"Docker, JavaScript",25362,3,híbrido
1151,2024-02-02,CDMX,Backend,"Java, Docker, AWS, Python",39148,4,remoto
1152,2024-02-09,Querétaro,DevOps,"Docker, Python, AWS",42664,1,presencial
1153,2024-01-12,MTY,DevOps,"Docker, Python, AWS",27860,1,híbrido
1154,2024-05-07,CDMX,Data Engineer,"Python, Airflow, SQL, AWS",55358,5,híbrido
1155,2024-03-04,MTY,ML Engineer,"Pandas, AWS, SQL",56843,5,presencial
1156,2024-05-21,CDMX,ML Engineer,"SQL, AWS, Python",38396,4,presencial
1157,2024-06-21,Querétaro,Data Engineer,"AWS, SQL, Airflow",46881,2,remoto
1158,2024-04-05,Querétaro,DevOps,"Docker, Python",36086,2,remoto
1159,2024-05-24,GDL,DevOps,"Docker, Python, AWS",53940,2,presencial
1160,2024-05-18,MTY,DevOps,"Python, Docker, AWS",61888,4,híbrido
1161,2024-05-26,Puebla,Backend,"Python, Java, AWS",40254,2,remoto
1162,2024-06-17,CDMX,ML Engineer,"AWS, Python",33739,3,híbrido
1163,2024-05-22,Puebla,Backend,"Python, Java, AWS, Docker",44363,3,presencial
1164,2024-02-27,MTY,DevOps,"Docker, Python, AWS",43499,1,remoto
1165,2024-01-03,GDL,DevOps,"Docker, Python, AWS",44067,3,presencial
1166,2024-05-12,Querétaro,Data Analyst,"Python, Power BI",39443,1,híbrido
1167,2024-01-13,GDL,ML Engineer,"Pandas, SQL",45380,1,remoto
1168,2024-02-08,Querétaro,Data Analyst,"Power BI, Tableau, Python, SQL",24726,2,remoto
1169,2024-06-08,CDMX,DevOps,"Docker, AWS, Python",65065,2,híbrido
1170,2024-04-01,CDMX,ML Engineer,"AWS, Python, Pandas",51693,2,presencial
1171,2024-05-16,Querétaro,Data Analyst,"SQL, Tableau",27698,2,remoto
1172,2024-01-05,CDMX,Data Analyst,"Tableau, Python, SQL",35570,2,híbrido
1173,2024-05-27,GDL,Data Engineer,"Python, SQL, Airflow, AWS",43549,4,híbrido
1174,2024-01-09,MTY,Backend,"Python, Java, AWS",52900,1,presencial
1175,2024-04-24,CDMX,Backend,"Docker, Java, Python",27863,3,remoto
1176,2024-04-25,MTY,Data Engineer,"SQL, Airflow",59850,2,híbrido
1177,2024-01-10,CDMX,ML Engineer,"Pandas, Python",46732,1,remoto
1178,2024-01-22,Querétaro,Frontend,"Docker, JavaScript",44541,2,remoto
1179,2024-02-09,GDL,Frontend,"Docker, JavaScript",41403,1,remoto
1180,2024-06-24,MTY,Data Analyst,"Power BI, Tableau, SQL",27537,1,híbrido
1181,2024-02-07,CDMX,Data Analyst,"Power BI, SQL, Tableau",36760,5,presencial
1182,2024-04-08,GDL,Backend,"Java, Docker, AWS",43106,2,híbrido
1183,2024-01-23,CDMX,Frontend,"JavaScript, Docker",30999,1,híbrido
1184,2024-04-15,MTY,Data Engineer,"SQL, Airflow, AWS",37623,2,remoto
1185,2024-01-06,Puebla,Frontend,"Docker, JavaScript",29174,4,híbrido
1186,2024-04-26,GDL,Backend,"Docker, AWS, Python, Java",36218,3,presencial
1187,2024-03-08,MTY,Data Analyst,"Power BI, SQL",32323,3,híbrido
1188,2024-05-09,CDMX,DevOps,"Python, Docker",44768,5,remoto
1189,2024-06-14,MTY,Data Analyst,"SQL, Power BI",37151,2,híbrido
1190,2024-05-06,MTY,Backend,"Java, AWS, Docker",62496,1,remoto
1191,2024-02-25,MTY,Backend,"Python, Java",36976,5,presencial
1192,2024-01-03,MTY,Data Engineer,"Airflow, Python, AWS, SQL",48602,4,remoto
1193,2024-03-14,GDL,Data Engineer,"Python, Airflow",54172,3,híbrido
1194,2024-01-16,MTY,Frontend,"JavaScript, Docker",25865,2,presencial
1195,2024-02-25,Querétaro,Data Analyst,"Python, Tableau, Power BI",49793,2,híbrido
1196,2024-01-02,CDMX,Backend,"Docker, Python, AWS",35837,2,híbrido
1197,2024-03-07,CDMX,DevOps,"AWS, Docker, Python",37805,4,híbrido
1198,2024-04-19,CDMX,DevOps,"AWS, Python",55992,1,híbrido
1199,2024-02-27,MTY,Frontend,"JavaScript, Docker",43113,3,híbrido
1200,2024-05-02,GDL,DevOps,"AWS, Python, Docker",39474,1,remoto
1201,2024-03-16,GDL,DevOps,"Docker, AWS, Python",39831,1,remoto
1202,2024-03-18,CDMX,Backend,"Java, AWS, Docker, Python",48182,1,remoto
1203,2024-02-07,GDL,Data Engineer,"SQL, AWS",59056,4,presencial
1204,2024-05-13,CDMX,DevOps,"Python, AWS, Docker",55464,2,híbrido
1205,2024-03-12,CDMX,Backend,"AWS, Python, Docker",55135,2,híbrido
1206,2024-02-07,Puebla,Data Engineer,"AWS, SQL, Python",54408,2,híbrido
1207,2024-04-17,Puebla,Data Engineer,"SQL, Airflow, AWS, Python",55496,2,híbrido
1208,2024-02-06,Puebla,ML Engineer,"AWS, SQL, Python, Pandas",68159,5,remoto
1209,2024-06-19,MTY,Frontend,"Docker, JavaScript",46229,2,presencial
1210,2024-03-15,CDMX,Data Analyst,"Power BI, Tableau, Python, SQL",34862,1,remoto
1211,2024-06-25,MTY,ML Engineer,"AWS, Pandas, SQL",62222,1,híbrido
1212,2024-06-11,CDMX,DevOps,"Python, AWS",53911,3,presencial
1213,2024-02-17,CDMX,Data Engineer,"Python, SQL, Airflow",57278,1,presencial
1214,2024-03-26,CDMX,DevOps,"Python, Docker, AWS",46389,1,presencial
1215,2024-05-01,GDL,Data Engineer,"Airflow, AWS, SQL, Python",61040,4,remoto
1216,2024-06-21,MTY,DevOps,"AWS, Docker",48858,2,remoto
1217,2024-03-08,GDL,Data Analyst,"SQL, Power BI, Tableau",35873,4,híbrido
1218,2024-05-27,CDMX,Data Engineer,"SQL, AWS",61972,2,remoto
1219,2024-06-25,MTY,DevOps,"Python, AWS",41636,1,presencial
1220,2024-02-20,GDL,ML Engineer,"AWS, Python, SQL",50176,2,presencial
1221,2024-03-11,CDMX,Backend,"Docker, Java, AWS, Python",35705,3,híbrido
1222,2024-03-14,GDL,DevOps,"AWS, Python, Docker",64288,5,presencial
1223,2024-02-10,CDMX,Data Engineer,"SQL, Python",47265,1,remoto
1224,2024-02-03,CDMX,Data Analyst,"Tableau, Python, SQL, Power BI",29730,1,presencial
1225,2024-06-26,GDL,Backend,"Python, Docker, AWS, Java",46498,4,híbrido
1226,2024-06-05,MTY,DevOps,"AWS, Docker, Python",55095,1,presencial
1227,2024-06-17,CDMX,Frontend,"JavaScript, Docker",51057,1,híbrido
1228,2024-04-12,MTY,DevOps,"Docker, Python",34228,3,híbrido
1229,2024-01-16,GDL,DevOps,"AWS, Python",40485,3,híbrido
1230,2024-04-27,MTY,Data Analyst,"Power BI, Python, Tableau",27483,2,remoto
1231,2024-05-13,MTY,Frontend,"Docker, JavaScript",36010,5,remoto
1232,2024-02-25,Puebla,Frontend,"Docker, JavaScript",35792,1,remoto
1233,2024-03-04,CDMX,Backend,"Java, AWS, Python, Docker",51106,2,remoto
1234,2024-05-16,Querétaro,Backend,"Java, Docker",41026,4,híbrido
1235,2024-02-17,CDMX,Data Analyst,"Tableau, Python, Power BI, SQL",40118,2,remoto
1236,2024-02-25,CDMX,Frontend,"JavaScript, Docker",41313,5,híbrido
1237,2024-02-19,Puebla,Data Engineer,"SQL, Python",45676,3,híbrido
1238,2024-01-10,GDL,Frontend,"JavaScript, Docker",30838,1,remoto
1239,2024-03-10,GDL,Data Engineer,"Airflow, SQL, Python, AWS",56324,1,híbrido
1240,2024-03-24,Querétaro,ML Engineer,"Pandas, SQL, Python",62147,2,presencial
1241,2024-02-17,Puebla,Frontend,"JavaScript, Docker",33918,1,remoto
1242,2024-05-19,MTY,Data Analyst,"SQL, Tableau, Power BI",29263,1,presencial
1243,2024-06-11,CDMX,Data Engineer,"AWS, Airflow, Python, SQL",70762,2,remoto
1244,2024-02-04,CDMX,Backend,"Python, Docker, Java, AWS",43629,1,remoto
1245,2024-02-25,GDL,DevOps,"AWS, Docker, Python",55250,2,remoto
1246,2024-05-18,Puebla,Frontend,"JavaScript, Docker",30636,3,presencial
1247,2024-02-13,Puebla,Frontend,"JavaScript, Docker",28650,1,remoto
1248,2024-06-06,GDL,Data Analyst,"Python, Tableau, Power BI",43690,5,híbrido
1249,2024-01-23,MTY,Data Analyst,"SQL, Python",36817,2,híbrido
1250,2024-05-16,Querétaro,Backend,"Docker, Python",65128,1,remoto
1251,2024-01-08,MTY,Frontend,"Docker, JavaScript",43984,2,remoto
1252,2024-02-08,MTY,Data Engineer,"SQL, AWS",50182,5,remoto
1253,2024-05-23,CDMX,ML Engineer,"Pandas, SQL, AWS, Python",54855,2,remoto
1254,2024-04-04,CDMX,Data Analyst,"Python, Power BI, Tableau",24480,5,remoto
1255,2024-03-03,MTY,Backend,"Docker, AWS",44087,2,remoto
1256,2024-02-27,Puebla,DevOps,"AWS, Docker",51581,2,híbrido
1257,2024-02-01,CDMX,Backend,"Docker, AWS, Python",44229,4,remoto
1258,2024-06-02,CDMX,Data Analyst,"SQL, Power BI, Tableau",30252,1,híbrido
1259,2024-01-21,Querétaro,ML Engineer,"AWS, SQL",71100,3,remoto
1260,2024-04-27,MTY,Data Engineer,"AWS, Airflow",29405,2,híbrido
1261,2024-01-24,Querétaro,ML Engineer,"AWS, Python",51758,1,híbrido
1262,2024-01-07,CDMX,Data Engineer,"Airflow, Python",72494,2,remoto
1263,2024-03-18,CDMX,Backend,"Java, Python, Docker",44212,3,presencial
1264,2024-03-05,MTY,Frontend,"Docker, JavaScript",26237,1,híbrido
1265,2024-04-12,CDMX,Backend,"AWS, Python",30600,5,remoto
1266,2024-02-06,CDMX,Frontend,"JavaScript, Docker",39822,1,híbrido
1267,2024-01-23,Querétaro,Data Engineer,"Airflow, Python, SQL",47604,1,presencial
1268,2024-05-03,Puebla,ML Engineer,"Python, AWS",55250,2,remoto
1269,2024-04-09,CDMX,ML Engineer,"Pandas, SQL",66538,5,híbrido
1270,2024-01-15,CDMX,Frontend,"JavaScript, Docker",37443,1,remoto
1271,2024-05-27,CDMX,DevOps,"Docker, Python, AWS",53240,1,remoto
1272,2024-05-02,CDMX,ML Engineer,"AWS, Python",55297,5,híbrido
1273,2024-03-07,MTY,DevOps,"Python, Docker",59597,3,híbrido
1274,2024-06-06,GDL,DevOps,"AWS, Python",54903,3,remoto
1275,2024-03-06,Querétaro,Backend,"Python, Java",53587,3,híbrido
1276,2024-06-13,MTY,ML Engineer,"AWS, Python",59786,5,híbrido
1277,2024-02-27,Puebla,ML Engineer,"Pandas, AWS, Python, SQL",42720,2,híbrido
1278,2024-01-17,CDMX,Data Engineer,"AWS, Airflow, Python, SQL",60763,3,híbrido
1279,2024-05-12,CDMX,Data Engineer,"Python, AWS, SQL",58449,1,híbrido
1280,2024-02-16,CDMX,Frontend,"JavaScript, Docker",28874,2,remoto
1281,2024-05-02,CDMX,DevOps,"Python, Docker",51174,1,presencial
1282,2024-02-23,MTY,DevOps,"Docker, Python",48401,3,híbrido
1283,2024-02-02,CDMX,Backend,"AWS, Python, Java, Docker",37920,1,híbrido
1284,2024-06-18,CDMX,Backend,"Java, Docker, AWS, Python",38845,3,remoto
1285,2024-05-05,CDMX,Data Engineer,"SQL, Airflow, AWS",36482,3,presencial
1286,2024-06-14,CDMX,DevOps,"Docker, AWS",38973,5,presencial
1287,2024-01-23,GDL,Data Engineer,"AWS, Airflow",55714,3,remoto
1288,2024-01-24,GDL,Data Engineer,"SQL, AWS",56414,1,híbrido
1289,2024-03-18,MTY,Backend,"AWS, Docker",45176,3,híbrido
1290,2024-02-10,Puebla,Backend,"Python, Java, Docker, AWS",54063,5,presencial
1291,2024-03-09,CDMX,DevOps,"Docker, AWS, Python",54428,1,híbrido
1292,2024-01-12,CDMX,Frontend,"Docker, JavaScript",42204,5,híbrido
1293,2024-01-27,CDMX,Backend,"AWS, Docker, Java",40256,5,remoto
1294,2024-04-07,GDL,Data Analyst,"Tableau, SQL",23641,3,remoto
1295,2024-01-23,CDMX,Backend,"Java, Python, Docker, AWS",62116,1,presencial
1296,2024-06-21,MTY,Backend,"Python, Docker, AWS, Java",37266,3,híbrido
1297,2024-01-12,GDL,ML Engineer,"Python, AWS",45421,5,presencial
1298,2024-04-11,Querétaro,Data Analyst,"SQL, Python, Power BI, Tableau",31826,3,híbrido
1299,2024-05-21,CDMX,Frontend,"Docker, JavaScript",39082,3,remoto
1300,2024-01-06,GDL,DevOps,"Python, Docker",49350,1,remoto
1301,2024-03-26,Puebla,ML Engineer,"Python, SQL, Pandas, AWS",54740,2,híbrido
1302,2024-03-26,MTY,Frontend,"JavaScript, Docker",48012,3,híbrido
1303,2024-04-27,MTY,ML Engineer,"Python, Pandas",51978,3,remoto
1304,2024-05-15,CDMX,Frontend,"Docker, JavaScript",40015,2,híbrido
1305,2024-06-04,Querétaro,Data Analyst,"Power BI, Python, SQL, Tableau",33231,3,remoto
1306,2024-02-24,MTY,Backend,"Python, Java",46278,3,híbrido
1307,2024-02-06,CDMX,ML Engineer,"SQL, AWS, Pandas, Python",59046,4,remoto
1308,2024-01-03,GDL,ML Engineer,"Pandas, Python, AWS",57150,1,presencial
1309,2024-06-07,Querétaro,Data Analyst,"Python, Tableau",51621,2,remoto
1310,2024-01-14,GDL,Data Analyst,"SQL, Python, Tableau, Power BI",42094,2,híbrido
1311,2024-01-11,GDL,Frontend,"Docker, JavaScript",27501,3,remoto
1312,2024-06-18,Puebla,Data Analyst,"Tableau, Power BI, Python, SQL",35404,3,presencial
1313,2024-02-23,CDMX,Data Engineer,"AWS, Airflow",47573,1,remoto
1314,2024-03-21,CDMX,Backend,"AWS, Docker",46070,5,híbrido
1315,2024-02-19,GDL,DevOps,"Docker, AWS",54977,5,presencial
1316,2024-02-07,CDMX,Data Engineer,"SQL, Airflow, Python, AWS",58849,2,remoto
1317,2024-02-23,CDMX,Frontend,"Docker, JavaScript",32112,3,híbrido
1318,2024-05-22,Querétaro,Data Engineer,"Python, AWS, SQL",28801,1,presencial
1319,2024-04-20,CDMX,DevOps,"Docker, AWS",60011,3,híbrido
1320,2024-02-26,Puebla,Data Analyst,"Tableau, Python, SQL, Power BI",32139,1,híbrido
1321,2024-01-07,CDMX,Data Analyst,"Tableau, Python, Power BI",34683,1,híbrido
1322,2024-01-15,GDL,DevOps,"Docker, AWS, Python",48572,5,presencial
1323,2024-04-06,CDMX,Data Analyst,"Tableau, Power BI, SQL",39724,2,remoto
1324,2024-05-14,CDMX,Data Analyst,"Power BI, Python, Tableau",40970,3,remoto
1325,2024-02-22,CDMX,Data Analyst,"Tableau, Python",28480,5,remoto
1326,2024-01-07,CDMX,Backend,"AWS, Docker",28988,2,híbrido
1327,2024-02-04,CDMX,Data Engineer,"Airflow, AWS",36601,1,remoto
1328,2024-04-26,CDMX,Backend,"AWS, Python, Java",48870,5,híbrido
1329,2024-02-27,GDL,Data Engineer,"Python, SQL, Airflow",59252,3,híbrido
1330,2024-04-27,CDMX,Data Analyst,"Python, Power BI",30585,3,presencial
1331,2024-05-12,Puebla,Backend,"AWS, Java",47651,4,híbrido
1332,2024-04-01,CDMX,DevOps,"AWS, Python",44676,1,remoto
1333,2024-01-21,MTY,Data Engineer,"Python, Airflow, AWS",23060,2,híbrido
1334,2024-04-16,GDL,Data Analyst,"Python, SQL",42640,1,híbrido
1335,2024-02-23,CDMX,ML Engineer,"Pandas, AWS, Python",48705,2,remoto
1336,2024-06-13,CDMX,ML Engineer,"SQL, AWS, Python",47451,2,híbrido
1337,2024-06-19,CDMX,Data Analyst,"Tableau, Power BI, Python, SQL",37208,4,presencial
1338,2024-03-09,GDL,Backend,"Python, Java",34445,2,remoto
1339,2024-04-18,Puebla,Data Engineer,"SQL, AWS",67504,3,híbrido
1340,2024-01-01,CDMX,Data Analyst,"Python, Power BI, SQL, Tableau",38590,2,remoto
1341,2024-04-21,GDL,ML Engineer,"SQL, AWS, Python, Pandas",51150,5,remoto
1342,2024-05-02,GDL,Frontend,"Docker, JavaScript",40244,1,híbrido
1343,2024-01-09,GDL,Data Analyst,"Python, Power BI, SQL, Tableau",25970,1,presencial
1344,2024-01-05,CDMX,Data Engineer,"Python, SQL, Airflow",57025,2,híbrido
1345,2024-01-04,CDMX,Backend,"AWS, Docker",40098,5,remoto
1346,2024-01-17,GDL,DevOps,"AWS, Python",66231,3,remoto
1347,2024-02-23,Puebla,Frontend,"Docker, JavaScript",49934,2,híbrido
1348,2024-04-15,CDMX,Frontend,"JavaScript, Docker",29988,1,remoto
1349,2024-05-14,GDL,Data Analyst,"SQL, Python, Power BI, Tableau",36952,3,remoto
1350,2024-01-25,Puebla,Data Engineer,"Airflow, Python, AWS, SQL",37106,2,presencial
1351,2024-02-01,GDL,Frontend,"JavaScript, Docker",21953,2,híbrido
1352,2024-05-24,GDL,DevOps,"Python, AWS",56504,2,híbrido
1353,2024-05-24,CDMX,ML Engineer,"Pandas, AWS, SQL",46425,1,híbrido
1354,2024-06-18,CDMX,DevOps,"Python, AWS, Docker",55406,3,remoto
1355,2024-03-18,GDL,Data Engineer,"AWS, Airflow",15000,1,remoto
1356,2024-05-09,CDMX,Frontend,"Docker, JavaScript",32097,1,presencial
1357,2024-05-15,GDL,DevOps,"Docker, AWS",56870,1,híbrido
1358,2024-04-12,CDMX,Data Engineer,"SQL, AWS, Airflow",56806,1,remoto
1359,2024-03-16,CDMX,Data Analyst,"Python, Power BI",32789,2,remoto
1360,2024-03-11,Querétaro,Data Analyst,"Python, Tableau",43186,2,remoto
1361,2024-02-02,Puebla,ML Engineer,"Python, SQL, Pandas",52854,3,híbrido
1362,2024-01-02,CDMX,DevOps,"Docker, Python",51453,1,remoto
1363,2024-03-12,CDMX,DevOps,"Python, Docker",55847,2,remoto
1364,2024-03-05,Querétaro,Data Analyst,"SQL, Power BI",27326,5,híbrido
1365,2024-02-23,CDMX,DevOps,"AWS, Docker",55306,1,presencial
1366,2024-03-03,CDMX,Backend,"AWS, Java, Python, Docker",54286,3,remoto
1367,2024-06-12,Puebla,Frontend,"JavaScript, Docker",28469,2,híbrido
1368,2024-06-05,CDMX,Data Engineer,"SQL, Python, Airflow",23271,3,presencial
1369,2024-01-06,CDMX,Data Analyst,"Power BI, Python, Tableau",38579,1,remoto
1370,2024-03-19,CDMX,Frontend,"Docker, JavaScript",33608,2,híbrido
1371,2024-03-01,CDMX,Frontend,"Docker, JavaScript",42177,1,remoto
1372,2024-01-22,Puebla,ML Engineer,"Pandas, SQL, Python, AWS",53714,2,híbrido
1373,2024-02-25,CDMX,ML Engineer,"SQL, Python",52357,3,remoto
1374,2024-03-15,CDMX,Data Engineer,"AWS, SQL",45929,4,presencial
1375,2024-02-19,CDMX,Frontend,"Docker, JavaScript",34318,3,híbrido
1376,2024-04-01,CDMX,DevOps,"Docker, AWS, Python",47513,3,presencial
1377,2024-02-01,CDMX,Backend,"AWS, Java, Python, Docker",66521,1,remoto
1378,2024-05-01,GDL,Frontend,"JavaScript, Docker",41416,3,híbrido
1379,2024-05-22,CDMX,Data Analyst,"Python, SQL, Tableau",26616,3,presencial
1380,2024-01-15,Querétaro,Data Engineer,"Airflow, Python, SQL",54249,3,remoto
1381,2024-04-21,MTY,Data Analyst,"Power BI, Tableau, SQL",53310,1,híbrido
1382,2024-04-04,CDMX,Backend,"Docker, AWS",55929,1,presencial
1383,2024-03-26,MTY,DevOps,"AWS, Docker",43616,3,remoto
1384,2024-06-09,Puebla,Backend,"AWS, Python, Docker, Java",55584,3,presencial
1385,2024-04-17,CDMX,Backend,"Python, AWS, Java, Docker",30660,2,remoto
1386,2024-06-19,GDL,Frontend,"JavaScript, Docker",37860,5,híbrido
1387,2024-06-11,CDMX,ML Engineer,"Pandas, AWS, SQL, Python",44158,2,remoto
1388,2024-05-21,MTY,Data Engineer,"SQL, Python, Airflow, AWS",33574,5,híbrido
1389,2024-03-27,GDL,Data Engineer,"SQL, Airflow",40184,1,híbrido
1390,2024-01-09,GDL,Frontend,"Docker, JavaScript",30891,4,híbrido
1391,2024-05-05,MTY,Data Engineer,"Airflow, SQL, AWS, Python",54856,4,remoto
1392,2024-03-15,CDMX,DevOps,"Python, Docker, AWS",51720,3,remoto
1393,2024-05-21,CDMX,Data Engineer,"SQL, Python, Airflow",39763,5,remoto
1394,2024-04-27,CDMX,DevOps,"AWS, Python",54540,5,híbrido
1395,2024-05-07,MTY,ML Engineer,"SQL, Pandas, Python",42718,5,presencial
1396,2024-05-06,GDL,Data Engineer,"SQL, AWS, Airflow, Python",49858,2,remoto
1397,2024-03-14,MTY,Frontend,"JavaScript, Docker",39139,1,remoto
1398,2024-01-04,Querétaro,DevOps,"AWS, Docker",46096,1,remoto
1399,2024-05-24,CDMX,Data Analyst,"Tableau, SQL, Python",32107,1,remoto
1400,2024-05-20,GDL,Frontend,"JavaScript, Docker",38266,3,remoto
1401,2024-02-23,Querétaro,Backend,"AWS, Docker, Java, Python",37294,1,híbrido
1402,2024-06-15,Querétaro,DevOps,"Docker, AWS",70550,1,presencial
1403,2024-05-16,MTY,Data Engineer,"Python, Airflow, SQL",56352,1,híbrido
1404,2024-01-23,GDL,Data Analyst,"Python, SQL",41963,2,presencial
1405,2024-03-24,GDL,ML Engineer,"AWS, SQL, Python",59381,1,remoto
1406,2024-04-17,Puebla,ML Engineer,"Python, Pandas, SQL",64273,2,híbrido
1407,2024-02-25,GDL,Frontend,"Docker, JavaScript",34209,3,remoto
1408,2024-01-20,CDMX,Frontend,"JavaScript, Docker",37741,1,híbrido
1409,2024-06-26,Puebla,Data Engineer,"SQL, Python",38456,2,remoto
1410,2024-01-27,GDL,ML Engineer,"SQL, Pandas, AWS",41660,2,presencial
1411,2024-01-02,Puebla,Data Engineer,"Python, SQL, AWS, Airflow",50049,2,presencial
1412,2024-01-17,CDMX,Backend,"AWS, Python, Java",36410,1,presencial
1413,2024-06-08,CDMX,DevOps,"AWS, Docker, Python",58258,2,híbrido
1414,2024-06-18,Puebla,Data Engineer,"Python, SQL, Airflow, AWS",49881,3,remoto
1415,2024-02-12,Puebla,DevOps,"Docker, Python, AWS",50223,5,presencial
1416,2024-01-23,GDL,Data Analyst,"SQL, Tableau",26851,2,híbrido
1417,2024-05-24,CDMX,Backend,"Java, Python, AWS, Docker",56778,3,remoto
1418,2024-03-22,CDMX,Data Analyst,"Power BI, SQL, Tableau",34603,1,híbrido
1419,2024-06-04,CDMX,ML Engineer,"AWS, Pandas",55838,1,híbrido
1420,2024-02-01,Puebla,Frontend,"Docker, JavaScript",28007,3,híbrido
1421,2024-06-14,CDMX,Backend,"Docker, Java, Python",58193,3,remoto
1422,2024-02-17,GDL,Data Analyst,"SQL, Tableau",30725,2,presencial
1423,2024-06-09,GDL,ML Engineer,"Pandas, AWS",52568,2,remoto
1424,2024-04-13,CDMX,Data Analyst,"Tableau, Python, Power BI, SQL",33296,5,híbrido
1425,2024-06-20,MTY,Frontend,"JavaScript, Docker",22773,2,presencial
1426,2024-04-21,Puebla,ML Engineer,"SQL, AWS, Python, Pandas",44391,4,remoto
1427,2024-01-08,MTY,DevOps,"Python, Docker, AWS",50234,1,presencial
1428,2024-05-06,CDMX,Backend,"AWS, Python, Docker",39214,2,remoto
1429,2024-06-19,GDL,Frontend,"Docker, JavaScript",34897,1,híbrido
1430,2024-02-01,CDMX,Data Analyst,"Power BI, Tableau, SQL, Python",20739,1,híbrido
1431,2024-05-16,Querétaro,Backend,"Docker, AWS",44400,3,híbrido
1432,2024-03-23,CDMX,DevOps,"Python, Docker, AWS",57890,3,remoto
1433,2024-01-01,GDL,Data Engineer,"Airflow, SQL, AWS, Python",50854,3,remoto
1434,2024-03-03,CDMX,Data Engineer,"Python, SQL",41254,2,remoto
1435,2024-06-14,Puebla,Data Analyst,"Tableau, Power BI, Python",41748,1,híbrido
1436,2024-01-25,CDMX,Data Engineer,"Airflow, AWS, SQL",49013,3,presencial
1437,2024-03-17,GDL,Data Analyst,"SQL, Tableau",35442,2,remoto
1438,2024-04-22,CDMX,Data Analyst,"Power BI, Tableau, SQL",44771,5,presencial
1439,2024-01-09,GDL,Data Engineer,"SQL, Airflow, AWS",39695,2,presencial
1440,2024-06-13,CDMX,Data Engineer,"Python, Airflow",63863,1,híbrido
1441,2024-03-14,CDMX,DevOps,"Python, Docker, AWS",53277,1,híbrido
1442,2024-05-18,CDMX,DevOps,"AWS, Docker",37508,2,presencial
1443,2024-06-16,CDMX,ML Engineer,"Pandas, AWS, Python",69973,5,híbrido
1444,2024-05-17,Puebla,DevOps,"Python, AWS, Docker",53324,2,remoto
1445,2024-03-06,MTY,ML Engineer,"SQL, AWS",53150,2,híbrido
1446,2024-02-18,CDMX,DevOps,"Python, Docker",52898,1,presencial
1447,2024-04-09,CDMX,Frontend,"JavaScript, Docker",59540,2,remoto
1448,2024-01-13,Puebla,DevOps,"AWS, Docker, Python",73238,4,presencial
1449,2024-06-10,CDMX,Data Analyst,"SQL, Tableau, Power BI, Python",19687,5,remoto
1450,2024-02-05,GDL,Data Analyst,"Power BI, Python, Tableau",34200,2,presencial
1451,2024-03-10,CDMX,ML Engineer,"Pandas, Python, SQL, AWS",48426,3,presencial
1452,2024-02-19,GDL,Frontend,"JavaScript, Docker",27301,3,híbrido
1453,2024-06-15,CDMX,Data Analyst,"Tableau, SQL",40729,2,remoto
1454,2024-05-07,CDMX,Backend,"AWS, Python, Java",47873,4,híbrido
1455,2024-01-18,CDMX,Backend,"Java, AWS, Python, Docker",24224,5,híbrido
1456,2024-05-19,CDMX,Frontend,"JavaScript, Docker",45647,2,híbrido
1457,2024-04-09,GDL,Frontend,"JavaScript, Docker",42755,3,remoto
1458,2024-06-23,MTY,Backend,"Java, Docker, AWS",63780,2,híbrido
1459,2024-04-07,CDMX,ML Engineer,"Python, SQL",71520,1,híbrido
1460,2024-04-11,GDL,Data Analyst,"SQL, Python",28720,5,híbrido
1461,2024-02-13,Puebla,Data Analyst,"Power BI, SQL, Python, Tableau",30700,1,híbrido
1462,2024-04-22,Querétaro,Frontend,"Docker, JavaScript",19870,3,presencial
1463,2024-03-21,GDL,ML Engineer,"Pandas, SQL, AWS",68811,1,híbrido
1464,2024-06-20,MTY,Backend,"Docker, Java, Python, AWS",26233,3,remoto
1465,2024-06-24,CDMX,Frontend,"JavaScript, Docker",39995,2,remoto
1466,2024-01-23,CDMX,Data Analyst,"SQL, Tableau, Power BI",46880,4,remoto
1467,2024-02-26,Puebla,DevOps,"Python, Docker, AWS",53086,1,remoto
1468,2024-03-25,CDMX,Backend,"Python, AWS",38711,2,remoto
1469,2024-02-15,Querétaro,DevOps,"Python, AWS",45449,1,híbrido
1470,2024-04-23,MTY,DevOps,"AWS, Docker",51228,2,remoto
1471,2024-06-09,CDMX,Frontend,"JavaScript, Docker",42937,3,híbrido
1472,2024-01-15,Puebla,Frontend,"Docker, JavaScript",37696,3,remoto
1473,2024-05-10,CDMX,DevOps,"Python, AWS",51217,3,híbrido
1474,2024-01-17,CDMX,DevOps,"Python, Docker",45001,1,presencial
1475,2024-05-02,CDMX,Data Engineer,"SQL, AWS, Airflow",47607,2,remoto
1476,2024-05-01,CDMX,Frontend,"JavaScript, Docker",43540,1,remoto
1477,2024-02-23,GDL,Backend,"Python, AWS, Docker",36596,1,remoto
1478,2024-06-01,MTY,ML Engineer,"AWS, Python, Pandas",51183,2,híbrido
1479,2024-02-13,CDMX,Backend,"Java, Docker, Python, AWS",59074,5,remoto
1480,2024-02-18,GDL,DevOps,"Docker, AWS, Python",59037,4,remoto
1481,2024-04-13,MTY,Data Analyst,"Tableau, Python, SQL, Power BI",17358,1,híbrido
1482,2024-06-25,MTY,ML Engineer,"Python, Pandas",46394,1,presencial
1483,2024-01-24,GDL,DevOps,"AWS, Python, Docker",28134,1,remoto
1484,2024-05-16,CDMX,Data Analyst,"Python, SQL",39736,1,presencial
1485,2024-01-18,MTY,ML Engineer,"SQL, Pandas, Python, AWS",58817,2,remoto
1486,2024-06-15,Querétaro,Backend,"Java, Docker",42438,5,remoto
1487,2024-02-13,MTY,Data Engineer,"AWS, SQL, Python, Airflow",35865,2,remoto
1488,2024-03-10,CDMX,ML Engineer,"Python, Pandas, AWS",38196,1,híbrido
1489,2024-01-06,CDMX,ML Engineer,"SQL, AWS",41556,1,híbrido
1490,2024-06-14,MTY,ML Engineer,"AWS, SQL",60126,3,híbrido
1491,2024-04-22,MTY,ML Engineer,"SQL, Pandas, Python",58237,3,remoto
1492,2024-05-17,CDMX,Data Analyst,"Power BI, Tableau",26189,3,remoto
1493,2024-05-26,Querétaro,ML Engineer,"AWS, SQL",55347,3,híbrido
1494,2024-04-14,CDMX,Backend,"Python, AWS",60322,3,híbrido
1495,2024-04-17,Querétaro,Data Engineer,"AWS, Airflow",56642,2,remoto
1496,2024-01-05,MTY,Data Engineer,"SQL, Python, AWS, Airflow",53097,1,presencial
1497,2024-01-18,MTY,Data Engineer,"AWS, SQL",49578,5,remoto
1498,2024-01-23,GDL,ML Engineer,"Python, AWS",67187,3,híbrido
1499,2024-02-25,CDMX,ML Engineer,"SQL, Python, AWS",64749,2,remoto
1500,2024-06-02,CDMX,DevOps,"Python, AWS",43703,1,híbrido
1501,2024-05-21,MTY,Backend,"Python, AWS",40051,1,presencial
1502,2024-01-21,CDMX,Frontend,"JavaScript, Docker",42668,1,remoto
1503,2024-02-08,Puebla,ML Engineer,"AWS, SQL, Python, Pandas",61709,2,remoto
1504,2024-01-15,GDL,Data Engineer,"Airflow, SQL, AWS",64128,3,híbrido
1505,2024-05-24,Puebla,Backend,"Docker, AWS, Python",61763,1,híbrido
1506,2024-02-03,MTY,Data Engineer,"Python, SQL",42283,1,híbrido
1507,2024-04-11,GDL,Backend,"AWS, Python, Docker",53531,4,presencial
1508,2024-02-05,Querétaro,Backend,"Python, AWS",26383,1,remoto
1509,2024-06-14,GDL,ML Engineer,"SQL, Pandas, Python",71008,1,presencial
1510,2024-06-19,CDMX,Frontend,"Docker, JavaScript",47190,3,presencial
1511,2024-06-19,MTY,Data Analyst,"Tableau, Python, Power BI, SQL",31866,1,híbrido
1512,2024-06-01,GDL,Backend,"Docker, AWS, Python, Java",39792,2,híbrido
1513,2024-05-13,GDL,Backend,"Java, AWS",49147,1,remoto
1514,2024-06-22,CDMX,Data Engineer,"SQL, Python, AWS, Airflow",48180,5,híbrido
1515,2024-06-15,Puebla,Data Analyst,"Python, Tableau",35009,5,híbrido
1516,2024-02-22,CDMX,ML Engineer,"SQL, AWS",51519,2,híbrido
1517,2024-06-20,MTY,Frontend,"Docker, JavaScript",23360,2,presencial
1518,2024-05-06,GDL,Backend,"Docker, Java",47503,3,remoto
1519,2024-05-08,MTY,Frontend,"Docker, JavaScript",28222,4,presencial
1520,2024-03-08,MTY,Frontend,"JavaScript, Docker",24793,3,remoto
1521,2024-06-10,CDMX,Data Engineer,"Airflow, SQL, Python, AWS",47117,5,híbrido
1522,2024-01-08,Querétaro,Data Analyst,"SQL, Tableau, Python",48127,3,remoto
1523,2024-06-13,CDMX,Data Analyst,"SQL, Power BI, Python",21781,3,presencial
1524,2024-04-08,Querétaro,DevOps,"AWS, Python",38321,3,remoto
1525,2024-04-24,CDMX,ML Engineer,"AWS, Python, SQL",54583,5,remoto
1526,2024-06-25,GDL,ML Engineer,"AWS, SQL, Pandas, Python",77143,2,presencial
1527,2024-06-13,Querétaro,Data Analyst,"Python, Power BI, Tableau, SQL",29363,1,híbrido
1528,2024-03-15,GDL,Backend,"Docker, Python",53825,1,remoto
1529,2024-01-27,Querétaro,ML Engineer,"Pandas, SQL",67650,2,remoto
1530,2024-06-24,MTY,Data Engineer,"Python, AWS",62859,1,híbrido
1531,2024-05-06,CDMX,Backend,"Java, Docker, Python, AWS",49470,2,híbrido
1532,2024-04-09,MTY,DevOps,"Docker, Python, AWS",55620,2,presencial
1533,2024-06-07,Puebla,DevOps,"Docker, AWS, Python",57479,5,remoto
1534,2024-04-10,MTY,Data Engineer,"Airflow, AWS, SQL, Python",52284,3,remoto
1535,2024-05-24,CDMX,Data Analyst,"Tableau, Power BI",29434,4,remoto
1536,2024-01-27,MTY,Frontend,"Docker, JavaScript",39235,2,híbrido
1537,2024-03-22,CDMX,ML Engineer,"SQL, AWS, Pandas, Python",53681,3,presencial
1538,2024-03-01,CDMX,Data Engineer,"Python, AWS, Airflow",56034,2,presencial
1539,2024-03-15,CDMX,Data Engineer,"Python, AWS, SQL",43090,3,presencial
1540,2024-04-03,Querétaro,ML Engineer,"SQL, Python, Pandas, AWS",47962,3,remoto
1541,2024-03-17,MTY,Data Analyst,"Tableau, SQL, Power BI",28197,5,presencial
1542,2024-05-21,Puebla,Data Analyst,"Python, SQL",35111,5,híbrido
1543,2024-06-07,GDL,Data Engineer,"Python, SQL",38508,4,remoto
1544,2024-02-14,CDMX,Data Engineer,"Airflow, Python, SQL",49809,1,presencial
1545,2024-04-01,CDMX,Data Analyst,"Python, Tableau",42871,1,remoto
1546,2024-01-16,MTY,Data Analyst,"Power BI, Python",36650,2,híbrido
1547,2024-02-22,Querétaro,Backend,"Java, AWS",62450,4,híbrido
1548,2024-03-19,GDL,DevOps,"Python, AWS, Docker",64372,1,presencial
1549,2024-01-22,Puebla,Data Engineer,"Python, Airflow, AWS, SQL",60037,1,híbrido
1550,2024-03-09,GDL,Frontend,"JavaScript, Docker",45595,5,híbrido
1551,2024-05-11,CDMX,Data Engineer,"SQL, AWS, Python",44313,5,remoto
1552,2024-01-09,CDMX,Data Analyst,"Python, SQL, Tableau",37683,2,híbrido
1553,2024-06-25,MTY,Backend,"Docker, Python, AWS",47282,2,híbrido
1554,2024-06-07,MTY,Frontend,"JavaScript, Docker",61340,1,remoto
1555,2024-02-21,MTY,Data Analyst,"SQL, Python",35761,2,presencial
1556,2024-03-09,Puebla,ML Engineer,"Pandas, SQL, Python",63938,3,presencial
1557,2024-02-22,MTY,Frontend,"JavaScript, Docker",45562,1,híbrido
1558,2024-03-20,MTY,Data Engineer,"AWS, Python, Airflow, SQL",42557,1,presencial
1559,2024-05-12,CDMX,DevOps,"Docker, Python",56214,3,remoto
1560,2024-02-08,GDL,Backend,"Java, AWS",29803,3,presencial
1561,2024-05-26,Puebla,Data Analyst,"Power BI, Tableau, Python",31331,2,remoto
1562,2024-03-11,MTY,Data Engineer,"Python, Airflow, SQL, AWS",51816,3,híbrido
1563,2024-06-02,CDMX,Backend,"Java, AWS",43787,2,híbrido
1564,2024-02-06,Querétaro,Data Analyst,"SQL, Tableau, Python",37415,5,remoto
1565,2024-03-26,CDMX,DevOps,"AWS, Docker, Python",51223,2,remoto
1566,2024-03-10,GDL,ML Engineer,"SQL, AWS, Python",50119,1,presencial
1567,2024-01-25,Querétaro,Frontend,"Docker, JavaScript",41057,2,remoto
1568,2024-03-20,Puebla,ML Engineer,"Python, SQL",42399,2,remoto
1569,2024-04-15,MTY,ML Engineer,"Pandas, Python, SQL, AWS",66473,1,híbrido
1570,2024-06-24,CDMX,Backend,"Docker, AWS, Python, Java",47607,1,híbrido
1571,2024-01-22,CDMX,Data Engineer,"SQL, Python, Airflow",47723,3,híbrido
1572,2024-04-25,CDMX,Backend,"Docker, Java",36814,1,híbrido
1573,2024-01-04,GDL,DevOps,"Python, AWS, Docker",43371,1,remoto
1574,2024-04-08,CDMX,Frontend,"Docker, JavaScript",61129,1,híbrido
1575,2024-03-23,CDMX,ML Engineer,"AWS, Python, SQL",56495,2,presencial
1576,2024-02-09,MTY,Backend,"AWS, Java, Docker, Python",44281,2,híbrido
1577,2024-06-22,CDMX,Backend,"Python, Docker, Java, AWS",30551,2,presencial
1578,2024-01-24,MTY,DevOps,"Python, AWS, Docker",55279,1,remoto
1579,2024-03-21,GDL,Backend,"AWS, Java",50138,1,híbrido
1580,2024-01-20,MTY,ML Engineer,"Pandas, Python, SQL, AWS",38423,1,híbrido
1581,2024-05-03,CDMX,Data Engineer,"Python, AWS",50166,2,presencial
1582,2024-01-06,GDL,Frontend,"Docker, JavaScript",35642,2,híbrido
1583,2024-04-13,Puebla,Backend,"Python, AWS, Java",43070,1,remoto
1584,2024-03-25,CDMX,Data Engineer,"Python, Airflow",51932,2,híbrido
1585,2024-03-22,CDMX,Frontend,"Docker, JavaScript",43042,3,remoto
1586,2024-02-16,CDMX,ML Engineer,"AWS, Python",51133,4,híbrido
1587,2024-04-22,MTY,Backend,"Docker, Java, Python",55676,2,híbrido
1588,2024-06-19,GDL,Data Analyst,"Python, Tableau, SQL",24070,4,remoto
1589,2024-01-15,CDMX,Frontend,"Docker, JavaScript",37781,1,híbrido
1590,2024-06-10,CDMX,DevOps,"Python, Docker, AWS",66199,2,híbrido
1591,2024-04-23,GDL,Data Engineer,"SQL, AWS",47095,3,híbrido
1592,2024-06-07,GDL,DevOps,"Docker, AWS",54007,2,presencial
1593,2024-01-01,CDMX,Backend,"Python, AWS",36637,1,remoto
1594,2024-04-03,CDMX,Backend,"Docker, AWS, Java, Python",35175,3,presencial
1595,2024-05-15,MTY,Data Engineer,"Airflow, Python",52283,1,híbrido
1596,2024-03-16,GDL,Data Analyst,"Power BI, SQL",29941,2,híbrido
1597,2024-04-04,CDMX,Frontend,"JavaScript, Docker",37435,2,presencial
1598,2024-04-03,Querétaro,DevOps,"Docker, AWS",58090,2,remoto
1599,2024-01-11,Puebla,ML Engineer,"Python, SQL, AWS, Pandas",60014,3,presencial
1600,2024-01-01,GDL,Frontend,"Docker, JavaScript",40976,2,presencial
1601,2024-02-03,Querétaro,Backend,"AWS, Docker",46843,3,remoto
1602,2024-05-10,CDMX,DevOps,"Docker, Python",56347,3,remoto
1603,2024-02-06,CDMX,Data Engineer,"AWS, SQL, Python",59944,2,remoto
1604,2024-06-19,CDMX,Backend,"Java, Python, Docker, AWS",36413,1,remoto
1605,2024-05-06,CDMX,Data Engineer,"AWS, SQL, Airflow",31480,2,remoto
1606,2024-04-10,MTY,Data Engineer,"Airflow, SQL, AWS, Python",56120,5,presencial
1607,2024-02-13,CDMX,DevOps,"Docker, Python, AWS",45239,4,presencial
1608,2024-03-04,MTY,Data Analyst,"Power BI, Python, SQL, Tableau",33183,2,híbrido
1609,2024-02-19,CDMX,ML Engineer,"SQL, AWS, Pandas",36004,2,híbrido
1610,2024-03-05,CDMX,Backend,"Python, Java, AWS, Docker",37107,1,remoto
1611,2024-03-17,CDMX,ML Engineer,"SQL, Python, AWS, Pandas",55600,4,híbrido
1612,2024-05-19,CDMX,Data Analyst,"Tableau, Power BI",28347,1,presencial
1613,2024-05-25,MTY,Backend,"Docker, Python, Java",46617,1,presencial
1614,2024-03-02,Puebla,ML Engineer,"SQL, Python, AWS, Pandas",37318,3,remoto
1615,2024-01-15,Puebla,DevOps,"AWS, Python, Docker",49728,2,remoto
1616,2024-03-16,CDMX,Data Analyst,"Power BI, Python",20845,5,híbrido
1617,2024-01-05,Querétaro,ML Engineer,"Python, Pandas",77220,1,remoto
1618,2024-06-01,GDL,Data Engineer,"AWS, SQL, Python, Airflow",68736,1,remoto
1619,2024-06-27,CDMX,Frontend,"JavaScript, Docker",35243,3,remoto
1620,2024-02-24,Puebla,Data Engineer,"Airflow, AWS, SQL",49778,2,híbrido
1621,2024-04-03,GDL,Backend,"Docker, Python, Java, AWS",41041,5,híbrido
1622,2024-06-12,Querétaro,Frontend,"Docker, JavaScript",45445,1,remoto
1623,2024-01-17,GDL,DevOps,"Python, Docker",42111,1,remoto
1624,2024-04-05,GDL,Data Analyst,"Power BI, Tableau",39856,1,remoto
1625,2024-06-01,Querétaro,DevOps,"Python, AWS",42218,3,remoto
1626,2024-03-21,CDMX,Data Analyst,"Python, Power BI, SQL, Tableau",25666,1,remoto
1627,2024-02-21,CDMX,Backend,"Java, Docker, AWS",35445,3,remoto
1628,2024-01-01,CDMX,Frontend,"Docker, JavaScript",48386,1,remoto
1629,2024-06-22,CDMX,ML Engineer,"Python, AWS",48080,2,presencial
1630,2024-06-08,CDMX,Backend,"Java, AWS",31735,3,híbrido
1631,2024-06-22,GDL,Data Analyst,"Tableau, Power BI, Python, SQL",37834,2,remoto
1632,2024-02-02,CDMX,Data Analyst,"SQL, Python",39433,1,híbrido
1633,2024-05-03,CDMX,DevOps,"Docker, Python, AWS",51413,2,remoto
1634,2024-04-24,GDL,Backend,"Docker, Python, Java, AWS",51407,3,híbrido
1635,2024-04-19,GDL,Data Engineer,"AWS, Airflow, Python",71235,5,remoto
1636,2024-03-03,CDMX,DevOps,"Python, AWS",54999,1,híbrido
1637,2024-04-26,GDL,Frontend,"JavaScript, Docker",27812,1,remoto
1638,2024-01-25,CDMX,Data Engineer,"Airflow, Python, AWS",43863,5,remoto
1639,2024-02-09,MTY,Frontend,"Docker, JavaScript",33898,2,híbrido
1640,2024-05-27,CDMX,Data Analyst,"Power BI, Tableau",26175,4,remoto
1641,2024-03-27,CDMX,ML Engineer,"Pandas, SQL, Python",64636,1,híbrido
1642,2024-01-27,GDL,Backend,"Python, AWS, Java",38008,5,híbrido
1643,2024-02-02,Querétaro,Backend,"Java, Python, Docker",58796,1,remoto
1644,2024-06-23,Puebla,Backend,"Python, AWS, Docker",41817,4,remoto
1645,2024-05-07,Puebla,Backend,"AWS, Docker, Python",42870,4,remoto
1646,2024-04-21,MTY,ML Engineer,"SQL, Python, Pandas",51672,2,presencial
1647,2024-05-15,Querétaro,Data Analyst,"SQL, Tableau, Python",30538,3,presencial
1648,2024-04-03,Querétaro,Frontend,"JavaScript, Docker",33534,3,híbrido
1649,2024-06-05,MTY,ML Engineer,"AWS, Pandas",42024,3,híbrido
1650,2024-01-09,GDL,DevOps,"Docker, Python, AWS",65734,2,híbrido
1651,2024-02-12,MTY,ML Engineer,"Pandas, AWS, SQL, Python",38809,3,híbrido
1652,2024-02-23,MTY,Data Analyst,"SQL, Python, Tableau, Power BI",32213,1,remoto
1653,2024-06-22,GDL,ML Engineer,"SQL, AWS, Python",67160,1,híbrido
1654,2024-03-18,MTY,Backend,"Java, Python, AWS",33034,2,remoto
1655,2024-02-16,Puebla,Backend,"Python, Docker",59314,1,presencial
1656,2024-02-04,MTY,ML Engineer,"AWS, SQL, Pandas, Python",36461,1,híbrido
1657,2024-06-16,GDL,Data Analyst,"Tableau, SQL, Python, Power BI",40498,1,híbrido
1658,2024-01-06,CDMX,DevOps,"Docker, AWS, Python",59405,1,remoto
1659,2024-03-22,GDL,Data Engineer,"AWS, Airflow, SQL, Python",34249,1,híbrido
1660,2024-02-18,CDMX,ML Engineer,"Python, Pandas, SQL",60805,2,presencial
1661,2024-02-24,CDMX,Data Analyst,"Power BI, Python, SQL",28317,1,remoto
1662,2024-01-21,Puebla,Backend,"Docker, Java, Python",35481,1,híbrido
1663,2024-02-01,Querétaro,Data Engineer,"AWS, Python, SQL, Airflow",48135,4,remoto
1664,2024-05-02,Querétaro,Data Engineer,"Airflow, AWS, SQL",36012,1,remoto
1665,2024-06-27,GDL,Data Analyst,"Python, SQL",37873,1,presencial
1666,2024-04-13,GDL,Backend,"AWS, Docker",43775,3,remoto
1667,2024-02-01,GDL,Backend,"AWS, Python, Java, Docker",36659,4,híbrido
1668,2024-01-04,MTY,Backend,"Docker, Java, Python",46683,2,remoto
1669,2024-01-19,Querétaro,Data Engineer,"Python, AWS, SQL",50426,2,híbrido
1670,2024-05-14,MTY,DevOps,"Python, AWS",66716,3,remoto
1671,2024-05-19,Puebla,Data Engineer,"Python, Airflow, AWS",36828,3,presencial
1672,2024-06-02,GDL,Data Analyst,"Python, Tableau, Power BI",38141,1,remoto
1673,2024-04-14,GDL,DevOps,"Docker, Python, AWS",40697,5,híbrido
1674,2024-05-23,Puebla,ML Engineer,"Python, Pandas",69122,4,remoto
1675,2024-05-25,MTY,Backend,"Java, Docker, AWS, Python",51744,2,híbrido
1676,2024-01-24,CDMX,ML Engineer,"Pandas, Python",53106,1,presencial
1677,2024-01-25,CDMX,DevOps,"Python, Docker, AWS",41464,3,remoto
1678,2024-04-12,Querétaro,Data Engineer,"AWS, SQL, Python",51622,2,remoto
1679,2024-05-04,MTY,Data Analyst,"SQL, Python, Tableau",48602,1,híbrido
1680,2024-01-16,MTY,Frontend,"JavaScript, Docker",35473,3,presencial
1681,2024-01-19,CDMX,ML Engineer,"Pandas, Python, AWS",46137,1,presencial
1682,2024-03-01,CDMX,ML Engineer,"Pandas, SQL, Python, AWS",53098,3,híbrido
1683,2024-04-04,MTY,Data Engineer,"SQL, Airflow",40164,2,presencial
1684,2024-05-24,CDMX,Data Analyst,"Python, Power BI, SQL, Tableau",27950,1,remoto
1685,2024-04-22,MTY,DevOps,"Python, AWS",37855,1,híbrido
1686,2024-05-11,MTY,Data Engineer,"SQL, AWS, Python, Airflow",49839,1,remoto
1687,2024-02-08,CDMX,Data Analyst,"SQL, Tableau, Python, Power BI",30903,3,híbrido
1688,2024-03-26,MTY,Data Engineer,"Airflow, AWS, Python, SQL",24769,2,presencial
1689,2024-03-05,CDMX,Data Analyst,"SQL, Python, Tableau",22477,1,remoto
1690,2024-01-12,GDL,Data Analyst,"SQL, Power BI, Python",26344,1,híbrido
1691,2024-05-11,GDL,Data Analyst,"Python, Tableau, Power BI",46886,1,presencial
1692,2024-03-05,GDL,ML Engineer,"SQL, Python, AWS, Pandas",64828,2,remoto
1693,2024-05-07,GDL,Frontend,"Docker, JavaScript",36656,2,remoto
1694,2024-05-08,CDMX,ML Engineer,"Python, SQL",49690,2,híbrido
1695,2024-01-12,MTY,Backend,"Java, Docker, AWS",48650,5,presencial
1696,2024-04-06,CDMX,ML Engineer,"SQL, AWS",59308,3,remoto
1697,2024-06-10,Querétaro,DevOps,"Docker, AWS",57013,1,híbrido
1698,2024-06-25,Querétaro,Data Analyst,"SQL, Tableau, Power BI",24643,5,híbrido
1699,2024-06-10,CDMX,Data Engineer,"SQL, AWS",49400,1,híbrido
1700,2024-04-24,CDMX,DevOps,"Python, AWS, Docker",57034,2,híbrido
1701,2024-01-20,CDMX,Backend,"AWS, Java, Docker, Python",62752,2,híbrido
1702,2024-06-26,CDMX,Data Analyst,"SQL, Python, Tableau",43918,2,presencial
1703,2024-06-13,Querétaro,DevOps,"AWS, Docker",56304,2,presencial
1704,2024-03-10,CDMX,ML Engineer,"Pandas, AWS, SQL",45613,4,remoto
1705,2024-06-09,Puebla,ML Engineer,"SQL, AWS",59018,1,híbrido
1706,2024-02-12,MTY,ML Engineer,"Pandas, Python, SQL, AWS",42838,2,híbrido
1707,2024-02-05,CDMX,DevOps,"AWS, Python, Docker",68143,4,híbrido
1708,2024-03-05,Puebla,DevOps,"Python, AWS, Docker",31091,1,remoto
1709,2024-01-19,GDL,Frontend,"JavaScript, Docker",64643,1,remoto
1710,2024-05-14,CDMX,Frontend,"Docker, JavaScript",40793,3,híbrido
1711,2024-02-09,CDMX,Data Engineer,"Airflow, SQL, Python, AWS",57046,3,híbrido
1712,2024-02-16,Puebla,ML Engineer,"AWS, SQL, Python, Pandas",54927,1,híbrido
1713,2024-06-23,GDL,DevOps,"Python, Docker",53706,2,híbrido
1714,2024-01-04,CDMX,DevOps,"Python, AWS",55507,3,híbrido
1715,2024-03-14,CDMX,Data Analyst,"Power BI, Tableau, Python",42484,1,híbrido
1716,2024-03-27,CDMX,Data Analyst,"Power BI, Tableau, SQL, Python",49385,2,presencial
1717,2024-06-26,CDMX,Backend,"Java, Docker, AWS",42869,2,híbrido
1718,2024-02-14,CDMX,Backend,"Java, AWS, Python, Docker",44021,2,remoto
1719,2024-04-25,CDMX,ML Engineer,"SQL, AWS",46984,2,remoto
1720,2024-03-08,CDMX,Data Engineer,"AWS, SQL, Airflow, Python",55184,3,remoto
1721,2024-01-25,CDMX,Frontend,"Docker, JavaScript",29299,1,híbrido
1722,2024-04-22,CDMX,Backend,"Python, AWS, Docker, Java",22393,5,presencial
1723,2024-04-17,CDMX,Data Analyst,"Python, SQL",29649,1,híbrido
1724,2024-02-03,Puebla,Data Analyst,"Power BI, Python, Tableau",25803,2,híbrido
1725,2024-05-09,CDMX,Data Analyst,"Power BI, Tableau, Python",22242,4,presencial
1726,2024-02-05,GDL,Frontend,"JavaScript, Docker",32107,5,híbrido
1727,2024-04-17,CDMX,Data Engineer,"Airflow, SQL, AWS",55931,1,remoto
1728,2024-03-19,Querétaro,DevOps,"Docker, AWS, Python",40710,1,remoto
1729,2024-02-22,GDL,DevOps,"AWS, Docker, Python",57984,1,presencial
1730,2024-05-07,Querétaro,Backend,"Java, Docker, AWS, Python",51273,4,remoto
1731,2024-06-05,Puebla,ML Engineer,"Python, AWS, SQL",49131,1,híbrido
1732,2024-05-03,CDMX,Frontend,"JavaScript, Docker",41178,5,híbrido
1733,2024-05-21,MTY,Data Analyst,"Power BI, SQL",33433,3,remoto
1734,2024-06-22,MTY,DevOps,"Docker, AWS, Python",42679,4,presencial
1735,2024-02-07,Puebla,Data Analyst,"SQL, Python, Power BI",17485,1,presencial
1736,2024-03-07,MTY,Backend,"AWS, Python",39198,3,híbrido
1737,2024-05-08,CDMX,Data Engineer,"Python, Airflow, SQL",43729,3,remoto
1738,2024-05-10,CDMX,Backend,"Java, AWS, Docker, Python",46669,3,híbrido
1739,2024-05-25,GDL,Data Analyst,"Power BI, SQL, Tableau",31416,2,remoto
1740,2024-05-23,MTY,ML Engineer,"AWS, Python, SQL, Pandas",46402,3,híbrido
1741,2024-03-15,GDL,Backend,"Docker, Java, Python",30862,2,híbrido
1742,2024-03-13,MTY,Backend,"Java, Docker, Python, AWS",35168,1,presencial
1743,2024-03-11,CDMX,ML Engineer,"SQL, Pandas, AWS, Python",63814,4,remoto
1744,2024-03-11,MTY,Data Analyst,"Python, SQL",32787,2,remoto
1745,2024-01-07,CDMX,ML Engineer,"Python, Pandas",46174,5,híbrido
1746,2024-04-26,GDL,DevOps,"AWS, Python",47372,2,remoto
1747,2024-03-16,Puebla,DevOps,"AWS, Python, Docker",53954,2,remoto
1748,2024-06-05,GDL,Data Engineer,"Python, SQL",56938,1,remoto
1749,2024-01-08,GDL,Data Engineer,"AWS, Airflow, Python",38638,1,remoto
1750,2024-04-02,CDMX,Data Engineer,"Python, SQL",42234,1,remoto
1751,2024-04-26,Querétaro,ML Engineer,"Pandas, Python, SQL",33458,3,presencial
1752,2024-01-06,MTY,Data Analyst,"Tableau, Power BI, Python, SQL",23056,3,híbrido
1753,2024-05-19,MTY,ML Engineer,"Pandas, Python, AWS",58074,3,presencial
1754,2024-02-22,GDL,DevOps,"Python, Docker, AWS",61414,1,presencial
1755,2024-05-15,CDMX,Data Analyst,"SQL, Python",44084,1,remoto
1756,2024-02-25,MTY,Data Analyst,"SQL, Python, Tableau",26404,5,híbrido
1757,2024-01-04,CDMX,Backend,"AWS, Python, Docker, Java",35435,1,híbrido
1758,2024-05-14,Puebla,Frontend,"Docker, JavaScript",43171,3,híbrido
1759,2024-01-21,GDL,Backend,"Java, Docker, AWS",40757,2,híbrido
1760,2024-02-04,MTY,ML Engineer,"Pandas, SQL, Python, AWS",65328,1,presencial
1761,2024-06-14,Puebla,Frontend,"Docker, JavaScript",35686,2,presencial
1762,2024-03-26,CDMX,DevOps,"AWS, Python, Docker",46576,1,presencial
1763,2024-03-14,CDMX,Data Analyst,"Python, SQL, Power BI, Tableau",38721,2,remoto
1764,2024-01-07,Querétaro,Frontend,"Docker, JavaScript",43802,2,híbrido
1765,2024-05-16,MTY,Data Analyst,"Power BI, Tableau, SQL",32727,1,híbrido
1766,2024-01-03,CDMX,Data Analyst,"Tableau, SQL, Python",27352,4,remoto
1767,2024-04-21,CDMX,Frontend,"Docker, JavaScript",34605,3,remoto
1768,2024-03-15,CDMX,Data Analyst,"Power BI, SQL, Python, Tableau",31672,3,híbrido
1769,2024-01-09,GDL,DevOps,"Docker, AWS",72534,2,remoto
1770,2024-01-03,MTY,Frontend,"Docker, JavaScript",20034,1,remoto
1771,2024-06-05,MTY,ML Engineer,"Python, AWS",57946,4,híbrido
1772,2024-02-11,CDMX,Data Analyst,"Python, SQL, Tableau, Power BI",37314,4,híbrido
1773,2024-02-02,CDMX,DevOps,"AWS, Docker, Python",51897,2,híbrido
1774,2024-03-01,CDMX,Backend,"Java, AWS",48446,5,híbrido
1775,2024-05-27,MTY,Frontend,"JavaScript, Docker",48217,2,híbrido
1776,2024-06-20,MTY,Frontend,"JavaScript, Docker",30225,2,remoto
1777,2024-03-07,MTY,DevOps,"Docker, Python, AWS",48637,3,híbrido
1778,2024-05-26,Querétaro,DevOps,"AWS, Docker, Python",60746,2,híbrido
1779,2024-04-07,CDMX,Frontend,"Docker, JavaScript",35047,3,remoto
1780,2024-02-14,CDMX,Frontend,"JavaScript, Docker",42044,1,híbrido
1781,2024-05-07,CDMX,Backend,"Python, Docker, AWS",27537,1,híbrido
1782,2024-01-04,CDMX,DevOps,"Docker, Python, AWS",67747,2,remoto
1783,2024-01-19,CDMX,ML Engineer,"Python, Pandas, SQL",47823,2,presencial
1784,2024-03-23,Querétaro,ML Engineer,"AWS, Pandas",64124,2,presencial
1785,2024-02-27,CDMX,Data Engineer,"AWS, SQL",48025,5,híbrido
1786,2024-05-16,Puebla,Frontend,"JavaScript, Docker",38648,3,remoto
1787,2024-02-07,CDMX,ML Engineer,"Pandas, AWS, SQL",54198,5,remoto
1788,2024-05-01,Puebla,Data Analyst,"Tableau, Python",42507,1,presencial
1789,2024-01-09,GDL,Data Analyst,"Power BI, SQL",39331,3,híbrido
1790,2024-06-13,CDMX,Data Engineer,"SQL, AWS",53208,3,remoto
1791,2024-01-11,CDMX,Backend,"Python, AWS, Java, Docker",47925,5,remoto
1792,2024-02-26,GDL,Data Analyst,"Python, Power BI",38982,2,presencial
1793,2024-01-15,CDMX,DevOps,"Docker, AWS",32869,3,híbrido
1794,2024-05-17,CDMX,Data Analyst,"Python, Power BI, Tableau, SQL",20015,1,remoto
1795,2024-04-17,Querétaro,ML Engineer,"SQL, Python, Pandas, AWS",59218,2,híbrido
1796,2024-03-18,Puebla,Data Analyst,"Python, Power BI",46968,2,híbrido
1797,2024-02-02,CDMX,Data Engineer,"Python, SQL, Airflow, AWS",30091,2,híbrido
1798,2024-02-01,Querétaro,ML Engineer,"SQL, Pandas",66518,5,híbrido
1799,2024-06-15,MTY,Data Analyst,"SQL, Power BI, Tableau",26681,3,remoto
1800,2024-05-13,CDMX,Backend,"AWS, Java",42655,3,presencial
1801,2024-03-21,MTY,Data Engineer,"Airflow, AWS, SQL",46771,2,remoto
1802,2024-03-13,GDL,Data Analyst,"Tableau, Python, SQL, Power BI",27559,5,híbrido
1803,2024-05-17,CDMX,Data Engineer,"Airflow, Python",48952,4,presencial
1804,2024-03-11,GDL,DevOps,"Python, AWS",49720,2,híbrido
1805,2024-05-27,CDMX,Backend,"Java, Docker, Python, AWS",59339,3,híbrido
1806,2024-01-16,MTY,DevOps,"AWS, Python, Docker",53198,2,híbrido
1807,2024-03-21,Puebla,Data Analyst,"SQL, Python",30974,5,presencial
1808,2024-04-27,CDMX,Frontend,"Docker, JavaScript",39405,1,presencial
1809,2024-06-08,Querétaro,Data Analyst,"Tableau, Power BI",27209,1,híbrido
1810,2024-01-03,GDL,Frontend,"Docker, JavaScript",41875,1,presencial
1811,2024-03-14,CDMX,Data Analyst,"Tableau, Python, SQL",15295,2,presencial
1812,2024-03-11,CDMX,Data Engineer,"Airflow, SQL",45052,5,remoto
1813,2024-03-24,CDMX,Data Engineer,"Python, Airflow",74966,2,remoto
1814,2024-03-22,CDMX,Data Analyst,"Python, SQL, Power BI",36895,3,remoto
1815,2024-06-04,CDMX,ML Engineer,"Python, AWS, Pandas",46222,2,híbrido
1816,2024-06-21,CDMX,ML Engineer,"Pandas, SQL, Python",70766,1,presencial
1817,2024-05-15,MTY,Frontend,"JavaScript, Docker",47458,2,presencial
1818,2024-03-17,MTY,ML Engineer,"Python, Pandas",59409,4,presencial
1819,2024-02-12,Puebla,Data Engineer,"Python, SQL, AWS",50543,4,remoto
1820,2024-01-11,MTY,Data Engineer,"Airflow, AWS",46316,2,presencial
1821,2024-01-19,Puebla,ML Engineer,"SQL, Pandas, Python",46957,2,híbrido
1822,2024-03-09,CDMX,Data Analyst,"Python, Power BI, Tableau",30903,2,presencial
1823,2024-02-22,Querétaro,Frontend,"JavaScript, Docker",24549,1,híbrido
1824,2024-05-01,GDL,Frontend,"Docker, JavaScript",37072,1,remoto
1825,2024-03-03,CDMX,Data Engineer,"Airflow, SQL",43986,2,remoto
1826,2024-06-19,CDMX,Backend,"AWS, Java, Docker, Python",41817,1,remoto
1827,2024-02-11,CDMX,Data Engineer,"Airflow, Python, SQL, AWS",62953,2,híbrido
1828,2024-05-06,GDL,Frontend,"JavaScript, Docker",42743,1,presencial
1829,2024-01-17,Querétaro,Data Analyst,"Tableau, SQL, Power BI",32209,1,híbrido
1830,2024-03-26,CDMX,Backend,"Docker, AWS",39620,3,híbrido
1831,2024-02-20,CDMX,Data Engineer,"Python, Airflow, AWS",34943,2,remoto
1832,2024-05-13,CDMX,DevOps,"Python, AWS, Docker",31797,1,presencial
1833,2024-02-18,MTY,Data Engineer,"SQL, AWS, Python, Airflow",31955,1,presencial
1834,2024-01-18,Puebla,Data Engineer,"AWS, Python, Airflow",52969,2,híbrido
1835,2024-04-25,CDMX,DevOps,"Docker, Python, AWS",55768,1,híbrido
1836,2024-05-09,CDMX,Data Engineer,"Airflow, Python, SQL",42698,4,presencial
1837,2024-02-07,CDMX,DevOps,"Python, AWS, Docker",42371,1,remoto
1838,2024-04-11,Querétaro,ML Engineer,"AWS, Python",57745,3,remoto
1839,2024-03-05,CDMX,Data Analyst,"Tableau, SQL, Python, Power BI",40028,3,remoto
1840,2024-01-21,CDMX,DevOps,"Docker, AWS, Python",48665,4,híbrido
1841,2024-04-14,GDL,Backend,"Docker, Java, AWS, Python",32472,1,híbrido
1842,2024-02-18,MTY,Data Engineer,"Python, SQL",24623,1,híbrido
1843,2024-03-26,Puebla,ML Engineer,"Pandas, Python, SQL",46814,2,híbrido
1844,2024-02-05,MTY,DevOps,"Docker, AWS, Python",56168,1,remoto
1845,2024-06-22,MTY,ML Engineer,"Python, AWS",63673,2,híbrido
1846,2024-04-10,CDMX,Data Analyst,"Tableau, SQL, Python, Power BI",62872,3,remoto
1847,2024-03-15,Puebla,Frontend,"Docker, JavaScript",16282,1,presencial
1848,2024-06-19,GDL,Backend,"Python, Java, Docker",55027,1,híbrido
1849,2024-05-13,MTY,Frontend,"Docker, JavaScript",40065,2,presencial
1850,2024-04-04,MTY,Frontend,"Docker, JavaScript",36095,1,híbrido
1851,2024-06-20,MTY,Data Engineer,"Airflow, Python, AWS, SQL",45103,4,híbrido
1852,2024-06-05,CDMX,DevOps,"Docker, Python, AWS",44585,1,remoto
1853,2024-02-06,CDMX,Frontend,"JavaScript, Docker",52093,4,remoto
1854,2024-04-22,CDMX,Frontend,"JavaScript, Docker",27066,1,híbrido
1855,2024-05-23,Puebla,Backend,"AWS, Python",62806,2,remoto
1856,2024-02-22,MTY,DevOps,"Docker, AWS",54376,1,remoto
1857,2024-03-25,CDMX,Data Engineer,"AWS, Python",57243,2,remoto
1858,2024-06-01,CDMX,Frontend,"Docker, JavaScript",15000,3,híbrido
1859,2024-01-09,GDL,Data Engineer,"Python, SQL, Airflow, AWS",65537,4,híbrido
1860,2024-03-01,MTY,Data Engineer,"SQL, Airflow",57526,1,híbrido
1861,2024-03-14,CDMX,Data Engineer,"AWS, Airflow, Python, SQL",42862,1,híbrido
1862,2024-05-15,CDMX,Backend,"Java, AWS",50979,4,remoto
1863,2024-06-11,Puebla,DevOps,"AWS, Docker, Python",51327,1,híbrido
1864,2024-05-20,Puebla,Data Analyst,"Power BI, Tableau, SQL, Python",35395,1,híbrido
1865,2024-06-08,CDMX,Data Engineer,"SQL, Airflow, Python, AWS",32215,1,presencial
1866,2024-05-26,MTY,Frontend,"Docker, JavaScript",44674,2,remoto
1867,2024-05-04,CDMX,Data Analyst,"Power BI, Tableau, Python",23731,2,híbrido
1868,2024-01-13,CDMX,Data Analyst,"Tableau, Python, Power BI",15000,5,híbrido
1869,2024-03-20,MTY,DevOps,"Python, Docker, AWS",66024,1,remoto
1870,2024-03-17,GDL,Frontend,"Docker, JavaScript",42709,3,presencial
1871,2024-06-12,Puebla,Data Analyst,"Tableau, Python, Power BI",15860,2,remoto
1872,2024-04-07,CDMX,Frontend,"JavaScript, Docker",46009,3,híbrido
1873,2024-04-12,MTY,Data Analyst,"Tableau, Python, SQL",41938,2,remoto
1874,2024-02-27,GDL,Backend,"Java, Python",21654,3,remoto
1875,2024-01-22,CDMX,Backend,"Python, AWS, Docker, Java",56814,2,remoto
1876,2024-05-27,GDL,Frontend,"Docker, JavaScript",37787,3,remoto
1877,2024-06-03,MTY,Backend,"Java, AWS, Python, Docker",40029,3,remoto
1878,2024-01-06,GDL,Frontend,"Docker, JavaScript",21846,2,híbrido
1879,2024-02-10,Puebla,Data Analyst,"SQL, Power BI, Python, Tableau",36488,4,híbrido
1880,2024-01-08,GDL,DevOps,"Python, Docker, AWS",65255,4,remoto
1881,2024-03-22,CDMX,Frontend,"JavaScript, Docker",40299,4,presencial
1882,2024-06-20,MTY,Data Engineer,"Airflow, Python, SQL",28054,1,híbrido
1883,2024-01-18,CDMX,Data Engineer,"Python, SQL",57184,4,híbrido
1884,2024-01-12,CDMX,Data Analyst,"Python, SQL",35810,1,remoto
1885,2024-06-17,CDMX,Backend,"Java, AWS, Python, Docker",50729,1,remoto
1886,2024-02-02,Puebla,Frontend,"Docker, JavaScript",44407,2,presencial
1887,2024-04-25,GDL,Data Analyst,"SQL, Python, Tableau",20860,4,presencial
1888,2024-05-19,GDL,Backend,"AWS, Docker, Java, Python",31081,5,presencial
1889,2024-05-03,GDL,Data Analyst,"SQL, Python, Power BI, Tableau",22758,1,híbrido
1890,2024-03-08,MTY,Data Engineer,"AWS, SQL",37107,2,presencial
1891,2024-02-05,GDL,Frontend,"JavaScript, Docker",46540,1,híbrido
1892,2024-03-05,GDL,ML Engineer,"Python, AWS",55949,1,remoto
1893,2024-03-20,Puebla,Backend,"Java, AWS, Docker",37167,3,híbrido
1894,2024-06-20,CDMX,Data Analyst,"Tableau, Python, Power BI, SQL",35388,2,presencial
1895,2024-03-19,GDL,Backend,"Docker, Java, Python, AWS",26185,1,híbrido
1896,2024-05-10,GDL,Backend,"AWS, Java, Docker, Python",34940,3,híbrido
1897,2024-01-09,MTY,ML Engineer,"Pandas, SQL, Python, AWS",56947,3,híbrido
1898,2024-02-13,CDMX,DevOps,"AWS, Python, Docker",35381,3,remoto
1899,2024-04-25,GDL,ML Engineer,"Python, SQL, Pandas, AWS",46909,3,presencial
1900,2024-03-03,CDMX,DevOps,"AWS, Docker",44229,3,remoto
1901,2024-03-26,CDMX,DevOps,"Python, AWS",47528,2,remoto
1902,2024-03-26,GDL,Data Analyst,"SQL, Power BI",15000,2,híbrido
1903,2024-01-03,CDMX,ML Engineer,"AWS, Python, SQL, Pandas",70686,2,remoto
1904,2024-02-21,MTY,Data Analyst,"SQL, Power BI, Python, Tableau",30330,3,remoto
1905,2024-05-18,CDMX,Data Engineer,"Airflow, AWS",43979,1,híbrido
1906,2024-02-06,Querétaro,DevOps,"Docker, AWS, Python",46495,3,híbrido
1907,2024-04-12,CDMX,Frontend,"Docker, JavaScript",49359,1,híbrido
1908,2024-05-26,CDMX,Backend,"Docker, Java, AWS, Python",31412,3,híbrido
1909,2024-03-13,GDL,Frontend,"Docker, JavaScript",40672,5,remoto
1910,2024-05-12,CDMX,Backend,"Python, AWS, Docker",31577,4,remoto
1911,2024-03-05,CDMX,Backend,"Python, Docker, AWS",15000,3,remoto
1912,2024-01-20,GDL,Backend,"Python, Docker, AWS, Java",41037,1,remoto
1913,2024-04-11,CDMX,ML Engineer,"Python, SQL, AWS",65086,2,presencial
1914,2024-02-01,Querétaro,DevOps,"AWS, Python",41252,4,remoto
1915,2024-01-07,CDMX,Frontend,"JavaScript, Docker",64415,2,remoto
1916,2024-02-06,Querétaro,Frontend,"Docker, JavaScript",38422,2,híbrido
1917,2024-06-02,CDMX,Data Analyst,"Tableau, Python",35645,2,híbrido
1918,2024-04-19,MTY,DevOps,"AWS, Docker, Python",40784,2,remoto
1919,2024-05-22,Querétaro,Frontend,"JavaScript, Docker",52764,2,remoto
1920,2024-05-04,CDMX,DevOps,"Python, AWS, Docker",54319,3,presencial
1921,2024-06-01,CDMX,Backend,"Docker, Python",43538,2,híbrido
1922,2024-03-13,Querétaro,Data Analyst,"Power BI, Python, Tableau",39313,1,remoto
1923,2024-01-22,Puebla,Backend,"Java, Docker, AWS",46931,2,presencial
1924,2024-01-14,CDMX,ML Engineer,"Pandas, SQL, AWS, Python",63420,2,presencial
1925,2024-03-05,CDMX,Data Analyst,"Power BI, Tableau, Python, SQL",29457,1,remoto
1926,2024-04-10,MTY,Frontend,"JavaScript, Docker",50287,3,remoto
1927,2024-04-14,CDMX,DevOps,"Docker, AWS",59067,3,híbrido
1928,2024-04-25,MTY,DevOps,"Python, Docker",61794,4,presencial
1929,2024-04-09,Querétaro,Frontend,"JavaScript, Docker",39509,2,híbrido
1930,2024-05-12,CDMX,DevOps,"Docker, Python",58555,4,híbrido
1931,2024-06-15,GDL,Backend,"Python, Java, Docker, AWS",27516,3,híbrido
1932,2024-06-10,CDMX,Backend,"Java, Docker",23537,2,remoto
1933,2024-03-15,MTY,ML Engineer,"Python, SQL, AWS, Pandas",55730,1,híbrido
1934,2024-03-07,CDMX,Data Analyst,"SQL, Python, Tableau",23079,1,remoto
1935,2024-05-14,CDMX,DevOps,"Docker, Python, AWS",53027,2,presencial
1936,2024-01-02,MTY,Data Analyst,"Power BI, Tableau",26714,3,remoto
1937,2024-04-01,CDMX,Data Analyst,"Power BI, SQL, Tableau",15322,2,remoto
1938,2024-05-16,MTY,Data Engineer,"AWS, Airflow, Python",52249,1,híbrido
1939,2024-05-12,GDL,Frontend,"JavaScript, Docker",36777,2,híbrido
1940,2024-06-09,CDMX,Backend,"Python, Java, AWS, Docker",63396,2,remoto
1941,2024-04-21,CDMX,Backend,"Java, Docker, Python",55529,1,híbrido
1942,2024-03-17,Puebla,ML Engineer,"AWS, SQL, Pandas",69560,3,presencial
1943,2024-05-20,Puebla,Data Analyst,"Python, Power BI, SQL",15000,1,híbrido
1944,2024-05-10,MTY,DevOps,"Python, AWS",48525,2,presencial
1945,2024-02-27,CDMX,Frontend,"JavaScript, Docker",30286,1,presencial
1946,2024-01-14,CDMX,Data Analyst,"Power BI, Tableau, SQL",36426,2,presencial
1947,2024-05-05,GDL,Backend,"Python, Docker",55411,1,remoto
1948,2024-04-13,MTY,DevOps,"AWS, Python",51200,3,remoto
1949,2024-04-12,CDMX,ML Engineer,"Python, AWS, Pandas, SQL",53512,3,híbrido
1950,2024-03-02,GDL,Backend,"Java, Docker",41579,3,híbrido
1951,2024-02-19,GDL,Frontend,"JavaScript, Docker",38250,1,presencial
1952,2024-06-07,GDL,Data Engineer,"Python, Airflow, AWS, SQL",43356,2,remoto
1953,2024-04-21,CDMX,Backend,"Python, Java, Docker, AWS",50379,4,híbrido
1954,2024-04-20,CDMX,Frontend,"JavaScript, Docker",47395,1,presencial
1955,2024-05-03,CDMX,Data Engineer,"Airflow, SQL",34293,4,remoto
1956,2024-05-16,CDMX,ML Engineer,"AWS, Pandas, Python",58936,1,remoto
1957,2024-05-17,MTY,Frontend,"Docker, JavaScript",43393,1,híbrido
1958,2024-01-19,GDL,DevOps,"Python, AWS, Docker",38266,3,híbrido
1959,2024-03-08,CDMX,Data Analyst,"Python, Power BI",44163,3,híbrido
1960,2024-02-25,GDL,Data Analyst,"Tableau, Python",37217,2,híbrido
1961,2024-01-13,GDL,Frontend,"Docker, JavaScript",43668,5,remoto
1962,2024-01-18,MTY,Backend,"Python, Java, Docker, AWS",51766,1,híbrido
1963,2024-05-26,GDL,Backend,"Java, AWS, Docker",26759,3,presencial
1964,2024-06-15,MTY,DevOps,"Docker, Python, AWS",72537,1,remoto
1965,2024-03-20,CDMX,DevOps,"Docker, Python, AWS",51117,1,presencial
1966,2024-04-15,CDMX,ML Engineer,"AWS, SQL",51715,4,remoto
1967,2024-06-01,MTY,Data Engineer,"AWS, Airflow",34053,2,remoto
1968,2024-04-17,GDL,ML Engineer,"AWS, Python, SQL, Pandas",50096,3,remoto
1969,2024-04-16,GDL,ML Engineer,"AWS, Pandas, SQL, Python",47399,1,remoto
1970,2024-02-14,CDMX,ML Engineer,"Python, AWS",53673,2,presencial
1971,2024-05-04,Puebla,Data Analyst,"Power BI, Tableau",29039,2,remoto
1972,2024-05-21,GDL,Data Engineer,"Python, AWS, Airflow, SQL",42719,2,remoto
1973,2024-01-10,GDL,Backend,"Python, Java",35591,2,presencial
1974,2024-02-01,MTY,ML Engineer,"AWS, Pandas",58884,4,remoto
1975,2024-06-18,CDMX,ML Engineer,"Python, AWS, SQL",63566,3,remoto
1976,2024-05-18,CDMX,Frontend,"Docker, JavaScript",32627,3,presencial
1977,2024-01-18,MTY,Data Engineer,"Python, SQL",33586,5,remoto
1978,2024-05-23,CDMX,Data Analyst,"SQL, Python, Power BI, Tableau",54291,1,híbrido
1979,2024-03-16,GDL,Frontend,"Docker, JavaScript",61748,3,remoto
1980,2024-05-16,CDMX,Frontend,"Docker, JavaScript",43909,1,presencial
1981,2024-05-13,Puebla,Data Engineer,"Python, AWS",57068,3,remoto
1982,2024-04-18,Puebla,Frontend,"Docker, JavaScript",15213,1,remoto
1983,2024-04-18,CDMX,Frontend,"JavaScript, Docker",37981,3,presencial
1984,2024-05-17,CDMX,ML Engineer,"AWS, SQL, Pandas, Python",58863,4,híbrido
1985,2024-03-26,CDMX,Backend,"Java, Docker",43795,2,remoto
1986,2024-06-03,CDMX,ML Engineer,"Python, Pandas, SQL, AWS",39525,2,remoto
1987,2024-04-26,MTY,Data Engineer,"Airflow, SQL, Python, AWS",57372,1,remoto
1988,2024-01-17,MTY,ML Engineer,"AWS, Python, SQL, Pandas",59754,3,híbrido
1989,2024-03-12,CDMX,Data Engineer,"SQL, AWS, Python, Airflow",51336,2,remoto
1990,2024-02-21,CDMX,Backend,"Python, Docker, Java, AWS",41459,1,híbrido
1991,2024-05-10,CDMX,Frontend,"Docker, JavaScript",40211,2,híbrido
1992,2024-05-24,CDMX,Backend,"Python, Docker, AWS, Java",29049,3,híbrido
1993,2024-01-09,CDMX,Data Engineer,"Airflow, AWS",55627,5,híbrido
1994,2024-06-08,GDL,Data Analyst,"Python, SQL, Tableau, Power BI",51591,5,remoto
1995,2024-05-06,MTY,Data Analyst,"Tableau, SQL, Python",29944,3,remoto
1996,2024-02-13,GDL,DevOps,"Docker, AWS",51058,3,presencial
1997,2024-04-15,CDMX,Data Engineer,"Airflow, SQL",44403,2,híbrido
1998,2024-05-25,CDMX,ML Engineer,"Pandas, Python",35987,3,remoto
1999,2024-06-01,GDL,Backend,"Java, AWS, Docker, Python",36731,3,híbrido
2000,2024-01-05,Puebla,Frontend,"Docker, JavaScript",50722,5,híbrido
2001,2024-01-07,GDL,Data Analyst,"Power BI, SQL, Python",31026,1,híbrido
2002,2024-05-27,CDMX,Data Analyst,"Power BI, Tableau, Python",23346,1,híbrido
2003,2024-06-11,Querétaro,DevOps,"AWS, Python",63176,3,remoto
2004,2024-01-18,CDMX,Data Engineer,"AWS, SQL, Python, Airflow",40091,1,híbrido
2005,2024-01-17,Querétaro,Frontend,"JavaScript, Docker",34106,1,remoto
2006,2024-03-26,CDMX,Data Engineer,"SQL, AWS, Airflow, Python",42590,1,remoto
2007,2024-06-11,CDMX,ML Engineer,"SQL, Python, Pandas, AWS",75774,1,híbrido
2008,2024-01-24,CDMX,Data Analyst,"Tableau, Python, Power BI, SQL",43492,4,presencial
2009,2024-05-21,Querétaro,Frontend,"Docker, JavaScript",46214,1,híbrido
2010,2024-06-19,GDL,Data Analyst,"Power BI, Tableau, SQL",31872,2,presencial
2011,2024-04-21,CDMX,Backend,"Python, AWS, Docker, Java",39487,2,remoto
2012,2024-03-21,GDL,ML Engineer,"Pandas, SQL, Python, AWS",54140,5,remoto
2013,2024-04-06,Querétaro,Backend,"AWS, Python",30323,1,presencial
2014,2024-06-14,MTY,ML Engineer,"Pandas, AWS, Python",44005,1,remoto
2015,2024-01-20,GDL,Backend,"Python, Java, Docker",49397,2,remoto
2016,2024-06-27,MTY,Frontend,"Docker, JavaScript",57212,1,remoto
2017,2024-05-17,GDL,Data Engineer,"Python, Airflow, SQL, AWS",54609,2,híbrido
2018,2024-05-06,GDL,DevOps,"Docker, Python",44124,2,presencial
2019,2024-05-25,MTY,Backend,"AWS, Python, Docker",61084,2,remoto
2020,2024-01-21,CDMX,DevOps,"AWS, Python, Docker",48699,2,híbrido
2021,2024-05-14,CDMX,DevOps,"Python, AWS",72046,4,híbrido
2022,2024-01-23,MTY,Frontend,"JavaScript, Docker",34309,3,remoto
2023,2024-04-14,GDL,Data Engineer,"Airflow, SQL",48911,1,presencial
2024,2024-06-08,Querétaro,Frontend,"JavaScript, Docker",28865,2,remoto
2025,2024-02-12,GDL,Backend,"Python, AWS",40721,1,híbrido
2026,2024-05-25,Puebla,Data Engineer,"Python, SQL, AWS",26647,5,presencial
2027,2024-04-19,GDL,ML Engineer,"SQL, Pandas, AWS",50053,5,remoto
2028,2024-05-17,GDL,Backend,"Python, Docker, AWS",55279,1,remoto
2029,2024-06-04,Querétaro,Backend,"Python, Docker, Java, AWS",31732,1,híbrido
2030,2024-02-08,Querétaro,Data Engineer,"AWS, Python, SQL",47942,1,híbrido
2031,2024-03-26,CDMX,DevOps,"Docker, Python, AWS",36281,2,híbrido
2032,2024-01-26,Querétaro,DevOps,"Docker, AWS",37680,1,híbrido
2033,2024-03-01,CDMX,Data Analyst,"Tableau, SQL, Power BI, Python",31427,1,presencial
2034,2024-03-12,GDL,Data Engineer,"Airflow, AWS, SQL, Python",41015,1,híbrido
2035,2024-03-07,CDMX,Frontend,"JavaScript, Docker",45079,2,híbrido
2036,2024-04-25,CDMX,Frontend,"JavaScript, Docker",43774,1,remoto
2037,2024-01-16,CDMX,Data Engineer,"AWS, Airflow, Python",44214,3,híbrido
2038,2024-05-23,CDMX,ML Engineer,"AWS, SQL, Pandas",44623,4,híbrido
2039,2024-01-16,CDMX,Backend,"Python, Java, Docker, AWS",51823,2,presencial
2040,2024-06-13,Querétaro,Data Analyst,"SQL, Power BI, Python",27828,3,presencial
2041,2024-03-06,CDMX,Backend,"AWS, Java, Docker, Python",46928,5,presencial
2042,2024-06-13,MTY,Data Analyst,"Python, Tableau, Power BI, SQL",26185,1,remoto
2043,2024-06-05,CDMX,Frontend,"JavaScript, Docker",15000,5,híbrido
2044,2024-03-21,MTY,Data Analyst,"Tableau, Power BI, SQL",32765,2,híbrido
2045,2024-04-18,CDMX,Backend,"Python, Docker, AWS",55576,1,presencial
2046,2024-02-03,MTY,Data Analyst,"Tableau, Python, Power BI, SQL",37579,1,remoto
2047,2024-03-12,MTY,Data Engineer,"AWS, Airflow",30951,1,remoto
2048,2024-06-19,MTY,ML Engineer,"Pandas, AWS",51184,2,presencial
2049,2024-01-20,CDMX,Data Analyst,"Python, SQL, Power BI, Tableau",45436,1,remoto
2050,2024-03-04,MTY,Frontend,"JavaScript, Docker",25121,3,remoto
2051,2024-06-11,CDMX,Data Engineer,"Python, SQL, Airflow",47493,3,remoto
2052,2024-06-09,MTY,Backend,"Python, Docker, AWS",52302,1,remoto
2053,2024-04-01,GDL,DevOps,"AWS, Docker, Python",35090,2,híbrido
2054,2024-02-22,CDMX,ML Engineer,"Pandas, Python, AWS, SQL",47878,2,híbrido
2055,2024-06-11,Puebla,DevOps,"Docker, Python",57638,4,híbrido
2056,2024-05-26,GDL,ML Engineer,"SQL, AWS, Python, Pandas",43143,2,remoto
2057,2024-06-27,CDMX,ML Engineer,"AWS, Pandas, Python",62068,1,híbrido
2058,2024-04-10,MTY,DevOps,"AWS, Python, Docker",40068,2,híbrido
2059,2024-02-06,CDMX,Frontend,"Docker, JavaScript",25435,1,remoto
2060,2024-06-06,CDMX,Backend,"AWS, Python",50991,4,híbrido
2061,2024-02-15,Querétaro,Data Engineer,"Airflow, AWS, Python, SQL",52972,1,presencial
2062,2024-04-23,MTY,Backend,"Java, AWS, Python",29559,2,presencial
2063,2024-01-08,MTY,ML Engineer,"SQL, Python, AWS, Pandas",47719,3,remoto
2064,2024-03-18,GDL,Data Engineer,"Python, AWS",54710,3,híbrido
2065,2024-04-10,MTY,DevOps,"Python, Docker",39978,2,híbrido
2066,2024-01-03,GDL,Frontend,"Docker, JavaScript",31451,3,híbrido
2067,2024-02-02,MTY,ML Engineer,"AWS, Python, SQL, Pandas",51466,2,remoto
2068,2024-02-10,MTY,ML Engineer,"AWS, SQL",68581,3,híbrido
2069,2024-06-13,CDMX,DevOps,"Python, AWS",64270,3,remoto
2070,2024-05-25,CDMX,Data Analyst,"Power BI, Tableau, Python",19567,4,presencial
2071,2024-03-25,Puebla,Data Analyst,"Power BI, Python",60715,1,remoto
2072,2024-05-23,MTY,ML Engineer,"Python, SQL, Pandas, AWS",68990,3,híbrido
2073,2024-04-06,GDL,Frontend,"JavaScript, Docker",47570,1,híbrido
2074,2024-05-11,CDMX,DevOps,"AWS, Docker",47768,3,híbrido
2075,2024-06-12,CDMX,Backend,"Java, AWS",38995,3,remoto
2076,2024-02-14,CDMX,Frontend,"Docker, JavaScript",28539,2,presencial
2077,2024-06-04,Querétaro,ML Engineer,"AWS, Python, SQL, Pandas",43570,1,híbrido
2078,2024-04-15,Puebla,ML Engineer,"AWS, Pandas, Python, SQL",60204,2,remoto
2079,2024-03-08,MTY,Frontend,"JavaScript, Docker",41291,3,presencial
2080,2024-04-27,CDMX,DevOps,"Python, Docker, AWS",41618,3,presencial
2081,2024-03-27,CDMX,ML Engineer,"AWS, SQL",49673,1,presencial
2082,2024-04-09,Querétaro,Frontend,"JavaScript, Docker",46651,2,híbrido
2083,2024-05-21,Querétaro,Backend,"Python, Docker",33657,1,presencial
2084,2024-01-14,CDMX,Frontend,"JavaScript, Docker",37455,1,remoto
2085,2024-02-12,MTY,DevOps,"Docker, AWS",50911,3,híbrido
2086,2024-02-08,GDL,ML Engineer,"Python, SQL, AWS, Pandas",71045,3,híbrido
2087,2024-05-06,MTY,Data Engineer,"SQL, Airflow, AWS, Python",60287,5,híbrido
2088,2024-04-27,CDMX,Backend,"Docker, Java, Python",22025,2,híbrido
2089,2024-06-02,GDL,Frontend,"JavaScript, Docker",42689,2,remoto
2090,2024-02-27,CDMX,Frontend,"JavaScript, Docker",46626,2,presencial
2091,2024-06-21,MTY,Backend,"AWS, Java, Python",58216,5,remoto
2092,2024-04-17,CDMX,Frontend,"JavaScript, Docker",47695,4,presencial
2093,2024-06-21,CDMX,ML Engineer,"Pandas, Python, AWS",55194,5,remoto
2094,2024-02-06,GDL,Backend,"AWS, Java, Python, Docker",39714,2,remoto
2095,2024-04-16,CDMX,DevOps,"Docker, Python, AWS",50273,1,remoto
2096,2024-03-03,CDMX,Data Engineer,"SQL, Airflow, Python",48474,2,híbrido
2097,2024-02-27,GDL,Frontend,"Docker, JavaScript",41756,2,remoto
2098,2024-05-27,CDMX,Data Engineer,"AWS, SQL, Airflow, Python",42821,2,híbrido
2099,2024-03-23,CDMX,Data Engineer,"SQL, Python",48083,2,híbrido
2100,2024-01-19,CDMX,Data Analyst,"SQL, Python, Tableau, Power BI",21673,2,híbrido
2101,2024-04-15,GDL,ML Engineer,"Pandas, SQL, Python",52087,3,remoto
2102,2024-01-02,GDL,DevOps,"AWS, Python, Docker",63328,2,remoto
2103,2024-03-25,GDL,Data Engineer,"Airflow, Python",35548,5,remoto
2104,2024-03-04,Puebla,Data Analyst,"Python, SQL, Power BI",23403,1,remoto
2105,2024-03-13,GDL,Data Engineer,"SQL, AWS, Python",53370,3,híbrido
2106,2024-02-18,MTY,Frontend,"JavaScript, Docker",34006,5,remoto
2107,2024-04-24,MTY,DevOps,"Docker, Python, AWS",43280,4,presencial
2108,2024-05-09,Querétaro,Data Analyst,"Tableau, Python, Power BI, SQL",21356,1,remoto
2109,2024-06-03,GDL,Data Engineer,"AWS, Python",44448,3,presencial
2110,2024-02-24,GDL,Backend,"Java, AWS, Docker, Python",47380,2,híbrido
2111,2024-06-05,GDL,Data Analyst,"Tableau, SQL",30407,1,presencial
2112,2024-01-04,MTY,Frontend,"Docker, JavaScript",32314,3,híbrido
2113,2024-04-15,MTY,Data Analyst,"Python, Power BI, Tableau, SQL",30685,2,remoto
2114,2024-03-01,GDL,Data Engineer,"Airflow, Python, AWS",57487,3,presencial
2115,2024-01-11,Querétaro,DevOps,"Docker, AWS",57066,2,remoto
2116,2024-04-07,MTY,DevOps,"Python, Docker",53252,2,remoto
2117,2024-06-11,CDMX,Data Analyst,"Tableau, Python, SQL",24170,1,remoto
2118,2024-03-12,CDMX,Data Engineer,"Python, AWS, SQL, Airflow",66739,4,remoto
2119,2024-01-07,MTY,ML Engineer,"Pandas, Python",55148,2,presencial
2120,2024-01-09,GDL,Data Analyst,"Power BI, Python",25804,3,remoto
2121,2024-06-13,Querétaro,ML Engineer,"Python, Pandas, SQL",49616,1,híbrido
2122,2024-04-03,CDMX,Frontend,"JavaScript, Docker",35994,3,híbrido
2123,2024-06-18,CDMX,Data Engineer,"SQL, Airflow",36320,2,remoto
2124,2024-06-03,Querétaro,DevOps,"Docker, AWS, Python",66994,5,híbrido
2125,2024-01-17,MTY,Data Engineer,"Python, SQL",57026,3,híbrido
2126,2024-03-05,GDL,ML Engineer,"Python, Pandas",54322,2,presencial
2127,2024-04-13,CDMX,ML Engineer,"AWS, SQL, Pandas",47723,3,presencial
2128,2024-05-07,CDMX,ML Engineer,"Pandas, AWS, SQL, Python",58836,2,remoto
2129,2024-03-01,CDMX,Data Engineer,"Airflow, AWS, Python, SQL",50021,2,híbrido
2130,2024-04-07,MTY,Data Analyst,"Tableau, Power BI, Python, SQL",37511,4,remoto
2131,2024-06-02,GDL,Data Engineer,"Python, Airflow, SQL",33430,5,remoto
2132,2024-01-14,CDMX,Data Engineer,"Airflow, Python, AWS",53194,3,híbrido
2133,2024-01-23,GDL,Frontend,"Docker, JavaScript",54442,2,híbrido
2134,2024-04-19,Puebla,ML Engineer,"AWS, Pandas",51439,3,remoto
2135,2024-06-16,Querétaro,Data Engineer,"AWS, Airflow, SQL",57412,2,presencial
2136,2024-02-21,GDL,DevOps,"AWS, Python, Docker",43678,4,híbrido
2137,2024-01-04,MTY,ML Engineer,"Python, Pandas",62946,3,híbrido
2138,2024-04-24,Querétaro,Backend,"Java, Docker, AWS, Python",51088,2,presencial
2139,2024-06-19,GDL,ML Engineer,"Pandas, AWS",45965,2,híbrido
2140,2024-04-14,CDMX,Data Analyst,"Python, SQL",32097,1,híbrido
2141,2024-04-09,Puebla,DevOps,"Python, AWS",54510,3,remoto
2142,2024-05-19,CDMX,Backend,"Docker, AWS, Python, Java",51404,3,híbrido
2143,2024-01-03,MTY,DevOps,"Python, Docker, AWS",55917,1,presencial
2144,2024-06-27,CDMX,ML Engineer,"Python, SQL, AWS",57962,1,remoto
2145,2024-06-23,MTY,DevOps,"Docker, AWS",57011,2,híbrido
2146,2024-04-10,CDMX,DevOps,"Python, Docker, AWS",70169,4,híbrido
2147,2024-05-03,GDL,Data Analyst,"Python, Power BI",26258,2,híbrido
2148,2024-02-21,Puebla,DevOps,"Python, AWS, Docker",50357,1,híbrido
2149,2024-02-25,MTY,Backend,"Java, Python, AWS",56649,1,remoto
2150,2024-06-15,CDMX,ML Engineer,"SQL, AWS",63702,4,remoto
2151,2024-04-06,GDL,DevOps,"Python, Docker",46238,2,remoto
2152,2024-06-22,GDL,DevOps,"AWS, Docker, Python",46102,3,presencial
2153,2024-06-23,MTY,Data Engineer,"Python, AWS",68666,2,híbrido
2154,2024-05-24,CDMX,ML Engineer,"SQL, AWS, Python",42495,1,remoto
2155,2024-06-16,GDL,DevOps,"AWS, Docker, Python",40266,4,presencial
2156,2024-02-10,Puebla,ML Engineer,"Pandas, AWS",60781,1,remoto
2157,2024-04-17,Puebla,Backend,"Java, AWS, Python, Docker",35205,1,híbrido
2158,2024-02-25,MTY,ML Engineer,"Pandas, SQL, Python",55489,3,presencial
2159,2024-06-23,MTY,ML Engineer,"Python, SQL, Pandas, AWS",70710,2,remoto
2160,2024-05-25,MTY,Backend,"Java, Docker, AWS",51458,3,remoto
2161,2024-03-21,MTY,Data Engineer,"Python, Airflow, AWS",32541,5,híbrido
2162,2024-01-21,CDMX,Data Analyst,"Tableau, Power BI, SQL, Python",39705,5,remoto
2163,2024-03-10,CDMX,ML Engineer,"AWS, Pandas, SQL, Python",26637,3,presencial
2164,2024-02-19,Querétaro,Data Analyst,"Tableau, Power BI",25854,1,remoto
2165,2024-05-04,MTY,Backend,"Python, Java, AWS",50798,1,presencial
2166,2024-06-02,MTY,Data Engineer,"Airflow, AWS",55787,1,híbrido
2167,2024-04-11,MTY,Data Engineer,"Airflow, SQL",53242,1,híbrido
2168,2024-01-01,CDMX,DevOps,"AWS, Python, Docker",39462,2,remoto
2169,2024-04-12,CDMX,Backend,"Java, AWS, Docker, Python",49982,1,presencial
2170,2024-04-20,MTY,Data Engineer,"SQL, Airflow, AWS",39795,1,híbrido
2171,2024-05-01,Querétaro,ML Engineer,"SQL, Pandas, AWS, Python",50546,3,híbrido
2172,2024-01-05,Querétaro,Data Engineer,"Airflow, Python, AWS",54261,3,presencial
2173,2024-01-05,MTY,Frontend,"JavaScript, Docker",28301,2,remoto
2174,2024-06-10,MTY,DevOps,"Python, Docker, AWS",54666,4,presencial
2175,2024-01-23,Querétaro,Backend,"Python, Java, Docker, AWS",44467,3,remoto
2176,2024-02-07,Puebla,ML Engineer,"Pandas, SQL",59828,1,híbrido
2177,2024-06-13,GDL,Backend,"AWS, Docker",64191,1,remoto
2178,2024-04-04,CDMX,ML Engineer,"Pandas, SQL, Python",78670,2,híbrido
2179,2024-02-11,CDMX,Frontend,"Docker, JavaScript",47530,2,híbrido
2180,2024-05-19,GDL,Backend,"Docker, Java",53166,3,remoto
2181,2024-04-19,Querétaro,ML Engineer,"SQL, Python, Pandas, AWS",68398,2,remoto
2182,2024-06-27,MTY,Data Engineer,"AWS, Python",42283,3,remoto
2183,2024-05-16,GDL,ML Engineer,"Python, SQL, Pandas",62327,1,remoto
2184,2024-06-22,Puebla,Data Analyst,"SQL, Python, Tableau",25581,2,híbrido
2185,2024-02-12,GDL,DevOps,"Python, AWS",48225,2,presencial
2186,2024-01-23,CDMX,Frontend,"JavaScript, Docker",47707,2,híbrido
2187,2024-01-18,MTY,Data Engineer,"Python, SQL",47741,3,híbrido
2188,2024-02-20,Puebla,ML Engineer,"Pandas, AWS",68553,3,híbrido
2189,2024-06-17,Querétaro,Backend,"AWS, Python, Docker, Java",58532,2,remoto
2190,2024-02-09,GDL,DevOps,"Docker, Python, AWS",46173,3,presencial
2191,2024-06-03,Querétaro,Backend,"AWS, Docker",57414,5,remoto
2192,2024-02-07,CDMX,Frontend,"Docker, JavaScript",52231,2,remoto
2193,2024-03-18,Puebla,Data Engineer,"SQL, AWS, Airflow, Python",42324,2,remoto
2194,2024-03-03,GDL,Data Engineer,"Airflow, Python, AWS",37207,1,remoto
2195,2024-03-27,Puebla,DevOps,"AWS, Docker, Python",69283,1,híbrido
2196,2024-05-12,Puebla,Data Engineer,"AWS, Airflow, Python",53981,2,presencial
2197,2024-01-18,MTY,Frontend,"JavaScript, Docker",28466,1,híbrido
2198,2024-03-08,CDMX,DevOps,"Python, Docker",71200,2,híbrido
2199,2024-04-08,GDL,ML Engineer,"SQL, Python, AWS, Pandas",44293,5,híbrido
2200,2024-05-11,Querétaro,Data Engineer,"AWS, SQL",46863,2,híbrido
2201,2024-01-19,GDL,Data Analyst,"Power BI, SQL",34316,1,remoto
2202,2024-03-01,CDMX,Backend,"Java, Python, Docker",32236,3,híbrido
2203,2024-04-09,GDL,ML Engineer,"AWS, Python, SQL",52002,1,híbrido
2204,2024-05-20,Querétaro,Frontend,"Docker, JavaScript",59342,5,remoto
2205,2024-02-03,Puebla,Data Analyst,"Python, Tableau, Power BI",45558,1,híbrido
2206,2024-06-20,CDMX,Frontend,"JavaScript, Docker",67632,2,híbrido
2207,2024-05-19,MTY,Backend,"Java, Python",46120,1,remoto
2208,2024-05-06,CDMX,Frontend,"Docker, JavaScript",20749,1,remoto
2209,2024-05-26,Querétaro,ML Engineer,"SQL, AWS",53629,1,híbrido
2210,2024-06-22,CDMX,Data Analyst,"Tableau, Python, Power BI, SQL",18155,3,presencial
2211,2024-06-17,CDMX,Data Analyst,"Tableau, SQL, Power BI",22839,1,remoto
2212,2024-02-18,MTY,Frontend,"JavaScript, Docker",40456,1,remoto
2213,2024-01-08,MTY,DevOps,"Python, Docker, AWS",59142,2,presencial
2214,2024-05-17,MTY,Frontend,"Docker, JavaScript",35028,2,híbrido
2215,2024-01-03,Puebla,Backend,"AWS, Python",49566,1,presencial
2216,2024-06-14,Puebla,Data Analyst,"SQL, Python, Power BI",37705,5,remoto
2217,2024-06-21,Querétaro,DevOps,"AWS, Python",50943,1,remoto
2218,2024-05-18,CDMX,Frontend,"JavaScript, Docker",48078,1,remoto
2219,2024-05-16,MTY,Data Engineer,"SQL, AWS",41072,1,híbrido
2220,2024-06-17,CDMX,Data Analyst,"Tableau, Python, SQL",40568,3,presencial
2221,2024-02-02,Querétaro,ML Engineer,"Pandas, AWS, Python, SQL",58257,3,presencial
2222,2024-04-13,CDMX,Data Analyst,"Tableau, Power BI, Python, SQL",36741,2,remoto
2223,2024-06-17,GDL,Data Engineer,"SQL, AWS, Python",37307,3,híbrido
2224,2024-05-07,CDMX,Backend,"Java, Docker",49628,4,híbrido
2225,2024-02-13,MTY,ML Engineer,"AWS, SQL, Python, Pandas",74298,1,híbrido
2226,2024-01-01,Querétaro,Frontend,"JavaScript, Docker",17286,3,remoto
2227,2024-03-01,Puebla,DevOps,"Docker, Python, AWS",71959,3,presencial
2228,2024-04-20,Puebla,Frontend,"JavaScript, Docker",41546,2,híbrido
2229,2024-01-15,MTY,DevOps,"AWS, Python",53321,1,híbrido
2230,2024-02-22,CDMX,Data Engineer,"Airflow, AWS, SQL",63490,2,híbrido
2231,2024-04-13,MTY,ML Engineer,"Python, AWS, Pandas",55815,2,remoto
2232,2024-05-20,MTY,DevOps,"AWS, Docker",43400,2,híbrido
2233,2024-05-10,CDMX,DevOps,"Docker, Python, AWS",59237,3,presencial
2234,2024-03-12,CDMX,ML Engineer,"SQL, Python, Pandas",57566,1,híbrido
2235,2024-06-19,GDL,Data Engineer,"Airflow, AWS",73685,1,remoto
2236,2024-01-15,CDMX,DevOps,"Python, Docker, AWS",27586,3,presencial
2237,2024-01-20,GDL,ML Engineer,"AWS, Pandas",51210,2,híbrido
2238,2024-03-15,CDMX,Backend,"Python, Java",33150,2,remoto
2239,2024-01-26,CDMX,ML Engineer,"SQL, Pandas, Python, AWS",48079,3,híbrido
2240,2024-01-11,GDL,DevOps,"Docker, Python, AWS",44723,2,híbrido
2241,2024-01-04,Puebla,DevOps,"Docker, AWS, Python",43106,5,híbrido
2242,2024-01-03,CDMX,Data Analyst,"Python, Power BI",29640,2,híbrido
2243,2024-01-03,Puebla,DevOps,"Docker, Python",43451,1,presencial
2244,2024-05-16,CDMX,Data Analyst,"Power BI, Python, SQL, Tableau",45415,2,híbrido
2245,2024-02-08,Puebla,ML Engineer,"Pandas, AWS, SQL, Python",68689,2,híbrido
2246,2024-03-25,Querétaro,Data Analyst,"Power BI, Python, SQL",40590,1,híbrido
2247,2024-05-03,GDL,ML Engineer,"SQL, Pandas, AWS",54792,5,presencial
2248,2024-06-09,CDMX,DevOps,"Docker, AWS, Python",50730,4,híbrido
2249,2024-01-22,GDL,Frontend,"JavaScript, Docker",35968,2,híbrido
2250,2024-01-23,Puebla,Frontend,"Docker, JavaScript",26848,3,remoto
2251,2024-02-27,Puebla,ML Engineer,"SQL, Python, AWS",49758,2,híbrido
2252,2024-05-24,CDMX,Frontend,"JavaScript, Docker",40423,1,presencial
2253,2024-04-25,MTY,DevOps,"AWS, Python, Docker",50551,2,presencial
2254,2024-04-13,GDL,DevOps,"AWS, Python",42593,2,presencial
2255,2024-03-13,Querétaro,Data Analyst,"Python, Power BI, Tableau",32942,2,híbrido
2256,2024-06-17,CDMX,ML Engineer,"AWS, Pandas, Python, SQL",60167,2,híbrido
2257,2024-01-26,GDL,DevOps,"Python, AWS, Docker",42795,2,remoto
2258,2024-04-07,Querétaro,Frontend,"JavaScript, Docker",43158,5,presencial
2259,2024-02-08,CDMX,Data Analyst,"SQL, Tableau, Power BI",26762,1,híbrido
2260,2024-05-13,CDMX,Data Analyst,"Power BI, Tableau",21369,2,híbrido
2261,2024-01-24,CDMX,DevOps,"AWS, Python, Docker",37143,2,remoto
2262,2024-05-15,CDMX,Frontend,"Docker, JavaScript",38870,1,híbrido
2263,2024-02-02,CDMX,DevOps,"Docker, Python, AWS",58007,2,remoto
2264,2024-05-25,GDL,ML Engineer,"Python, AWS, SQL, Pandas",60674,1,híbrido
2265,2024-01-07,Querétaro,DevOps,"Docker, Python, AWS",54195,1,híbrido
2266,2024-03-22,MTY,Data Engineer,"SQL, AWS",55193,1,remoto
2267,2024-03-03,CDMX,Data Analyst,"SQL, Python",45152,5,remoto
2268,2024-02-20,Querétaro,DevOps,"Python, AWS, Docker",59931,2,presencial
2269,2024-03-20,CDMX,DevOps,"Python, Docker, AWS",49601,1,remoto
2270,2024-03-27,Querétaro,Frontend,"Docker, JavaScript",46804,2,remoto
2271,2024-06-05,CDMX,Data Engineer,"SQL, AWS",48533,3,híbrido
2272,2024-06-21,MTY,Frontend,"Docker, JavaScript",38718,4,remoto
2273,2024-03-27,GDL,Data Engineer,"Python, Airflow, AWS",39330,5,híbrido
2274,2024-02-19,Puebla,Data Analyst,"Python, SQL, Power BI, Tableau",42409,1,híbrido
2275,2024-06-15,MTY,ML Engineer,"SQL, Python",37878,1,híbrido
2276,2024-01-01,CDMX,Data Engineer,"SQL, Python, Airflow",47432,1,presencial
2277,2024-06-04,GDL,ML Engineer,"AWS, Python",58400,3,presencial
2278,2024-06-21,Puebla,Backend,"Docker, AWS, Python, Java",55159,1,remoto
2279,2024-05-01,CDMX,Data Analyst,"Power BI, SQL",29717,2,híbrido
2280,2024-02-19,GDL,Data Analyst,"Power BI, Tableau, SQL, Python",42432,2,remoto
2281,2024-02-21,Querétaro,Backend,"Python, Docker, Java, AWS",52412,3,remoto
2282,2024-01-20,MTY,Data Analyst,"SQL, Python, Tableau",42854,1,remoto
2283,2024-01-18,CDMX,Frontend,"JavaScript, Docker",58291,4,remoto
2284,2024-05-06,Puebla,Frontend,"JavaScript, Docker",27350,2,remoto
2285,2024-06-26,Puebla,Frontend,"JavaScript, Docker",50228,3,presencial
2286,2024-05-08,Querétaro,Backend,"AWS, Java",32893,1,híbrido
2287,2024-06-05,MTY,Frontend,"JavaScript, Docker",21650,2,remoto
2288,2024-05-03,CDMX,DevOps,"AWS, Docker, Python",25348,1,remoto
2289,2024-02-14,MTY,Data Analyst,"Tableau, Power BI, Python, SQL",30787,1,presencial
2290,2024-01-21,GDL,Data Engineer,"SQL, Python, Airflow",37935,2,presencial
2291,2024-03-26,CDMX,Data Engineer,"Airflow, SQL",41734,1,remoto
2292,2024-02-17,MTY,Frontend,"JavaScript, Docker",50808,1,presencial
2293,2024-03-24,CDMX,Frontend,"JavaScript, Docker",27556,1,remoto
2294,2024-06-25,CDMX,Data Analyst,"Power BI, Tableau",35252,1,híbrido
2295,2024-04-09,CDMX,Data Analyst,"Python, SQL, Power BI, Tableau",53174,3,remoto
2296,2024-04-25,MTY,Data Engineer,"Python, AWS",46079,2,remoto
2297,2024-01-15,GDL,DevOps,"Python, Docker",28461,1,híbrido
2298,2024-06-23,CDMX,Data Engineer,"Airflow, AWS, SQL",52586,1,híbrido
2299,2024-06-24,Puebla,ML Engineer,"Python, SQL, AWS, Pandas",51251,5,remoto
2300,2024-04-15,Puebla,ML Engineer,"SQL, AWS, Pandas",44644,5,remoto
2301,2024-02-03,CDMX,Backend,"AWS, Java",54912,3,presencial
2302,2024-06-23,GDL,Frontend,"JavaScript, Docker",42473,1,remoto
2303,2024-05-16,CDMX,ML Engineer,"SQL, Python",72068,2,híbrido
2304,2024-01-13,Querétaro,Frontend,"Docker, JavaScript",49117,3,presencial
2305,2024-05-23,GDL,Backend,"Docker, Python",35584,2,híbrido
2306,2024-02-14,MTY,Data Engineer,"Airflow, AWS, Python, SQL",34883,2,híbrido
2307,2024-04-19,MTY,Frontend,"Docker, JavaScript",48991,1,híbrido
2308,2024-06-17,MTY,Frontend,"JavaScript, Docker",19017,1,remoto
2309,2024-05-11,Querétaro,ML Engineer,"Pandas, AWS",53791,3,híbrido
2310,2024-04-13,CDMX,DevOps,"AWS, Python",53045,4,remoto
2311,2024-03-06,CDMX,ML Engineer,"SQL, Pandas, Python, AWS",43773,1,híbrido
2312,2024-05-12,MTY,Backend,"Python, AWS, Java",40900,4,remoto
2313,2024-03-25,MTY,Data Analyst,"Power BI, Python, SQL",39219,4,remoto
2314,2024-02-13,MTY,Data Analyst,"Python, Power BI, Tableau",27534,1,híbrido
2315,2024-02-09,CDMX,ML Engineer,"Pandas, Python",25790,2,híbrido
2316,2024-05-18,CDMX,ML Engineer,"Pandas, SQL, AWS",65567,2,remoto
2317,2024-01-16,GDL,Data Analyst,"Python, Power BI, SQL",29312,1,remoto
2318,2024-05-12,CDMX,Data Analyst,"Power BI, SQL, Python",47337,1,híbrido
2319,2024-02-22,Puebla,ML Engineer,"AWS, Pandas, Python",72115,3,híbrido
2320,2024-02-04,Querétaro,DevOps,"Docker, AWS",37689,5,remoto
2321,2024-01-24,CDMX,Backend,"AWS, Java, Python",29778,2,híbrido
2322,2024-06-03,GDL,Data Analyst,"Power BI, Tableau",44828,1,híbrido
2323,2024-04-26,Puebla,Data Engineer,"SQL, AWS",59752,4,híbrido
2324,2024-03-05,CDMX,Frontend,"Docker, JavaScript",23842,2,remoto
2325,2024-04-20,MTY,DevOps,"Python, Docker",58595,2,remoto
2326,2024-05-24,MTY,Backend,"Python, AWS",54797,1,híbrido
2327,2024-04-13,MTY,DevOps,"AWS, Python, Docker",60239,1,remoto
2328,2024-05-11,MTY,Backend,"AWS, Python",36965,3,remoto
2329,2024-05-08,CDMX,ML Engineer,"SQL, Python",56012,3,remoto
2330,2024-01-04,CDMX,Data Engineer,"SQL, Python",40189,3,híbrido
2331,2024-05-14,Puebla,Data Analyst,"Tableau, Power BI, SQL, Python",23686,1,remoto
2332,2024-06-05,CDMX,Frontend,"Docker, JavaScript",30798,1,híbrido
2333,2024-05-22,CDMX,Frontend,"Docker, JavaScript",39033,5,híbrido
2334,2024-02-26,GDL,Backend,"AWS, Docker, Java, Python",42268,1,híbrido
2335,2024-06-11,CDMX,ML Engineer,"SQL, Python, AWS",59634,5,remoto
2336,2024-04-20,GDL,Data Engineer,"Airflow, SQL",39973,1,remoto
2337,2024-02-17,CDMX,Data Analyst,"Power BI, SQL",24494,4,remoto
2338,2024-01-23,GDL,DevOps,"AWS, Docker",36191,2,presencial
2339,2024-05-04,CDMX,Backend,"Java, AWS",51339,3,híbrido
2340,2024-04-24,CDMX,Data Analyst,"Power BI, Tableau, SQL",24214,1,presencial
2341,2024-03-04,CDMX,Data Analyst,"Python, Power BI, SQL, Tableau",15360,1,presencial
2342,2024-03-11,CDMX,Data Engineer,"AWS, SQL, Python, Airflow",30836,2,remoto
2343,2024-04-19,GDL,DevOps,"Python, Docker",51859,1,remoto
2344,2024-01-22,CDMX,ML Engineer,"SQL, Pandas",62626,2,híbrido
2345,2024-06-08,CDMX,DevOps,"Python, Docker, AWS",37374,2,remoto
2346,2024-04-06,CDMX,Backend,"Python, AWS",52162,4,remoto
2347,2024-04-22,Querétaro,Data Engineer,"AWS, Airflow",38765,4,remoto
2348,2024-06-27,GDL,Frontend,"JavaScript, Docker",32308,1,híbrido
2349,2024-04-20,MTY,Data Engineer,"AWS, Python, Airflow",35048,1,presencial
2350,2024-01-03,MTY,Data Analyst,"SQL, Tableau, Power BI, Python",18742,2,remoto
2351,2024-06-01,GDL,Data Analyst,"Tableau, Power BI",33412,5,presencial
2352,2024-06-04,GDL,DevOps,"AWS, Python",46693,3,remoto
2353,2024-06-05,CDMX,Frontend,"Docker, JavaScript",31439,1,híbrido
2354,2024-05-21,MTY,ML Engineer,"AWS, Python, Pandas, SQL",62287,1,presencial
2355,2024-02-24,CDMX,DevOps,"AWS, Python, Docker",62878,1,remoto
2356,2024-01-22,CDMX,ML Engineer,"Python, Pandas, SQL, AWS",49065,5,híbrido
2357,2024-02-07,Querétaro,Backend,"Python, AWS, Java",39656,5,híbrido
2358,2024-04-27,CDMX,Frontend,"JavaScript, Docker",50093,1,remoto
2359,2024-06-17,GDL,Frontend,"Docker, JavaScript",48716,3,remoto
2360,2024-01-02,CDMX,Data Engineer,"Python, Airflow, AWS",51881,4,híbrido
2361,2024-03-16,MTY,Frontend,"JavaScript, Docker",31000,2,remoto
2362,2024-05-17,CDMX,Backend,"Java, Python, Docker",51968,1,remoto
2363,2024-04-25,GDL,ML Engineer,"AWS, Python, Pandas",77734,1,remoto
2364,2024-03-23,CDMX,Data Analyst,"Power BI, SQL, Tableau",36736,2,híbrido
2365,2024-06-01,CDMX,Data Engineer,"Airflow, Python",58338,1,híbrido
2366,2024-03-07,Querétaro,Data Engineer,"SQL, Python",63813,2,híbrido
2367,2024-01-12,GDL,Data Analyst,"Tableau, Python",28475,2,remoto
2368,2024-06-04,Querétaro,Frontend,"Docker, JavaScript",37399,4,híbrido
2369,2024-02-07,MTY,Data Engineer,"Python, Airflow, SQL",50257,3,remoto
2370,2024-06-15,GDL,ML Engineer,"Pandas, Python, AWS, SQL",62649,2,remoto
2371,2024-02-19,CDMX,Frontend,"JavaScript, Docker",29627,2,híbrido
2372,2024-02-17,CDMX,ML Engineer,"Python, AWS, SQL",73515,1,híbrido
2373,2024-04-13,Querétaro,Frontend,"Docker, JavaScript",30641,1,remoto
2374,2024-01-05,CDMX,Data Engineer,"SQL, AWS, Python, Airflow",62269,3,remoto
2375,2024-05-08,Puebla,Frontend,"JavaScript, Docker",46984,1,híbrido
2376,2024-04-26,MTY,ML Engineer,"Pandas, AWS, Python, SQL",37690,1,presencial
2377,2024-04-04,CDMX,Data Engineer,"Airflow, AWS, Python, SQL",58629,5,híbrido
2378,2024-03-13,Puebla,Backend,"Python, Docker, Java",48863,2,híbrido
2379,2024-04-16,CDMX,Data Engineer,"SQL, Python",51038,1,híbrido
2380,2024-05-14,GDL,Data Engineer,"Python, SQL, Airflow",53543,1,híbrido
2381,2024-03-03,CDMX,DevOps,"Docker, AWS, Python",37140,4,remoto
2382,2024-04-16,MTY,Data Analyst,"Tableau, Python",24695,4,híbrido
2383,2024-01-04,Querétaro,ML Engineer,"AWS, SQL, Python",60331,1,híbrido
2384,2024-01-18,CDMX,DevOps,"Docker, AWS, Python",54448,1,remoto
2385,2024-04-17,GDL,Data Engineer,"Python, AWS, SQL",42315,2,remoto
2386,2024-01-12,MTY,Data Engineer,"SQL, AWS, Python",56631,5,remoto
2387,2024-05-21,MTY,Data Analyst,"Python, Power BI",58678,2,híbrido
2388,2024-06-17,CDMX,Backend,"Java, Docker, Python, AWS",50533,1,presencial
2389,2024-02-10,CDMX,Frontend,"JavaScript, Docker",37209,2,remoto
2390,2024-02-23,GDL,Data Analyst,"SQL, Tableau, Python, Power BI",42648,1,híbrido
2391,2024-05-27,CDMX,Frontend,"Docker, JavaScript",42377,3,híbrido
2392,2024-06-12,CDMX,Backend,"AWS, Java",41516,3,híbrido
2393,2024-01-21,GDL,Data Analyst,"Tableau, Power BI, SQL, Python",15000,1,remoto
2394,2024-04-07,Querétaro,DevOps,"Python, Docker",61947,4,remoto
2395,2024-03-03,CDMX,Data Engineer,"Python, Airflow, AWS",50417,4,presencial
2396,2024-03-16,MTY,Backend,"Python, Java, Docker",40651,4,presencial
2397,2024-03-15,MTY,DevOps,"Python, AWS, Docker",65646,2,remoto
2398,2024-03-21,MTY,Data Analyst,"Tableau, Python, SQL",33328,2,presencial
2399,2024-06-27,CDMX,Data Engineer,"Airflow, SQL, AWS",49133,3,híbrido
2400,2024-05-06,Querétaro,Data Analyst,"SQL, Power BI, Python",51283,2,híbrido
2401,2024-04-05,MTY,Data Analyst,"SQL, Power BI",37434,1,híbrido
2402,2024-02-03,Querétaro,ML Engineer,"AWS, SQL",44011,4,híbrido
2403,2024-06-01,MTY,ML Engineer,"AWS, SQL, Python, Pandas",42290,2,híbrido
2404,2024-01-14,CDMX,Frontend,"Docker, JavaScript",39934,2,presencial
2405,2024-04-02,MTY,Data Engineer,"Python, AWS, Airflow",43562,2,híbrido
2406,2024-01-24,CDMX,Frontend,"Docker, JavaScript",25372,3,híbrido
2407,2024-05-19,CDMX,DevOps,"Docker, AWS",49327,2,presencial
2408,2024-01-03,GDL,Data Analyst,"SQL, Tableau, Power BI, Python",17437,4,remoto
2409,2024-03-16,GDL,DevOps,"Python, Docker",58218,1,remoto
2410,2024-03-22,GDL,Data Engineer,"Python, Airflow",42447,2,híbrido
2411,2024-02-22,CDMX,Frontend,"JavaScript, Docker",46031,5,remoto
2412,2024-04-10,Querétaro,Frontend,"Docker, JavaScript",24692,1,remoto
2413,2024-05-04,CDMX,Backend,"Docker, Python, AWS, Java",60529,1,híbrido
2414,2024-04-17,CDMX,Backend,"Python, Docker",33680,1,presencial
2415,2024-01-20,CDMX,DevOps,"Docker, Python",50041,1,híbrido
2416,2024-02-14,MTY,Frontend,"JavaScript, Docker",44133,5,remoto
2417,2024-01-05,Querétaro,Frontend,"Docker, JavaScript",24562,5,remoto
2418,2024-02-19,CDMX,Backend,"Python, Docker, Java",39382,1,remoto
2419,2024-06-04,CDMX,Data Analyst,"SQL, Python, Tableau",26444,1,híbrido
2420,2024-01-12,CDMX,Frontend,"Docker, JavaScript",31858,4,presencial
2421,2024-05-15,CDMX,Backend,"Python, AWS",46539,2,remoto
2422,2024-01-21,CDMX,Data Engineer,"Python, AWS",34950,5,remoto
2423,2024-01-11,CDMX,Frontend,"JavaScript, Docker",27599,3,presencial
2424,2024-02-06,CDMX,DevOps,"Docker, AWS, Python",50271,1,híbrido
2425,2024-01-05,MTY,Frontend,"JavaScript, Docker",42947,3,remoto
2426,2024-05-23,Puebla,ML Engineer,"SQL, Python, AWS",55097,2,presencial
2427,2024-02-15,CDMX,Frontend,"JavaScript, Docker",42639,5,presencial
2428,2024-01-20,CDMX,ML Engineer,"AWS, Pandas, SQL, Python",67677,1,híbrido
2429,2024-06-24,CDMX,ML Engineer,"Pandas, Python, SQL, AWS",58771,2,híbrido
2430,2024-01-19,CDMX,ML Engineer,"Python, Pandas, SQL",48590,2,presencial
2431,2024-03-24,Puebla,Data Engineer,"Python, SQL",38142,2,presencial
2432,2024-06-15,GDL,Backend,"AWS, Docker",52003,1,presencial
2433,2024-03-27,GDL,Data Analyst,"SQL, Python, Tableau",24834,3,híbrido
2434,2024-04-26,CDMX,ML Engineer,"Python, AWS, Pandas",63831,1,híbrido
2435,2024-04-10,GDL,ML Engineer,"Python, SQL, Pandas, AWS",50659,3,híbrido
2436,2024-06-14,CDMX,Frontend,"Docker, JavaScript",50392,2,presencial
2437,2024-05-12,GDL,ML Engineer,"AWS, Pandas, SQL, Python",63322,3,presencial
2438,2024-04-12,GDL,Frontend,"Docker, JavaScript",50319,3,híbrido
2439,2024-06-23,Puebla,Data Engineer,"Python, AWS, SQL",45359,1,híbrido
2440,2024-06-22,CDMX,DevOps,"AWS, Docker",40701,4,híbrido
2441,2024-01-23,Puebla,ML Engineer,"AWS, SQL, Pandas",71243,1,remoto
2442,2024-01-19,CDMX,Data Analyst,"Tableau, Power BI, Python, SQL",18732,4,híbrido
2443,2024-06-12,Puebla,Data Engineer,"Python, AWS",36326,3,remoto
2444,2024-01-13,CDMX,Backend,"Python, Java, Docker",29924,3,remoto
2445,2024-02-24,CDMX,Data Analyst,"Tableau, Python, SQL",53154,3,híbrido
2446,2024-04-05,CDMX,Frontend,"JavaScript, Docker",25063,4,híbrido
2447,2024-01-01,Querétaro,Frontend,"Docker, JavaScript",28272,1,remoto
2448,2024-02-11,CDMX,Frontend,"Docker, JavaScript",67641,4,presencial
2449,2024-02-06,Puebla,Backend,"Docker, Python, AWS",27967,2,remoto
2450,2024-03-17,CDMX,Data Analyst,"Power BI, Tableau, Python, SQL",35464,3,híbrido
2451,2024-03-07,CDMX,Data Engineer,"AWS, Python, Airflow",57837,1,híbrido
2452,2024-02-11,Puebla,Data Analyst,"Python, Power BI",55579,2,presencial
2453,2024-06-26,MTY,Frontend,"JavaScript, Docker",37602,1,híbrido
2454,2024-04-11,GDL,Data Engineer,"Python, AWS",58214,2,presencial
2455,2024-02-02,CDMX,Data Analyst,"Tableau, Python, Power BI, SQL",37837,4,remoto
2456,2024-01-01,MTY,Frontend,"Docker, JavaScript",43724,3,remoto
2457,2024-02-01,CDMX,Data Analyst,"Power BI, Tableau, SQL, Python",42933,2,remoto
2458,2024-04-20,Puebla,Backend,"Java, Python",31998,2,híbrido
2459,2024-04-06,CDMX,ML Engineer,"AWS, Pandas",30428,2,remoto
2460,2024-05-03,CDMX,Data Analyst,"Tableau, Python, SQL, Power BI",58500,5,remoto
2461,2024-02-17,Puebla,ML Engineer,"Python, AWS, SQL",40085,2,híbrido
2462,2024-01-02,CDMX,Frontend,"Docker, JavaScript",28021,3,híbrido
2463,2024-04-14,CDMX,DevOps,"Python, AWS",41418,2,remoto
2464,2024-03-18,CDMX,Backend,"Java, Docker, Python",55325,3,híbrido
2465,2024-01-23,MTY,ML Engineer,"Python, SQL",34626,4,remoto
2466,2024-01-17,GDL,Data Analyst,"SQL, Tableau, Python",35740,2,híbrido
2467,2024-03-05,CDMX,Data Engineer,"Python, AWS, Airflow, SQL",53098,1,presencial
2468,2024-05-17,Puebla,ML Engineer,"AWS, Pandas, SQL",74543,3,híbrido
2469,2024-04-20,MTY,ML Engineer,"Python, AWS, SQL, Pandas",46283,4,híbrido
2470,2024-03-02,Querétaro,Data Analyst,"Power BI, Tableau",29088,1,presencial
2471,2024-06-20,MTY,Data Analyst,"SQL, Tableau, Python",31901,2,presencial
2472,2024-02-08,GDL,ML Engineer,"Python, SQL, Pandas, AWS",50036,3,remoto
2473,2024-06-24,GDL,Frontend,"Docker, JavaScript",38486,4,híbrido
2474,2024-01-02,Puebla,Data Engineer,"AWS, Airflow",63736,1,híbrido
2475,2024-05-14,MTY,Frontend,"JavaScript, Docker",38270,2,remoto
2476,2024-01-07,GDL,DevOps,"Python, Docker, AWS",49241,5,híbrido
2477,2024-02-13,Puebla,Data Analyst,"Tableau, Power BI, Python",33626,4,remoto
2478,2024-02-23,GDL,Frontend,"Docker, JavaScript",55341,1,híbrido
2479,2024-01-08,CDMX,Frontend,"Docker, JavaScript",44869,3,híbrido
2480,2024-01-26,CDMX,Data Engineer,"Python, AWS, SQL, Airflow",63193,3,híbrido
2481,2024-03-14,GDL,Data Analyst,"SQL, Power BI",36526,1,híbrido
2482,2024-01-09,MTY,Frontend,"Docker, JavaScript",41750,2,presencial
2483,2024-05-15,CDMX,Data Analyst,"Power BI, SQL",33660,1,remoto
2484,2024-02-04,MTY,ML Engineer,"AWS, Pandas, Python, SQL",67935,3,presencial
2485,2024-06-27,MTY,DevOps,"Python, Docker, AWS",44765,3,remoto
2486,2024-05-10,Puebla,Backend,"Java, Python, AWS",45304,2,híbrido
2487,2024-01-19,CDMX,Backend,"Python, Docker, AWS",43448,4,híbrido
2488,2024-02-23,MTY,Data Analyst,"Tableau, Power BI, SQL, Python",23679,2,presencial
2489,2024-03-09,CDMX,Frontend,"JavaScript, Docker",28935,2,presencial
2490,2024-03-02,CDMX,DevOps,"Docker, AWS",56505,2,remoto
2491,2024-06-21,CDMX,ML Engineer,"AWS, SQL",46060,4,remoto
2492,2024-03-25,CDMX,Frontend,"Docker, JavaScript",43858,5,remoto
2493,2024-04-08,CDMX,ML Engineer,"AWS, Pandas",46023,1,remoto
2494,2024-05-23,MTY,ML Engineer,"Python, AWS",71790,4,remoto
2495,2024-06-22,MTY,Frontend,"Docker, JavaScript",26746,2,híbrido
2496,2024-04-16,CDMX,Backend,"Java, Docker, Python",29432,5,presencial
2497,2024-04-01,CDMX,ML Engineer,"SQL, Pandas, AWS, Python",56404,3,híbrido
2498,2024-06-25,Puebla,Frontend,"JavaScript, Docker",49031,1,presencial
2499,2024-01-15,CDMX,Backend,"Java, AWS, Python",50221,2,híbrido
2500,2024-05-19,GDL,Frontend,"Docker, JavaScript",32908,4,presencial
2501,2024-03-01,GDL,Backend,"Java, AWS, Docker",60819,4,presencial
2502,2024-01-08,GDL,ML Engineer,"Python, Pandas",36803,4,remoto
2503,2024-06-13,GDL,Backend,"Java, AWS, Python",48594,2,híbrido
2504,2024-04-23,CDMX,Data Analyst,"Power BI, Python",27505,1,híbrido
2505,2024-06-02,Querétaro,Frontend,"JavaScript, Docker",53096,4,híbrido
2506,2024-06-02,Querétaro,Data Engineer,"SQL, Airflow, Python, AWS",44331,2,híbrido
2507,2024-04-27,Puebla,ML Engineer,"Python, Pandas, SQL",48717,3,remoto
2508,2024-02-04,CDMX,Data Analyst,"Python, Tableau",39171,2,híbrido
2509,2024-03-20,CDMX,DevOps,"AWS, Python, Docker",40830,2,presencial
2510,2024-04-10,Puebla,ML Engineer,"Pandas, AWS, SQL",51253,4,híbrido
2511,2024-01-25,Querétaro,ML Engineer,"SQL, Pandas",41697,5,remoto
2512,2024-01-10,CDMX,DevOps,"Docker, Python",46074,2,remoto
2513,2024-03-13,CDMX,Data Engineer,"Python, SQL",51466,4,remoto
2514,2024-05-22,CDMX,Frontend,"Docker, JavaScript",36023,4,híbrido
2515,2024-06-02,CDMX,Data Engineer,"Airflow, AWS",33537,2,híbrido
2516,2024-06-14,MTY,Backend,"AWS, Python, Java, Docker",45427,4,híbrido
2517,2024-05-22,MTY,ML Engineer,"AWS, Pandas, Python, SQL",43129,3,híbrido
2518,2024-01-17,Puebla,Backend,"Python, AWS, Java",40810,3,híbrido
2519,2024-02-13,CDMX,Frontend,"Docker, JavaScript",38706,1,presencial
2520,2024-06-12,Puebla,Data Analyst,"Python, Power BI, SQL",33747,2,híbrido
2521,2024-05-12,Puebla,Data Engineer,"Python, AWS",64081,5,híbrido
2522,2024-04-25,MTY,Data Engineer,"AWS, SQL",55529,1,remoto
2523,2024-04-02,CDMX,Data Engineer,"Airflow, Python, SQL",48188,1,híbrido
2524,2024-02-22,CDMX,Backend,"Python, Docker, Java",42679,2,híbrido
2525,2024-06-19,GDL,DevOps,"Python, Docker",56707,2,remoto
2526,2024-01-23,Puebla,Data Analyst,"Tableau, SQL",49226,3,remoto
2527,2024-05-07,CDMX,Frontend,"Docker, JavaScript",18965,3,remoto
2528,2024-02-07,Puebla,Data Analyst,"Tableau, SQL",15000,1,híbrido
2529,2024-06-10,MTY,Frontend,"JavaScript, Docker",33575,2,remoto
2530,2024-03-06,GDL,Frontend,"JavaScript, Docker",33933,4,remoto
2531,2024-02-06,CDMX,DevOps,"AWS, Docker, Python",59734,1,remoto
2532,2024-01-08,CDMX,DevOps,"AWS, Python, Docker",59490,2,presencial
2533,2024-02-16,CDMX,Frontend,"Docker, JavaScript",46727,1,remoto
2534,2024-02-25,CDMX,Data Engineer,"SQL, Python, Airflow, AWS",45162,4,remoto
2535,2024-06-15,CDMX,Data Analyst,"Python, SQL",42396,1,remoto
2536,2024-06-25,GDL,Frontend,"Docker, JavaScript",27274,1,remoto
2537,2024-01-11,MTY,DevOps,"AWS, Python, Docker",52075,2,híbrido
2538,2024-05-27,CDMX,Data Analyst,"Tableau, Python, SQL",24340,1,híbrido
2539,2024-05-05,CDMX,Data Analyst,"Python, Power BI",53399,1,remoto
2540,2024-05-24,GDL,ML Engineer,"SQL, Python, AWS, Pandas",61064,1,remoto
2541,2024-05-16,CDMX,Frontend,"JavaScript, Docker",25288,1,remoto
2542,2024-04-07,Puebla,ML Engineer,"Python, AWS, Pandas, SQL",57637,2,remoto
2543,2024-06-24,GDL,Data Analyst,"SQL, Python",57390,1,híbrido
2544,2024-04-03,MTY,ML Engineer,"Python, Pandas, SQL",74132,4,híbrido
2545,2024-03-19,CDMX,Data Engineer,"SQL, Python",45276,1,remoto
2546,2024-02-04,MTY,Data Engineer,"Python, Airflow",70522,1,presencial
2547,2024-03-25,CDMX,Data Engineer,"AWS, SQL",44928,3,híbrido
2548,2024-01-09,CDMX,Frontend,"JavaScript, Docker",50085,2,remoto
2549,2024-04-27,CDMX,Data Engineer,"Python, Airflow, SQL, AWS",50391,5,remoto
2550,2024-01-24,CDMX,Data Engineer,"AWS, Python, SQL",53912,4,remoto
2551,2024-04-18,CDMX,Data Engineer,"Airflow, Python",55793,2,presencial
2552,2024-05-25,CDMX,Data Engineer,"Python, AWS",43413,2,híbrido
2553,2024-06-20,CDMX,Data Engineer,"Airflow, SQL, Python, AWS",62332,3,remoto
2554,2024-03-19,CDMX,Data Analyst,"Python, Power BI",33551,1,remoto
2555,2024-01-01,CDMX,Frontend,"JavaScript, Docker",30702,3,remoto
2556,2024-06-04,CDMX,Data Analyst,"Tableau, SQL",41866,2,remoto
2557,2024-05-04,GDL,Frontend,"JavaScript, Docker",46806,1,híbrido
2558,2024-01-01,Puebla,Data Analyst,"Python, Power BI, SQL",40714,1,presencial
2559,2024-05-19,CDMX,Backend,"AWS, Docker",42601,3,presencial
2560,2024-05-16,MTY,Data Analyst,"Tableau, SQL",40907,2,híbrido
2561,2024-01-06,MTY,DevOps,"Docker, AWS, Python",44032,1,híbrido
2562,2024-05-11,CDMX,Backend,"Java, Python, AWS, Docker",44670,3,presencial
2563,2024-04-16,CDMX,Backend,"AWS, Docker, Python, Java",48480,2,híbrido
2564,2024-02-22,CDMX,Data Engineer,"Python, Airflow",42704,1,remoto
2565,2024-02-20,CDMX,Backend,"AWS, Python, Docker",45913,2,remoto
2566,2024-03-19,CDMX,DevOps,"Docker, AWS",53577,3,híbrido
2567,2024-03-06,Puebla,ML Engineer,"Pandas, Python",75926,3,híbrido
2568,2024-01-24,GDL,Data Analyst,"Python, Tableau, Power BI",47933,3,remoto
2569,2024-06-24,CDMX,Backend,"Docker, Python, Java",45822,1,híbrido
2570,2024-01-07,Puebla,Backend,"AWS, Python, Docker, Java",38340,3,presencial
2571,2024-02-01,MTY,Frontend,"JavaScript, Docker",40827,2,remoto
2572,2024-01-27,CDMX,DevOps,"Python, Docker, AWS",45475,1,híbrido
2573,2024-06-13,CDMX,Backend,"Docker, Java",61492,1,híbrido
2574,2024-03-23,Querétaro,DevOps,"Docker, AWS, Python",39590,1,híbrido
2575,2024-02-09,GDL,ML Engineer,"AWS, SQL",55496,4,presencial
2576,2024-03-26,MTY,DevOps,"Python, AWS",58700,2,híbrido
2577,2024-06-09,GDL,Frontend,"Docker, JavaScript",46156,3,remoto
2578,2024-01-14,GDL,Frontend,"JavaScript, Docker",31318,2,presencial
2579,2024-05-26,GDL,ML Engineer,"SQL, AWS",42247,4,híbrido
2580,2024-04-25,CDMX,Data Engineer,"Airflow, AWS, SQL",58006,2,remoto
2581,2024-01-21,CDMX,Data Engineer,"Airflow, SQL, Python, AWS",39456,1,remoto
2582,2024-04-18,MTY,Data Engineer,"SQL, Python, Airflow, AWS",53847,2,híbrido
2583,2024-06-13,GDL,Data Analyst,"SQL, Power BI",39429,2,remoto
2584,2024-04-16,MTY,DevOps,"Python, AWS, Docker",39129,3,presencial
2585,2024-05-02,MTY,DevOps,"Docker, Python, AWS",69915,2,híbrido
2586,2024-04-22,CDMX,Data Engineer,"AWS, Airflow, SQL",51038,2,híbrido
2587,2024-06-01,MTY,ML Engineer,"AWS, SQL, Python, Pandas",40851,1,híbrido
2588,2024-02-22,Querétaro,Data Analyst,"Power BI, Python",17269,3,remoto
2589,2024-06-03,CDMX,Backend,"Docker, AWS",45935,5,remoto
2590,2024-03-27,GDL,DevOps,"Docker, Python",58439,1,híbrido
2591,2024-04-06,GDL,Data Engineer,"Python, Airflow, SQL, AWS",47508,5,híbrido
2592,2024-03-21,MTY,DevOps,"AWS, Docker, Python",65560,2,presencial
2593,2024-05-10,GDL,Frontend,"JavaScript, Docker",40055,3,remoto
2594,2024-04-15,GDL,ML Engineer,"AWS, SQL, Pandas, Python",78051,2,remoto
2595,2024-03-10,GDL,Data Analyst,"SQL, Power BI",39060,5,híbrido
2596,2024-03-17,Querétaro,DevOps,"AWS, Python",59709,4,híbrido
2597,2024-05-06,CDMX,Data Engineer,"Airflow, AWS",46157,2,híbrido
2598,2024-02-08,CDMX,Data Analyst,"SQL, Tableau",18586,1,híbrido
2599,2024-02-08,Puebla,Data Analyst,"Power BI, SQL, Python, Tableau",39251,2,presencial
2600,2024-04-18,Querétaro,Backend,"Docker, AWS",80454,1,presencial
2601,2024-06-10,Puebla,Data Engineer,"Airflow, SQL",44587,2,remoto
2602,2024-06-15,CDMX,Frontend,"Docker, JavaScript",34914,2,remoto
2603,2024-05-25,Querétaro,Backend,"Docker, Java, Python, AWS",36348,3,remoto
2604,2024-05-17,Querétaro,Backend,"Docker, Java, AWS",40405,4,presencial
2605,2024-02-25,GDL,Data Analyst,"Power BI, SQL, Python",48764,1,presencial
2606,2024-04-12,MTY,Backend,"Python, AWS",39807,1,híbrido
2607,2024-01-03,GDL,Data Engineer,"AWS, Python, SQL, Airflow",43373,3,remoto
2608,2024-04-04,CDMX,DevOps,"AWS, Docker, Python",49425,4,híbrido
2609,2024-05-23,CDMX,Data Analyst,"Python, Tableau, SQL, Power BI",29075,5,presencial
2610,2024-02-11,MTY,Backend,"Java, AWS",32472,2,presencial
2611,2024-06-23,CDMX,Data Engineer,"SQL, AWS, Python, Airflow",48329,1,remoto
2612,2024-01-16,MTY,Data Engineer,"Airflow, AWS, SQL, Python",44272,2,remoto
2613,2024-01-20,CDMX,Backend,"AWS, Docker",42706,2,remoto
2614,2024-06-14,MTY,Data Engineer,"Python, Airflow",46460,2,remoto
2615,2024-04-05,Querétaro,Data Analyst,"Power BI, Tableau, SQL, Python",47213,2,híbrido
2616,2024-06-12,CDMX,Backend,"Java, Docker, Python",43672,2,presencial
2617,2024-04-19,MTY,DevOps,"Python, Docker",46307,2,remoto
2618,2024-03-22,CDMX,Data Engineer,"Python, SQL, Airflow, AWS",48783,1,híbrido
2619,2024-05-14,Querétaro,Backend,"Docker, Java, Python, AWS",42133,2,presencial
2620,2024-02-02,GDL,DevOps,"AWS, Python",71734,2,remoto
2621,2024-04-25,CDMX,Frontend,"JavaScript, Docker",33338,2,remoto
2622,2024-02-03,MTY,Frontend,"Docker, JavaScript",25802,5,híbrido
2623,2024-01-21,CDMX,DevOps,"Python, AWS",54678,1,presencial
2624,2024-04-12,CDMX,Backend,"Java, Python",52020,2,híbrido
2625,2024-03-09,GDL,Data Analyst,"SQL, Python",56207,3,remoto
2626,2024-02-03,CDMX,ML Engineer,"SQL, AWS, Python",60833,2,remoto
2627,2024-06-12,CDMX,Frontend,"JavaScript, Docker",38097,2,presencial
2628,2024-03-22,Puebla,ML Engineer,"SQL, Pandas, Python, AWS",47519,1,híbrido
2629,2024-04-09,CDMX,Backend,"Python, Docker, Java, AWS",47746,1,híbrido
2630,2024-03-20,CDMX,Frontend,"Docker, JavaScript",45250,5,híbrido
2631,2024-03-16,MTY,Frontend,"Docker, JavaScript",38411,4,presencial
2632,2024-03-21,CDMX,Data Analyst,"SQL, Tableau, Power BI, Python",38247,3,híbrido
2633,2024-02-15,Querétaro,Frontend,"Docker, JavaScript",36294,1,híbrido
2634,2024-03-09,GDL,Backend,"Java, Python, Docker, AWS",48540,2,presencial
2635,2024-04-27,MTY,ML Engineer,"SQL, Pandas, Python",45265,3,híbrido
2636,2024-04-20,CDMX,Data Analyst,"Power BI, Tableau, Python",44322,1,remoto
2637,2024-01-08,CDMX,Data Engineer,"Airflow, SQL",50706,2,presencial
2638,2024-02-26,CDMX,Data Engineer,"Python, SQL",44625,2,remoto
2639,2024-04-09,CDMX,Data Analyst,"Power BI, Python, Tableau",28373,1,presencial
2640,2024-03-06,MTY,Data Analyst,"SQL, Power BI, Tableau",39041,4,híbrido
2641,2024-06-15,MTY,ML Engineer,"SQL, AWS, Python, Pandas",55477,1,presencial
2642,2024-05-25,Puebla,Frontend,"Docker, JavaScript",45951,3,remoto
2643,2024-04-19,Puebla,Frontend,"JavaScript, Docker",42992,3,presencial
2644,2024-06-21,MTY,Backend,"Docker, Java",54725,4,presencial
2645,2024-05-21,CDMX,ML Engineer,"AWS, Pandas, Python",47386,4,presencial
2646,2024-06-19,CDMX,Backend,"Python, Java",40858,2,remoto
2647,2024-01-18,Puebla,Frontend,"Docker, JavaScript",44309,1,híbrido
2648,2024-05-03,GDL,Data Analyst,"Tableau, SQL, Power BI",30534,3,remoto
2649,2024-06-19,MTY,Data Engineer,"AWS, Airflow, SQL",52224,2,presencial
2650,2024-02-21,MTY,Data Analyst,"Tableau, Power BI, SQL, Python",32837,2,híbrido
2651,2024-02-20,GDL,ML Engineer,"SQL, Pandas",55669,1,remoto
2652,2024-01-10,CDMX,Backend,"AWS, Python, Docker, Java",51165,2,híbrido
2653,2024-05-10,MTY,Frontend,"JavaScript, Docker",17300,5,híbrido
2654,2024-04-03,Querétaro,DevOps,"Docker, Python, AWS",44064,1,híbrido
2655,2024-01-06,MTY,Frontend,"Docker, JavaScript",38967,2,presencial
2656,2024-02-09,GDL,Data Analyst,"SQL, Tableau",49580,2,híbrido
2657,2024-06-05,MTY,Data Analyst,"SQL, Python, Tableau, Power BI",30527,1,híbrido
2658,2024-06-11,GDL,Backend,"Docker, Java, AWS",36846,1,híbrido
2659,2024-01-12,GDL,Data Analyst,"Python, Tableau",27056,1,presencial
2660,2024-02-24,MTY,Frontend,"JavaScript, Docker",50562,2,remoto
2661,2024-03-03,MTY,Frontend,"Docker, JavaScript",34268,4,presencial
2662,2024-06-24,Querétaro,ML Engineer,"Python, Pandas",65877,2,híbrido
2663,2024-06-22,MTY,Data Engineer,"Airflow, AWS, SQL, Python",38852,1,remoto
2664,2024-01-16,CDMX,Data Engineer,"AWS, Airflow, Python",35271,2,remoto
2665,2024-02-10,CDMX,ML Engineer,"Python, AWS",51217,5,híbrido
2666,2024-04-26,CDMX,Backend,"AWS, Python, Java, Docker",65559,2,híbrido
2667,2024-04-03,MTY,ML Engineer,"AWS, Pandas, Python, SQL",55319,1,híbrido
2668,2024-05-22,GDL,Frontend,"Docker, JavaScript",27401,1,presencial
2669,2024-01-16,GDL,Frontend,"JavaScript, Docker",57137,1,híbrido
2670,2024-03-23,MTY,Data Engineer,"Airflow, AWS",44380,1,presencial
2671,2024-02-06,MTY,Data Engineer,"Airflow, AWS, Python",52242,1,remoto
2672,2024-04-02,GDL,Data Engineer,"Python, Airflow, SQL",50379,1,híbrido
2673,2024-02-16,GDL,ML Engineer,"Pandas, AWS, SQL",59187,1,híbrido
2674,2024-04-19,MTY,Frontend,"JavaScript, Docker",33654,3,remoto
2675,2024-01-05,CDMX,Data Analyst,"SQL, Tableau, Power BI",43026,1,híbrido
2676,2024-03-22,GDL,Backend,"Python, Java, AWS",44966,5,remoto
2677,2024-06-17,MTY,DevOps,"Docker, AWS",48041,1,presencial
2678,2024-02-16,MTY,Data Analyst,"Power BI, Python, Tableau",41608,1,remoto
2679,2024-06-20,MTY,Backend,"AWS, Docker, Java",46829,3,presencial
2680,2024-01-13,CDMX,Frontend,"Docker, JavaScript",40152,3,remoto
2681,2024-03-11,CDMX,ML Engineer,"AWS, SQL, Pandas, Python",71629,5,presencial
2682,2024-06-13,CDMX,Data Engineer,"AWS, SQL, Airflow",57127,2,híbrido
2683,2024-01-09,GDL,Data Analyst,"SQL, Power BI, Tableau",29893,3,presencial
2684,2024-03-16,GDL,ML Engineer,"Pandas, SQL",62130,5,híbrido
2685,2024-06-23,CDMX,Data Engineer,"SQL, AWS",46359,1,remoto
2686,2024-03-24,CDMX,Data Engineer,"Python, SQL, AWS",34659,2,remoto
2687,2024-04-13,MTY,ML Engineer,"Pandas, AWS, Python, SQL",54948,2,híbrido
2688,2024-06-15,CDMX,ML Engineer,"Pandas, Python",55281,1,híbrido
2689,2024-05-06,GDL,Data Engineer,"Airflow, Python, SQL",41666,2,presencial
2690,2024-01-08,GDL,DevOps,"Python, Docker, AWS",30414,1,híbrido
2691,2024-03-18,GDL,ML Engineer,"Pandas, Python, AWS, SQL",44182,2,presencial
2692,2024-02-07,MTY,Frontend,"Docker, JavaScript",41581,2,híbrido
2693,2024-03-18,CDMX,Backend,"Java, Python, Docker, AWS",47058,5,remoto
2694,2024-02-25,GDL,ML Engineer,"SQL, Python, AWS, Pandas",58847,1,híbrido
2695,2024-01-12,MTY,Data Analyst,"Python, SQL, Tableau, Power BI",33317,3,presencial
2696,2024-04-13,CDMX,ML Engineer,"Pandas, Python, AWS",58183,5,híbrido
2697,2024-01-12,GDL,Frontend,"JavaScript, Docker",43329,1,híbrido
2698,2024-02-15,MTY,Frontend,"Docker, JavaScript",59787,2,híbrido
2699,2024-01-03,MTY,Frontend,"JavaScript, Docker",38530,1,presencial
2700,2024-02-08,Puebla,ML Engineer,"SQL, Pandas, AWS",65015,1,remoto
2701,2024-04-15,CDMX,ML Engineer,"SQL, Python, AWS",43772,4,remoto
2702,2024-06-20,CDMX,Data Engineer,"Airflow, AWS, Python, SQL",50864,2,remoto
2703,2024-05-26,MTY,Frontend,"Docker, JavaScript",26769,2,híbrido
2704,2024-01-11,CDMX,Frontend,"JavaScript, Docker",33435,2,presencial
2705,2024-04-27,CDMX,DevOps,"AWS, Docker",60395,3,remoto
2706,2024-03-25,GDL,ML Engineer,"SQL, Python, Pandas, AWS",53072,2,híbrido
2707,2024-03-15,MTY,Data Analyst,"Power BI, SQL, Tableau",16214,2,presencial
2708,2024-03-22,GDL,Data Analyst,"Tableau, SQL, Power BI, Python",54665,3,presencial
2709,2024-01-03,CDMX,Backend,"Docker, Python, Java",30804,5,remoto
2710,2024-05-03,CDMX,Backend,"AWS, Python, Java, Docker",42750,2,presencial
2711,2024-01-15,CDMX,Data Engineer,"SQL, AWS",47470,5,híbrido
2712,2024-02-04,MTY,Backend,"Python, Java",41218,2,híbrido
2713,2024-01-12,GDL,Backend,"AWS, Python, Docker",33759,4,híbrido
2714,2024-02-14,CDMX,Data Analyst,"SQL, Tableau, Power BI, Python",46910,3,híbrido
2715,2024-05-05,CDMX,DevOps,"Docker, AWS",54437,1,remoto
2716,2024-01-06,MTY,ML Engineer,"SQL, AWS, Pandas, Python",64670,2,presencial
2717,2024-02-20,CDMX,Backend,"Python, Docker, AWS, Java",42543,2,remoto
2718,2024-04-15,CDMX,DevOps,"Docker, AWS",46299,1,remoto
2719,2024-03-08,CDMX,ML Engineer,"SQL, Pandas, AWS",56978,2,híbrido
2720,2024-02-14,MTY,DevOps,"Python, Docker, AWS",37832,1,híbrido
2721,2024-05-16,CDMX,ML Engineer,"AWS, Pandas",44987,1,remoto
2722,2024-03-16,CDMX,Backend,"Docker, Python, Java, AWS",36965,2,remoto
2723,2024-03-08,Puebla,Data Analyst,"Python, Power BI",33733,1,híbrido
2724,2024-06-05,Querétaro,Frontend,"Docker, JavaScript",57721,2,presencial
2725,2024-05-22,CDMX,Data Analyst,"SQL, Power BI, Python, Tableau",38388,3,híbrido
2726,2024-04-22,GDL,Data Analyst,"Power BI, Python, SQL",31088,2,remoto
2727,2024-03-15,Querétaro,ML Engineer,"SQL, AWS, Pandas",65517,1,presencial
2728,2024-06-07,MTY,DevOps,"AWS, Python",42133,1,remoto
2729,2024-02-20,CDMX,Backend,"Docker, AWS",41399,2,remoto
2730,2024-04-02,Querétaro,Data Engineer,"SQL, Python, AWS, Airflow",65778,1,presencial
2731,2024-06-12,CDMX,Frontend,"JavaScript, Docker",56150,1,remoto
2732,2024-02-18,CDMX,Data Engineer,"AWS, Airflow",34757,3,híbrido
2733,2024-04-18,GDL,Data Engineer,"Python, SQL",25452,1,remoto
2734,2024-01-26,CDMX,Backend,"Docker, Python, AWS",40977,1,presencial
2735,2024-05-27,MTY,DevOps,"AWS, Python",53567,4,híbrido
2736,2024-06-10,Querétaro,ML Engineer,"SQL, AWS",45209,1,híbrido
2737,2024-06-04,GDL,Backend,"AWS, Python, Docker",45619,1,remoto
2738,2024-06-03,Puebla,DevOps,"AWS, Python",56615,4,híbrido
2739,2024-01-07,CDMX,Data Analyst,"SQL, Tableau, Python",45702,2,híbrido
2740,2024-04-05,GDL,Data Engineer,"SQL, AWS",42281,3,presencial
2741,2024-05-24,MTY,Data Engineer,"SQL, Python",56461,2,híbrido
2742,2024-02-25,CDMX,ML Engineer,"Pandas, AWS, Python, SQL",64552,4,presencial
2743,2024-01-10,GDL,Frontend,"JavaScript, Docker",24400,1,remoto
2744,2024-03-14,CDMX,Frontend,"JavaScript, Docker",31431,3,remoto
2745,2024-06-09,MTY,Frontend,"JavaScript, Docker",31205,4,híbrido
2746,2024-06-14,GDL,Backend,"AWS, Java, Python, Docker",45796,1,presencial
2747,2024-01-26,GDL,Data Analyst,"Python, SQL, Power BI",27197,1,remoto
2748,2024-05-25,CDMX,DevOps,"AWS, Python",67916,2,remoto
2749,2024-01-21,Puebla,Backend,"Python, Docker, AWS",28516,5,remoto
2750,2024-06-24,GDL,Data Engineer,"AWS, SQL",47521,3,remoto
2751,2024-06-10,CDMX,Data Analyst,"Tableau, SQL",48097,4,remoto
2752,2024-04-27,MTY,Data Analyst,"Python, Tableau",37562,1,presencial
2753,2024-04-11,GDL,ML Engineer,"SQL, Pandas, Python",49462,1,híbrido
2754,2024-01-10,CDMX,Data Analyst,"Tableau, Power BI, Python, SQL",51785,3,híbrido
2755,2024-04-01,MTY,Data Engineer,"SQL, Airflow, AWS, Python",43332,3,remoto
2756,2024-02-16,Puebla,Backend,"Python, AWS",33665,2,híbrido
2757,2024-02-04,GDL,Frontend,"Docker, JavaScript",39038,2,híbrido
2758,2024-06-07,Querétaro,ML Engineer,"Pandas, SQL",49180,2,remoto
2759,2024-06-08,GDL,Data Engineer,"AWS, Python, Airflow, SQL",39617,3,híbrido
2760,2024-04-21,CDMX,Frontend,"JavaScript, Docker",58085,1,remoto
2761,2024-05-07,GDL,Backend,"Java, Docker",45077,1,híbrido
2762,2024-03-18,Puebla,Backend,"AWS, Docker, Java",36894,2,híbrido
2763,2024-01-07,CDMX,Frontend,"JavaScript, Docker",32868,3,presencial
2764,2024-02-25,Querétaro,ML Engineer,"SQL, Pandas, Python, AWS",53952,5,híbrido
2765,2024-03-07,CDMX,DevOps,"AWS, Python",50686,2,híbrido
2766,2024-03-11,MTY,ML Engineer,"Pandas, AWS, Python, SQL",61992,3,híbrido
2767,2024-06-12,MTY,Data Engineer,"SQL, AWS, Airflow",25224,3,remoto
2768,2024-05-09,CDMX,Data Analyst,"Python, Power BI",36144,2,presencial
2769,2024-04-04,MTY,Data Analyst,"Python, SQL, Power BI",39728,1,remoto
2770,2024-06-24,CDMX,Frontend,"JavaScript, Docker",33662,2,híbrido
2771,2024-05-01,MTY,Backend,"Python, Docker, Java",51170,2,híbrido
2772,2024-02-18,CDMX,Backend,"Python, Java, AWS",37192,1,remoto
2773,2024-04-24,Querétaro,Data Engineer,"AWS, Python, Airflow",50748,4,remoto
2774,2024-02-03,MTY,ML Engineer,"AWS, Pandas, Python",46028,1,presencial
2775,2024-03-01,CDMX,ML Engineer,"Python, Pandas, AWS",63803,4,remoto
2776,2024-06-26,CDMX,Backend,"Python, Docker, Java",44859,1,remoto
2777,2024-03-02,CDMX,Data Analyst,"Power BI, Python, Tableau",22903,3,remoto
2778,2024-03-10,CDMX,DevOps,"AWS, Python, Docker",31583,1,híbrido
2779,2024-02-16,Querétaro,Backend,"AWS, Docker, Java",36950,3,remoto
2780,2024-03-13,MTY,Data Analyst,"SQL, Python",17597,2,remoto
2781,2024-04-24,MTY,Frontend,"Docker, JavaScript",25898,2,remoto
2782,2024-05-13,CDMX,Data Engineer,"AWS, SQL",38161,1,presencial
2783,2024-02-22,CDMX,DevOps,"Docker, AWS, Python",71622,1,híbrido
2784,2024-02-09,CDMX,Data Analyst,"SQL, Python, Power BI",48149,3,remoto
2785,2024-03-22,CDMX,Backend,"Python, Docker, Java",51618,4,híbrido
2786,2024-03-24,CDMX,Data Analyst,"Power BI, SQL, Tableau",27643,5,híbrido
2787,2024-05-14,Querétaro,Backend,"Docker, Java",27897,1,remoto
2788,2024-01-13,GDL,Backend,"Docker, Python, Java",33625,5,híbrido
2789,2024-02-15,GDL,Data Analyst,"Python, Power BI, SQL",22631,2,híbrido
2790,2024-02-22,CDMX,Backend,"Docker, AWS, Java, Python",46691,4,remoto
2791,2024-06-02,CDMX,Data Analyst,"SQL, Tableau, Python",26616,1,remoto
2792,2024-02-18,CDMX,Backend,"AWS, Java, Docker, Python",32889,2,presencial
2793,2024-03-03,Puebla,Frontend,"JavaScript, Docker",33713,5,híbrido
2794,2024-04-24,MTY,ML Engineer,"Pandas, Python, AWS",65250,3,remoto
2795,2024-04-03,MTY,DevOps,"AWS, Docker",52251,5,híbrido
2796,2024-01-20,MTY,Backend,"Java, Docker, Python",33160,1,híbrido
2797,2024-02-07,Puebla,Data Engineer,"Airflow, AWS",56792,2,híbrido
2798,2024-06-01,Puebla,DevOps,"Python, AWS, Docker",51538,3,remoto
2799,2024-03-26,GDL,Data Analyst,"SQL, Power BI, Python, Tableau",28955,3,presencial
2800,2024-03-26,MTY,Data Engineer,"Airflow, SQL",39914,5,remoto
2801,2024-01-17,GDL,ML Engineer,"Pandas, SQL",46187,1,remoto
2802,2024-02-19,Puebla,Data Analyst,"SQL, Tableau, Python, Power BI",25103,3,híbrido
2803,2024-01-02,MTY,Frontend,"Docker, JavaScript",27774,2,híbrido
2804,2024-03-09,CDMX,Backend,"AWS, Java",50464,1,presencial
2805,2024-05-02,MTY,Backend,"Python, Java, Docker, AWS",36649,5,presencial
2806,2024-04-14,Querétaro,Backend,"Java, AWS, Docker",53393,2,híbrido
2807,2024-06-08,CDMX,Data Analyst,"Tableau, Python, Power BI, SQL",44511,1,remoto
2808,2024-02-13,CDMX,DevOps,"Python, Docker, AWS",55530,1,remoto
2809,2024-01-08,CDMX,Frontend,"Docker, JavaScript",24837,3,presencial
2810,2024-03-26,GDL,Backend,"AWS, Python, Java",36300,3,remoto
2811,2024-02-07,GDL,Data Analyst,"Power BI, Python, Tableau",17512,3,remoto
2812,2024-03-25,MTY,ML Engineer,"AWS, Pandas, SQL, Python",62821,1,presencial
2813,2024-02-16,CDMX,DevOps,"Docker, AWS, Python",62141,2,remoto
2814,2024-02-15,CDMX,Frontend,"Docker, JavaScript",53587,1,híbrido
2815,2024-01-01,GDL,Backend,"Python, Java",36974,5,híbrido
2816,2024-05-05,CDMX,ML Engineer,"Pandas, Python, AWS, SQL",44509,2,híbrido
2817,2024-05-01,GDL,DevOps,"AWS, Python",55850,3,presencial
2818,2024-05-12,MTY,ML Engineer,"Pandas, SQL, Python",58589,2,híbrido
2819,2024-02-06,CDMX,Data Analyst,"SQL, Tableau, Python",44892,1,híbrido
2820,2024-04-23,CDMX,Backend,"Java, Docker, AWS",37945,2,remoto
2821,2024-03-02,CDMX,DevOps,"Python, Docker, AWS",51999,2,remoto
2822,2024-02-09,Querétaro,ML Engineer,"SQL, AWS, Pandas, Python",51784,2,presencial
2823,2024-06-11,GDL,Data Engineer,"Airflow, SQL, AWS, Python",31292,1,híbrido
2824,2024-04-22,CDMX,DevOps,"AWS, Python, Docker",50243,3,remoto
2825,2024-04-05,CDMX,Data Engineer,"SQL, AWS, Python",48297,1,remoto
2826,2024-02-17,MTY,DevOps,"Docker, AWS, Python",56675,5,presencial
2827,2024-02-05,CDMX,Backend,"Python, AWS",32779,3,remoto
2828,2024-06-06,GDL,ML Engineer,"AWS, Python",73683,2,híbrido
2829,2024-03-05,CDMX,Data Analyst,"Power BI, Python, Tableau",22873,3,presencial
2830,2024-04-09,Puebla,ML Engineer,"Pandas, SQL",51482,3,híbrido
2831,2024-02-23,CDMX,Backend,"Java, Python, AWS",30403,2,remoto
2832,2024-03-05,Querétaro,Data Engineer,"Python, SQL, Airflow, AWS",49856,5,presencial
2833,2024-02-27,GDL,Backend,"Java, AWS, Docker",39839,1,presencial
2834,2024-01-17,MTY,DevOps,"Python, Docker",68442,3,híbrido
2835,2024-01-13,GDL,DevOps,"Python, AWS, Docker",59013,3,híbrido
2836,2024-06-21,MTY,ML Engineer,"Pandas, AWS, SQL",59274,4,remoto
2837,2024-04-26,CDMX,Backend,"Docker, Python",56076,4,híbrido
2838,2024-04-11,MTY,ML Engineer,"AWS, Python, SQL, Pandas",53811,2,remoto
2839,2024-03-07,GDL,Backend,"Docker, AWS, Java",54219,2,híbrido
2840,2024-02-23,CDMX,ML Engineer,"SQL, AWS, Python, Pandas",56133,1,híbrido
2841,2024-03-14,GDL,Data Analyst,"Tableau, Power BI, SQL",35053,1,híbrido
2842,2024-04-04,CDMX,Frontend,"Docker, JavaScript",45858,1,híbrido
2843,2024-06-10,GDL,Frontend,"Docker, JavaScript",41487,2,híbrido
2844,2024-01-05,GDL,Data Analyst,"Tableau, Power BI, SQL",24122,2,híbrido
2845,2024-03-01,CDMX,Frontend,"Docker, JavaScript",52993,3,híbrido
2846,2024-06-12,Querétaro,DevOps,"Python, AWS",59316,1,remoto
2847,2024-06-20,MTY,Frontend,"Docker, JavaScript",30921,1,híbrido
2848,2024-05-01,CDMX,DevOps,"AWS, Python, Docker",53992,1,remoto
2849,2024-05-20,Puebla,Frontend,"Docker, JavaScript",54551,3,híbrido
2850,2024-06-18,CDMX,ML Engineer,"Pandas, SQL, AWS, Python",64449,3,híbrido
2851,2024-01-13,MTY,ML Engineer,"SQL, AWS",41082,4,híbrido
2852,2024-06-18,MTY,ML Engineer,"SQL, Pandas, AWS",48983,4,remoto
2853,2024-02-26,Querétaro,DevOps,"AWS, Docker",37011,5,híbrido
2854,2024-03-27,GDL,Backend,"Docker, Java",40155,1,presencial
2855,2024-03-08,CDMX,Frontend,"Docker, JavaScript",32790,1,híbrido
2856,2024-03-12,Puebla,ML Engineer,"AWS, Pandas, Python, SQL",76578,3,híbrido
2857,2024-05-03,CDMX,Frontend,"Docker, JavaScript",33842,1,híbrido
2858,2024-01-07,CDMX,Data Engineer,"SQL, Airflow, Python",45704,3,presencial
2859,2024-04-12,MTY,ML Engineer,"Python, Pandas",68756,1,remoto
2860,2024-06-14,MTY,Frontend,"JavaScript, Docker",32881,3,remoto
2861,2024-06-14,CDMX,Data Engineer,"Airflow, AWS",39053,1,híbrido
2862,2024-06-15,MTY,Backend,"Java, AWS, Python, Docker",46440,1,híbrido
2863,2024-03-11,Puebla,Backend,"Java, AWS",40429,2,remoto
2864,2024-05-12,GDL,Frontend,"Docker, JavaScript",57913,3,híbrido
2865,2024-04-22,GDL,Frontend,"JavaScript, Docker",50179,3,híbrido
2866,2024-05-25,CDMX,DevOps,"Docker, AWS, Python",51970,1,remoto
2867,2024-04-22,GDL,ML Engineer,"Pandas, SQL, AWS",37499,2,remoto
2868,2024-04-21,CDMX,Data Engineer,"Airflow, SQL, AWS",49544,1,híbrido
2869,2024-03-21,GDL,Data Engineer,"Python, Airflow",41411,4,híbrido
2870,2024-01-12,GDL,Data Engineer,"SQL, Airflow, AWS, Python",47558,3,presencial
2871,2024-05-12,Puebla,Backend,"Java, Docker, Python, AWS",56361,1,remoto
2872,2024-05-04,MTY,Data Engineer,"AWS, Python",48963,5,híbrido
2873,2024-06-04,Puebla,DevOps,"Docker, AWS",61078,1,híbrido
2874,2024-03-10,GDL,DevOps,"Python, AWS",36655,3,híbrido
2875,2024-03-02,Puebla,Backend,"Java, Python, AWS, Docker",39476,1,híbrido
2876,2024-04-16,Querétaro,Data Analyst,"Tableau, SQL, Python",21395,2,remoto
2877,2024-03-02,MTY,Backend,"Docker, Java",33470,3,presencial
2878,2024-06-20,CDMX,ML Engineer,"SQL, Python",67179,2,remoto
2879,2024-02-12,CDMX,DevOps,"AWS, Docker",44444,1,presencial
2880,2024-06-11,Querétaro,ML Engineer,"SQL, Pandas",67898,1,híbrido
2881,2024-03-24,GDL,Frontend,"JavaScript, Docker",35077,1,híbrido
2882,2024-06-12,MTY,ML Engineer,"SQL, Python",54151,2,híbrido
2883,2024-01-15,MTY,Frontend,"JavaScript, Docker",43896,3,remoto
2884,2024-03-01,Puebla,Frontend,"Docker, JavaScript",39829,5,híbrido
2885,2024-05-26,MTY,DevOps,"Docker, AWS, Python",33377,1,híbrido
2886,2024-03-14,Querétaro,Backend,"Java, AWS, Docker",42116,3,híbrido
2887,2024-02-17,CDMX,ML Engineer,"Python, Pandas",41925,5,presencial
2888,2024-02-24,CDMX,ML Engineer,"SQL, Python, Pandas, AWS",42718,2,remoto
2889,2024-01-10,CDMX,Frontend,"JavaScript, Docker",47155,1,remoto
2890,2024-05-19,CDMX,Data Engineer,"AWS, SQL, Python, Airflow",48153,1,presencial
2891,2024-02-10,MTY,Frontend,"Docker, JavaScript",29661,1,híbrido
2892,2024-02-16,Querétaro,Backend,"Docker, Python, Java",57064,3,remoto
2893,2024-01-22,GDL,ML Engineer,"Pandas, Python, AWS, SQL",66974,1,remoto
2894,2024-03-13,GDL,Data Engineer,"Python, AWS, SQL",39829,1,híbrido
2895,2024-02-03,CDMX,Backend,"AWS, Python",44240,3,remoto
2896,2024-03-21,Querétaro,ML Engineer,"SQL, AWS, Python",50743,5,híbrido
2897,2024-01-24,CDMX,ML Engineer,"Python, AWS, SQL, Pandas",59068,3,remoto
2898,2024-04-07,CDMX,Data Analyst,"Tableau, Python, SQL, Power BI",36961,2,remoto
2899,2024-01-03,GDL,Data Engineer,"Python, Airflow, SQL",58401,2,remoto
2900,2024-03-12,CDMX,Data Analyst,"Tableau, SQL, Python, Power BI",34772,1,remoto
2901,2024-02-15,CDMX,Data Engineer,"AWS, Airflow",58915,2,remoto
2902,2024-04-19,MTY,Backend,"AWS, Python",46272,1,híbrido
2903,2024-01-10,MTY,ML Engineer,"AWS, SQL, Pandas",56572,1,híbrido
2904,2024-05-16,Querétaro,ML Engineer,"Pandas, AWS, Python",48205,1,híbrido
2905,2024-03-22,CDMX,Data Engineer,"Airflow, SQL, Python",47341,1,presencial
2906,2024-03-27,MTY,DevOps,"Python, AWS, Docker",46090,2,híbrido
2907,2024-03-25,CDMX,Backend,"Java, Python, Docker, AWS",45173,3,presencial
2908,2024-05-26,Puebla,Data Engineer,"SQL, Airflow",34719,3,remoto
2909,2024-05-26,CDMX,DevOps,"Docker, Python, AWS",48058,2,presencial
2910,2024-06-19,GDL,Frontend,"Docker, JavaScript",32699,3,presencial
2911,2024-03-06,CDMX,Frontend,"Docker, JavaScript",35159,3,híbrido
2912,2024-06-24,GDL,Frontend,"Docker, JavaScript",43136,1,híbrido
2913,2024-06-09,GDL,Data Engineer,"Python, Airflow, SQL",62205,2,remoto
2914,2024-06-13,CDMX,ML Engineer,"Pandas, AWS, SQL, Python",52786,2,remoto
2915,2024-02-19,CDMX,Frontend,"Docker, JavaScript",42227,3,presencial
2916,2024-03-21,GDL,Data Engineer,"Airflow, Python",43302,2,presencial
2917,2024-01-20,CDMX,Frontend,"JavaScript, Docker",43711,5,remoto
2918,2024-06-18,CDMX,Data Engineer,"Airflow, SQL, Python, AWS",60636,4,presencial
2919,2024-04-17,CDMX,Frontend,"Docker, JavaScript",43451,1,híbrido
2920,2024-04-24,CDMX,Data Engineer,"Airflow, Python",40328,1,remoto
2921,2024-06-10,MTY,DevOps,"Docker, Python",32949,1,híbrido
2922,2024-03-04,MTY,Data Analyst,"Python, SQL, Tableau",40133,3,presencial
2923,2024-05-12,MTY,Frontend,"JavaScript, Docker",39769,2,híbrido
2924,2024-04-06,GDL,Backend,"AWS, Docker, Java",56561,1,remoto
2925,2024-06-26,Querétaro,Data Analyst,"SQL, Power BI, Tableau",15000,2,híbrido
2926,2024-03-06,MTY,Data Analyst,"SQL, Python, Tableau",39341,1,presencial
2927,2024-05-03,CDMX,DevOps,"Docker, Python, AWS",26583,2,híbrido
2928,2024-06-20,CDMX,Data Analyst,"Tableau, SQL, Power BI, Python",32498,2,remoto
2929,2024-05-23,CDMX,DevOps,"Python, Docker",61978,1,remoto
2930,2024-05-22,GDL,DevOps,"Docker, Python",70460,4,presencial
2931,2024-01-13,GDL,Data Analyst,"Python, SQL",29844,2,híbrido
2932,2024-02-01,CDMX,Data Engineer,"Python, Airflow",33640,3,presencial
2933,2024-02-09,CDMX,Data Analyst,"SQL, Tableau",40858,5,presencial
2934,2024-01-11,Querétaro,Frontend,"JavaScript, Docker",28707,1,remoto
2935,2024-02-03,CDMX,Data Engineer,"SQL, Airflow, Python",47027,2,híbrido
2936,2024-02-07,MTY,ML Engineer,"Pandas, Python, AWS, SQL",60175,5,remoto
2937,2024-05-01,CDMX,Backend,"Docker, Python, AWS, Java",54828,3,híbrido
2938,2024-05-08,MTY,Frontend,"Docker, JavaScript",41651,3,híbrido
2939,2024-04-21,MTY,Backend,"Java, Python, AWS, Docker",35076,2,presencial
2940,2024-04-26,GDL,Data Analyst,"Python, Power BI, SQL, Tableau",37491,3,presencial
2941,2024-01-24,CDMX,ML Engineer,"Pandas, SQL",63797,1,híbrido
2942,2024-02-13,MTY,Backend,"Docker, Python",58441,1,híbrido
2943,2024-05-15,Puebla,DevOps,"AWS, Python, Docker",53563,2,híbrido
2944,2024-05-11,Puebla,Data Analyst,"Python, Power BI, Tableau",51760,1,presencial
2945,2024-03-06,MTY,ML Engineer,"Python, Pandas, SQL, AWS",51905,1,híbrido
2946,2024-01-10,Querétaro,DevOps,"AWS, Docker",63078,1,remoto
2947,2024-06-24,CDMX,DevOps,"Docker, Python",55242,2,híbrido
2948,2024-01-24,Puebla,Backend,"AWS, Python",43274,5,presencial
2949,2024-03-22,Querétaro,Data Engineer,"Python, Airflow, AWS",63370,1,remoto
2950,2024-04-26,MTY,Data Analyst,"Python, Power BI, SQL",50249,2,híbrido
2951,2024-03-18,CDMX,Data Engineer,"Python, AWS, Airflow",44146,1,híbrido
2952,2024-04-15,GDL,Data Engineer,"Python, SQL, Airflow",50520,5,híbrido
2953,2024-03-16,CDMX,Backend,"Java, Docker, Python",51408,1,presencial
2954,2024-06-27,CDMX,Data Engineer,"Airflow, AWS, SQL, Python",38717,2,híbrido
2955,2024-01-08,CDMX,Frontend,"JavaScript, Docker",39932,5,híbrido
2956,2024-03-22,GDL,Data Engineer,"Airflow, AWS",62848,3,remoto
2957,2024-04-09,CDMX,Data Engineer,"SQL, AWS, Python",50925,3,presencial
2958,2024-02-05,Puebla,Data Engineer,"Python, SQL, AWS",56330,4,presencial
2959,2024-05-20,MTY,Data Analyst,"SQL, Python, Power BI",51895,4,remoto
2960,2024-05-07,GDL,ML Engineer,"AWS, Pandas",47475,5,híbrido
2961,2024-04-20,Puebla,ML Engineer,"Python, AWS",48222,2,remoto
2962,2024-02-16,CDMX,Data Engineer,"SQL, AWS, Airflow",28172,2,remoto
2963,2024-02-08,Puebla,Backend,"Java, AWS",45404,4,híbrido
2964,2024-05-11,MTY,Frontend,"Docker, JavaScript",36910,2,remoto
2965,2024-05-15,CDMX,Backend,"AWS, Python, Docker",24931,2,híbrido
2966,2024-01-01,CDMX,Data Analyst,"Python, Power BI, SQL",34771,2,híbrido
2967,2024-01-17,MTY,Backend,"Docker, AWS, Java",50454,2,presencial
2968,2024-04-21,GDL,Frontend,"Docker, JavaScript",31696,3,híbrido
2969,2024-03-14,Puebla,Data Engineer,"AWS, Airflow, Python",49420,3,híbrido
2970,2024-02-22,GDL,ML Engineer,"Python, Pandas, AWS",53597,1,híbrido
2971,2024-04-12,MTY,Data Analyst,"SQL, Python",40233,4,híbrido
2972,2024-02-10,GDL,Data Engineer,"Airflow, AWS, Python",44566,3,remoto
2973,2024-04-20,Querétaro,Backend,"Docker, Python",45920,4,híbrido
2974,2024-02-14,Querétaro,ML Engineer,"Python, SQL, Pandas",47930,1,remoto
2975,2024-03-21,MTY,ML Engineer,"Pandas, SQL, AWS",42290,2,presencial
2976,2024-04-06,GDL,Frontend,"Docker, JavaScript",29372,2,presencial
2977,2024-06-08,CDMX,Backend,"Java, AWS, Python",28647,1,remoto
2978,2024-01-11,CDMX,Data Engineer,"Python, AWS, Airflow, SQL",41435,3,presencial
2979,2024-02-26,CDMX,Frontend,"JavaScript, Docker",33763,2,híbrido
2980,2024-04-25,CDMX,Frontend,"Docker, JavaScript",54982,2,remoto
2981,2024-04-18,Querétaro,Data Analyst,"SQL, Tableau",45815,1,remoto
2982,2024-02-21,GDL,Data Analyst,"Power BI, SQL",19342,3,remoto
2983,2024-01-19,MTY,DevOps,"AWS, Python",35881,2,híbrido
2984,2024-05-27,Puebla,Data Engineer,"SQL, Python, Airflow, AWS",44940,2,híbrido
2985,2024-01-23,MTY,DevOps,"Docker, Python",55946,1,remoto
2986,2024-04-21,Puebla,Data Engineer,"Python, SQL",55020,2,híbrido
2987,2024-06-02,MTY,Data Analyst,"SQL, Python",27106,5,híbrido
2988,2024-05-22,Querétaro,Data Engineer,"Python, AWS",56089,2,remoto
2989,2024-03-03,GDL,Backend,"Docker, AWS",41096,3,remoto
2990,2024-04-09,Querétaro,Data Analyst,"Tableau, Python",38046,2,híbrido
2991,2024-02-06,GDL,Data Analyst,"Power BI, Python, Tableau, SQL",40597,2,híbrido
2992,2024-02-14,CDMX,Data Engineer,"Python, Airflow, AWS, SQL",62784,1,remoto
2993,2024-03-05,GDL,Data Engineer,"Airflow, SQL, AWS",39092,5,remoto
2994,2024-05-19,Puebla,Data Engineer,"AWS, SQL",51719,1,híbrido
2995,2024-02-12,MTY,Data Analyst,"Power BI, Python, Tableau",43129,1,presencial
2996,2024-04-18,CDMX,Frontend,"JavaScript, Docker",52836,3,híbrido
2997,2024-02-03,MTY,Data Analyst,"Python, SQL",36993,3,presencial
2998,2024-04-05,CDMX,Backend,"Docker, AWS",33386,1,híbrido
2999,2024-05-09,MTY,DevOps,"AWS, Docker",46903,2,híbrido
3000,2024-01-03,CDMX,DevOps,"AWS, Python",57144,4,remoto
3001,2024-04-01,GDL,Backend,"AWS, Java, Python, Docker",54606,2,remoto
3002,2024-03-11,GDL,Data Analyst,"Tableau, Python, SQL, Power BI",56459,2,presencial
3003,2024-06-05,CDMX,DevOps,"Python, AWS, Docker",42964,2,híbrido
3004,2024-06-27,MTY,ML Engineer,"SQL, Pandas, AWS, Python",66383,5,remoto
3005,2024-05-08,MTY,ML Engineer,"SQL, AWS, Python",63777,5,presencial
3006,2024-01-14,MTY,DevOps,"AWS, Docker",49042,4,remoto
3007,2024-03-05,Puebla,Frontend,"Docker, JavaScript",32084,2,híbrido
3008,2024-04-18,CDMX,Backend,"Java, AWS",41058,2,híbrido
3009,2024-02-17,CDMX,Backend,"Python, Docker, AWS, Java",39638,1,híbrido
3010,2024-04-10,CDMX,Frontend,"Docker, JavaScript",44688,2,remoto
3011,2024-03-22,Puebla,DevOps,"Docker, AWS, Python",56423,4,presencial
3012,2024-01-14,CDMX,Frontend,"JavaScript, Docker",26325,2,remoto
3013,2024-06-03,MTY,ML Engineer,"SQL, Python, AWS",50221,3,híbrido
3014,2024-03-13,MTY,DevOps,"Docker, Python",53395,3,remoto
3015,2024-03-08,GDL,Data Analyst,"Power BI, Tableau",27798,3,presencial
3016,2024-04-06,MTY,Data Engineer,"Python, Airflow, SQL, AWS",59810,1,presencial
3017,2024-05-26,Puebla,Data Engineer,"Airflow, Python, AWS, SQL",49773,4,presencial
3018,2024-05-05,MTY,Backend,"Java, Python",33549,2,remoto
3019,2024-06-26,Querétaro,ML Engineer,"Python, SQL",77218,2,remoto
3020,2024-05-13,CDMX,ML Engineer,"Python, AWS, SQL",56611,2,remoto
3021,2024-04-10,MTY,ML Engineer,"AWS, Pandas",50541,1,híbrido
3022,2024-05-20,MTY,Data Engineer,"Python, Airflow, AWS, SQL",31961,2,híbrido
3023,2024-05-06,GDL,Data Engineer,"Airflow, SQL",36302,2,remoto
3024,2024-05-02,CDMX,Data Analyst,"Python, Power BI, SQL, Tableau",63543,2,híbrido
3025,2024-04-17,CDMX,Backend,"Docker, Python, Java, AWS",48556,2,presencial
3026,2024-02-02,CDMX,ML Engineer,"AWS, Python, SQL",56649,4,presencial
3027,2024-04-11,Puebla,Backend,"Java, Docker, AWS",55607,2,presencial
3028,2024-04-24,GDL,DevOps,"Docker, AWS",36529,1,híbrido
3029,2024-02-23,CDMX,DevOps,"Python, AWS",58437,3,híbrido
3030,2024-01-24,GDL,Data Analyst,"SQL, Python, Power BI, Tableau",41473,1,remoto
3031,2024-01-01,CDMX,Data Analyst,"Python, Power BI",46959,1,remoto
3032,2024-05-11,Querétaro,Data Engineer,"Python, AWS, SQL, Airflow",52401,2,remoto
3033,2024-03-22,CDMX,Data Analyst,"Tableau, SQL, Power BI",39044,4,remoto
3034,2024-05-18,Puebla,Data Analyst,"Python, Tableau, SQL",37858,4,presencial
3035,2024-01-18,GDL,DevOps,"Python, Docker, AWS",54624,2,remoto
3036,2024-02-26,CDMX,Data Analyst,"SQL, Python, Tableau, Power BI",46455,5,remoto
3037,2024-03-09,MTY,Frontend,"JavaScript, Docker",50931,2,híbrido
3038,2024-03-06,MTY,ML Engineer,"AWS, Pandas",79728,1,presencial
3039,2024-02-12,MTY,Data Analyst,"Python, SQL, Power BI",48979,2,híbrido
3040,2024-01-12,MTY,Data Engineer,"Airflow, AWS, SQL",38167,3,híbrido
3041,2024-03-13,GDL,ML Engineer,"Python, AWS, SQL, Pandas",76871,2,remoto
3042,2024-01-09,GDL,Frontend,"Docker, JavaScript",32197,1,presencial
3043,2024-05-06,CDMX,Data Engineer,"Airflow, Python, AWS, SQL",51875,1,remoto
3044,2024-02-27,MTY,Data Analyst,"Python, Tableau, Power BI",39826,1,híbrido
3045,2024-06-06,MTY,Data Engineer,"AWS, SQL, Python",40533,5,presencial
3046,2024-06-13,GDL,Backend,"Java, Docker, AWS",41356,1,híbrido
3047,2024-01-22,CDMX,DevOps,"Python, AWS, Docker",31748,3,remoto
3048,2024-02-17,GDL,ML Engineer,"SQL, Python, Pandas",51283,3,híbrido
3049,2024-01-22,Querétaro,Data Engineer,"AWS, Airflow",55469,1,híbrido
3050,2024-03-05,Puebla,DevOps,"AWS, Docker, Python",42322,1,híbrido
3051,2024-03-23,MTY,Data Analyst,"Python, Power BI",37598,1,presencial
3052,2024-05-04,MTY,ML Engineer,"Pandas, Python, SQL",57259,2,híbrido
3053,2024-04-24,CDMX,Frontend,"Docker, JavaScript",22775,1,remoto
3054,2024-04-02,GDL,Data Engineer,"Airflow, AWS, SQL",55549,1,remoto
3055,2024-06-14,CDMX,ML Engineer,"SQL, AWS",66265,5,híbrido
3056,2024-03-12,GDL,Backend,"Docker, Python, Java",42084,4,híbrido
3057,2024-01-05,GDL,Backend,"Docker, Python, Java, AWS",49106,1,remoto
3058,2024-05-18,CDMX,Data Engineer,"AWS, SQL, Airflow, Python",57041,3,remoto
3059,2024-04-01,GDL,Data Engineer,"Python, Airflow, AWS, SQL",45532,5,híbrido
3060,2024-04-13,MTY,Backend,"AWS, Python, Java, Docker",38666,3,híbrido
3061,2024-05-21,GDL,Data Analyst,"SQL, Python, Power BI, Tableau",27371,2,presencial
3062,2024-02-09,MTY,Backend,"Docker, Java",40178,2,remoto
3063,2024-03-14,CDMX,DevOps,"AWS, Python, Docker",39811,3,híbrido
3064,2024-02-24,CDMX,ML Engineer,"Pandas, AWS, Python, SQL",36852,1,remoto
3065,2024-01-17,MTY,Data Engineer,"AWS, Python, SQL",43263,2,remoto
3066,2024-06-13,Querétaro,Backend,"Python, Docker",48256,3,remoto
3067,2024-03-03,CDMX,Backend,"Docker, AWS, Java, Python",40749,4,híbrido
3068,2024-03-04,Querétaro,Frontend,"Docker, JavaScript",31591,4,remoto
3069,2024-04-20,Puebla,ML Engineer,"SQL, Pandas",41239,2,presencial
3070,2024-02-10,CDMX,Frontend,"JavaScript, Docker",29841,1,remoto
3071,2024-01-21,CDMX,Backend,"Docker, AWS, Java, Python",46340,3,presencial
3072,2024-01-26,Querétaro,Data Engineer,"Airflow, AWS, SQL",54907,3,remoto
3073,2024-02-15,CDMX,Backend,"AWS, Docker, Java",35371,1,híbrido
3074,2024-01-22,CDMX,DevOps,"Python, Docker",63066,1,remoto
3075,2024-05-26,MTY,Backend,"Docker, Java",53598,3,presencial
3076,2024-05-26,GDL,Data Analyst,"Tableau, Power BI",19679,1,presencial
3077,2024-04-10,GDL,Frontend,"Docker, JavaScript",35493,2,remoto
3078,2024-06-27,GDL,Backend,"Python, Docker, AWS, Java",29238,1,híbrido
3079,2024-01-19,Puebla,Backend,"Java, Python",38766,2,remoto
3080,2024-05-03,CDMX,Backend,"Python, Java, AWS, Docker",42589,2,presencial
3081,2024-03-22,MTY,ML Engineer,"Pandas, AWS, Python, SQL",61187,3,remoto
3082,2024-01-19,GDL,ML Engineer,"AWS, Python, SQL",49217,3,remoto
3083,2024-02-10,CDMX,ML Engineer,"SQL, Python, AWS",38503,3,remoto
3084,2024-04-06,CDMX,Data Engineer,"Python, SQL",51449,1,híbrido
3085,2024-01-22,MTY,Frontend,"JavaScript, Docker",44602,1,híbrido
3086,2024-03-07,MTY,DevOps,"Python, AWS, Docker",50274,5,presencial
3087,2024-04-02,GDL,DevOps,"AWS, Docker, Python",52130,2,remoto
3088,2024-01-25,GDL,Data Analyst,"Python, SQL, Tableau",35303,3,remoto
3089,2024-02-09,MTY,Data Engineer,"Python, Airflow",40534,3,remoto
3090,2024-03-03,MTY,Backend,"Java, Docker, Python, AWS",36790,1,remoto
3091,2024-06-12,MTY,Data Engineer,"Airflow, Python",40639,1,remoto
3092,2024-04-03,MTY,Frontend,"JavaScript, Docker",31237,2,remoto
3093,2024-04-22,CDMX,DevOps,"Python, Docker",39878,2,híbrido
3094,2024-02-21,Querétaro,ML Engineer,"SQL, AWS",37562,4,híbrido
3095,2024-03-12,GDL,Data Analyst,"Tableau, Power BI, Python",30494,5,remoto
3096,2024-02-07,CDMX,Backend,"Java, AWS, Docker",38122,2,híbrido
3097,2024-05-07,CDMX,Frontend,"Docker, JavaScript",47388,2,híbrido
3098,2024-03-17,CDMX,Data Analyst,"SQL, Power BI",32686,1,híbrido
3099,2024-01-19,CDMX,ML Engineer,"Pandas, Python",57625,3,remoto
3100,2024-01-27,GDL,DevOps,"Python, Docker",37712,2,híbrido
3101,2024-03-26,CDMX,Data Analyst,"Power BI, Python, Tableau",34411,2,híbrido
3102,2024-03-10,MTY,ML Engineer,"AWS, Pandas",49691,3,híbrido
3103,2024-03-22,CDMX,Data Engineer,"Python, SQL",53572,3,remoto
3104,2024-05-19,Querétaro,Backend,"AWS, Java, Python, Docker",38943,1,remoto
3105,2024-04-02,CDMX,Backend,"Docker, Python, AWS",45919,1,presencial
3106,2024-06-10,MTY,Data Analyst,"SQL, Python",21016,5,híbrido
3107,2024-02-17,CDMX,ML Engineer,"Python, Pandas, SQL, AWS",58084,3,presencial
3108,2024-03-18,Puebla,Frontend,"Docker, JavaScript",39827,3,híbrido
3109,2024-02-19,CDMX,DevOps,"Python, AWS, Docker",54290,3,remoto
3110,2024-03-06,Puebla,Data Analyst,"Tableau, SQL",62013,3,remoto
3111,2024-01-02,Puebla,ML Engineer,"SQL, AWS",57925,2,presencial
3112,2024-02-21,GDL,Frontend,"JavaScript, Docker",38010,3,presencial
3113,2024-03-07,CDMX,DevOps,"Python, AWS",44254,1,remoto
3114,2024-01-24,CDMX,Data Engineer,"SQL, AWS, Python, Airflow",34298,1,remoto
3115,2024-01-17,MTY,Data Engineer,"AWS, Python",51750,2,presencial
3116,2024-04-27,GDL,ML Engineer,"Python, AWS, SQL",51933,2,híbrido
3117,2024-06-20,Puebla,Frontend,"Docker, JavaScript",43858,3,remoto
3118,2024-06-04,Querétaro,Data Analyst,"Tableau, SQL, Python",48564,2,híbrido
3119,2024-04-09,CDMX,Backend,"Java, AWS, Docker, Python",45051,1,presencial
3120,2024-03-25,GDL,Backend,"Python, AWS, Java, Docker",45528,5,remoto
3121,2024-03-14,MTY,ML Engineer,"Python, AWS, SQL",51881,2,presencial
3122,2024-01-09,Querétaro,ML Engineer,"Pandas, AWS",49314,4,remoto
3123,2024-05-12,Querétaro,Data Analyst,"Tableau, Power BI",49861,1,remoto
3124,2024-01-27,GDL,Frontend,"JavaScript, Docker",28704,3,híbrido
3125,2024-02-16,CDMX,Frontend,"JavaScript, Docker",36452,1,híbrido
3126,2024-05-25,CDMX,Data Analyst,"Python, Tableau, Power BI, SQL",35579,4,remoto
3127,2024-01-13,MTY,DevOps,"Docker, AWS, Python",44667,2,híbrido
3128,2024-04-03,MTY,Data Analyst,"Tableau, Python, Power BI, SQL",20988,2,remoto
3129,2024-03-10,Puebla,Data Analyst,"Power BI, Tableau, SQL",40969,2,presencial
3130,2024-01-25,GDL,Frontend,"Docker, JavaScript",45463,3,remoto
3131,2024-03-01,MTY,ML Engineer,"Python, AWS, SQL",60566,3,remoto
3132,2024-01-17,CDMX,Data Analyst,"Power BI, SQL, Tableau",39918,1,híbrido
3133,2024-03-11,MTY,Frontend,"JavaScript, Docker",21383,1,híbrido
3134,2024-01-27,Querétaro,Data Engineer,"Airflow, SQL",55846,3,híbrido
3135,2024-04-02,CDMX,Data Analyst,"Tableau, SQL",53348,1,híbrido
3136,2024-05-14,CDMX,Backend,"AWS, Python, Docker, Java",44630,1,híbrido
3137,2024-03-15,CDMX,Data Analyst,"Power BI, Python, Tableau, SQL",35760,3,presencial
3138,2024-01-05,GDL,Frontend,"Docker, JavaScript",61420,3,remoto
3139,2024-05-03,CDMX,Data Analyst,"SQL, Tableau, Python, Power BI",31836,2,remoto
3140,2024-06-27,CDMX,Frontend,"Docker, JavaScript",27892,2,híbrido
3141,2024-04-24,GDL,Data Engineer,"Python, Airflow",38019,2,presencial
3142,2024-05-23,CDMX,Data Engineer,"Airflow, Python",51569,3,remoto
3143,2024-04-20,GDL,Frontend,"Docker, JavaScript",49752,5,remoto
3144,2024-03-17,CDMX,DevOps,"Docker, AWS",43127,4,remoto
3145,2024-05-09,GDL,ML Engineer,"AWS, Python, Pandas",57140,4,presencial
3146,2024-04-15,Querétaro,Data Engineer,"Airflow, SQL, Python",44667,2,remoto
3147,2024-01-18,CDMX,DevOps,"Python, AWS, Docker",55093,2,híbrido
3148,2024-05-24,GDL,Frontend,"Docker, JavaScript",32300,1,remoto
3149,2024-04-20,GDL,Data Analyst,"Python, Power BI",47443,2,remoto
3150,2024-03-09,MTY,Frontend,"Docker, JavaScript",38501,1,híbrido
3151,2024-05-14,Puebla,Frontend,"JavaScript, Docker",32552,2,híbrido
3152,2024-01-20,GDL,Data Analyst,"Python, Power BI",61129,1,presencial
3153,2024-01-22,CDMX,Data Engineer,"Python, AWS, Airflow",40492,2,remoto
3154,2024-06-12,Querétaro,DevOps,"Python, AWS, Docker",49629,5,remoto
3155,2024-06-07,CDMX,ML Engineer,"SQL, AWS",49560,2,híbrido
3156,2024-04-17,CDMX,Frontend,"Docker, JavaScript",37576,2,híbrido
3157,2024-04-01,GDL,ML Engineer,"Python, AWS",62691,2,remoto
3158,2024-04-20,MTY,Frontend,"JavaScript, Docker",39406,2,híbrido
3159,2024-05-27,GDL,Data Engineer,"SQL, Airflow",45115,5,remoto
3160,2024-06-04,Querétaro,Data Analyst,"Power BI, SQL, Python, Tableau",47239,5,presencial
3161,2024-01-11,GDL,Data Analyst,"Power BI, Tableau, SQL, Python",19719,3,híbrido
3162,2024-05-21,GDL,Backend,"AWS, Java",50869,2,remoto
3163,2024-06-03,GDL,Data Analyst,"Tableau, Power BI",32761,1,remoto
3164,2024-04-22,MTY,Backend,"Docker, Java, Python",38985,3,presencial
3165,2024-06-15,CDMX,Frontend,"JavaScript, Docker",35348,3,remoto
3166,2024-01-24,GDL,ML Engineer,"Pandas, Python, SQL, AWS",28592,2,híbrido
3167,2024-01-04,CDMX,Backend,"Python, AWS, Docker",47713,1,remoto
3168,2024-04-20,GDL,Data Engineer,"AWS, SQL",57022,1,presencial
3169,2024-03-21,MTY,Frontend,"Docker, JavaScript",45706,5,híbrido
3170,2024-02-12,GDL,Data Analyst,"Power BI, SQL, Tableau, Python",41970,2,híbrido
3171,2024-03-09,CDMX,Backend,"Java, Docker",49035,2,híbrido
3172,2024-05-01,Querétaro,Data Engineer,"SQL, AWS, Airflow",35486,2,híbrido
3173,2024-04-24,CDMX,Frontend,"JavaScript, Docker",38353,3,remoto
3174,2024-04-06,CDMX,Backend,"Java, Python",52353,1,presencial
3175,2024-03-22,GDL,Backend,"Java, AWS, Docker",34719,1,presencial
3176,2024-05-17,CDMX,Frontend,"JavaScript, Docker",55332,2,híbrido
3177,2024-05-16,CDMX,DevOps,"AWS, Docker, Python",55641,3,presencial
3178,2024-03-27,GDL,Data Analyst,"SQL, Tableau",39934,1,presencial
3179,2024-02-15,CDMX,Backend,"Python, Java, AWS, Docker",52025,1,presencial
3180,2024-03-04,CDMX,Backend,"Docker, AWS",42979,1,presencial
3181,2024-04-12,Querétaro,Data Analyst,"Python, SQL, Tableau",17686,1,híbrido
3182,2024-02-17,CDMX,Frontend,"Docker, JavaScript",53224,1,presencial
3183,2024-06-26,MTY,ML Engineer,"Pandas, AWS, Python",66949,3,remoto
3184,2024-03-04,Querétaro,Data Engineer,"Airflow, AWS, Python",33569,5,híbrido
3185,2024-01-04,GDL,Backend,"Java, AWS, Python, Docker",26493,2,remoto
3186,2024-05-06,CDMX,ML Engineer,"SQL, Python, Pandas, AWS",55009,5,remoto
3187,2024-05-14,CDMX,Data Analyst,"Python, SQL, Tableau",30223,4,remoto
3188,2024-02-26,Querétaro,Data Analyst,"Power BI, Python",28627,2,remoto
3189,2024-06-25,MTY,Data Analyst,"Tableau, Python, SQL",53787,1,remoto
3190,2024-01-04,CDMX,DevOps,"Docker, Python",55515,2,remoto
3191,2024-05-06,CDMX,DevOps,"AWS, Docker",51486,1,presencial
3192,2024-01-08,MTY,Backend,"Docker, Python",46363,2,híbrido
3193,2024-02-03,GDL,ML Engineer,"Pandas, SQL, Python, AWS",58218,1,remoto
3194,2024-04-23,MTY,Backend,"Docker, Python",49850,1,híbrido
3195,2024-04-24,CDMX,Backend,"Docker, AWS, Python",38250,1,híbrido
3196,2024-01-02,MTY,ML Engineer,"Python, AWS, SQL",49016,2,remoto
3197,2024-05-18,Puebla,Backend,"Java, Python, Docker",41307,4,remoto
3198,2024-01-04,CDMX,Data Engineer,"Python, AWS",47314,5,remoto
3199,2024-04-20,GDL,Data Engineer,"Python, SQL, Airflow, AWS",42111,4,remoto
3200,2024-05-12,MTY,ML Engineer,"Python, Pandas, SQL, AWS",54988,2,remoto
3201,2024-05-24,GDL,Data Engineer,"Python, Airflow",52768,5,híbrido
3202,2024-02-26,MTY,Backend,"Docker, AWS, Python, Java",44573,3,híbrido
3203,2024-06-04,CDMX,Data Analyst,"SQL, Power BI, Tableau",42504,1,remoto
3204,2024-01-16,CDMX,Data Engineer,"AWS, Airflow, SQL, Python",47979,2,presencial
3205,2024-05-05,CDMX,Data Engineer,"AWS, Airflow, Python",50184,4,híbrido
3206,2024-05-06,CDMX,Data Engineer,"Python, SQL, Airflow",63503,3,remoto
3207,2024-06-09,Querétaro,Data Engineer,"SQL, Airflow",41715,2,híbrido
3208,2024-04-03,CDMX,Data Engineer,"AWS, Python, SQL, Airflow",44442,1,remoto
3209,2024-06-24,MTY,Frontend,"JavaScript, Docker",28860,1,remoto
3210,2024-02-03,MTY,Backend,"AWS, Java, Python, Docker",47634,1,remoto
3211,2024-02-18,MTY,Backend,"Python, Java, Docker, AWS",31454,3,híbrido
3212,2024-03-24,CDMX,Data Engineer,"AWS, Python, Airflow, SQL",60561,1,híbrido
3213,2024-05-02,Puebla,Data Analyst,"SQL, Power BI, Python",43670,4,remoto
3214,2024-02-18,GDL,Frontend,"Docker, JavaScript",29360,2,remoto
3215,2024-04-22,CDMX,DevOps,"AWS, Python",27586,1,remoto
3216,2024-06-23,CDMX,Backend,"Java, AWS, Docker",27291,4,remoto
3217,2024-05-15,GDL,Data Analyst,"Tableau, Power BI, SQL",43334,1,presencial
3218,2024-03-10,MTY,Data Analyst,"Tableau, Power BI",21793,2,presencial
3219,2024-06-18,CDMX,ML Engineer,"Python, SQL, Pandas",43373,5,remoto
3220,2024-04-19,Querétaro,Data Engineer,"Python, SQL, AWS",65309,4,híbrido
3221,2024-06-08,CDMX,Data Engineer,"SQL, AWS, Airflow",42088,3,remoto
3222,2024-01-17,MTY,Backend,"Java, Docker, Python, AWS",44788,1,presencial
3223,2024-05-09,MTY,ML Engineer,"Pandas, AWS",62154,4,remoto
3224,2024-06-14,MTY,DevOps,"Python, AWS",50588,2,híbrido
3225,2024-01-03,CDMX,Data Engineer,"AWS, Python, SQL",59408,1,presencial
3226,2024-06-19,MTY,ML Engineer,"Python, AWS, Pandas",59748,1,remoto
3227,2024-02-15,CDMX,ML Engineer,"Python, SQL",64088,4,híbrido
3228,2024-06-13,CDMX,Data Engineer,"Airflow, SQL",43609,3,remoto
3229,2024-03-24,CDMX,Data Analyst,"Tableau, SQL, Python, Power BI",27845,1,presencial
3230,2024-01-07,Puebla,Data Analyst,"Power BI, Tableau, Python, SQL",31304,3,remoto
3231,2024-03-20,CDMX,Data Engineer,"AWS, Airflow, Python, SQL",62823,2,híbrido
3232,2024-02-18,GDL,ML Engineer,"Python, Pandas, SQL, AWS",54127,3,presencial
3233,2024-03-11,MTY,ML Engineer,"SQL, AWS, Pandas, Python",52103,4,remoto
3234,2024-06-18,CDMX,DevOps,"Python, Docker, AWS",50263,2,presencial
3235,2024-06-23,CDMX,DevOps,"Python, AWS, Docker",39019,3,remoto
3236,2024-04-17,Puebla,Frontend,"Docker, JavaScript",31408,2,remoto
3237,2024-06-24,CDMX,Data Engineer,"Airflow, Python",49605,5,híbrido
3238,2024-04-27,MTY,DevOps,"Docker, AWS, Python",71963,2,remoto
3239,2024-01-05,GDL,DevOps,"AWS, Python, Docker",58934,3,remoto
3240,2024-06-23,MTY,Frontend,"JavaScript, Docker",27701,2,híbrido
3241,2024-02-20,CDMX,Backend,"AWS, Docker",56016,2,remoto
3242,2024-05-11,MTY,Backend,"Python, Java, AWS",39413,2,híbrido
3243,2024-02-14,CDMX,Data Engineer,"Python, SQL, AWS",35162,3,remoto
3244,2024-03-06,Querétaro,DevOps,"Docker, Python, AWS",40407,1,híbrido
3245,2024-05-02,Puebla,DevOps,"AWS, Docker, Python",55309,3,remoto
3246,2024-04-20,GDL,DevOps,"Docker, Python",56111,1,híbrido
3247,2024-02-05,CDMX,Data Analyst,"SQL, Python, Power BI, Tableau",44986,1,híbrido
3248,2024-05-07,GDL,Backend,"Python, Docker, AWS",27186,2,presencial
3249,2024-03-16,GDL,Frontend,"Docker, JavaScript",47801,5,híbrido
3250,2024-02-01,GDL,DevOps,"Docker, Python, AWS",57428,1,híbrido
3251,2024-06-14,CDMX,Backend,"AWS, Python",56030,3,remoto
3252,2024-05-07,Puebla,Data Engineer,"SQL, AWS, Python, Airflow",60319,1,remoto
3253,2024-01-01,Puebla,Backend,"Docker, Java",40319,1,remoto
3254,2024-01-16,GDL,DevOps,"Python, AWS",65125,3,remoto
3255,2024-02-06,CDMX,Frontend,"JavaScript, Docker",55075,4,híbrido
3256,2024-05-25,CDMX,Backend,"AWS, Java, Docker",38047,3,presencial
3257,2024-06-14,CDMX,Frontend,"Docker, JavaScript",30575,1,híbrido
3258,2024-01-04,GDL,Data Analyst,"SQL, Python, Tableau",36653,4,remoto
3259,2024-05-04,Querétaro,Data Engineer,"Airflow, SQL, Python",59524,1,remoto
3260,2024-05-19,CDMX,Frontend,"JavaScript, Docker",28535,5,híbrido
3261,2024-06-12,Puebla,Backend,"Java, Docker, Python",32155,2,remoto
3262,2024-04-04,MTY,Backend,"Java, AWS, Python, Docker",50849,4,híbrido
3263,2024-01-12,GDL,Frontend,"Docker, JavaScript",56344,5,remoto
3264,2024-06-04,CDMX,DevOps,"AWS, Docker",54336,4,remoto
3265,2024-03-25,GDL,ML Engineer,"SQL, Python",53572,2,híbrido
3266,2024-02-21,GDL,Data Analyst,"SQL, Python",39209,2,remoto
3267,2024-05-20,GDL,Data Engineer,"Python, Airflow",57769,2,presencial
3268,2024-03-14,GDL,Data Analyst,"SQL, Power BI, Python",31884,3,remoto
3269,2024-01-24,CDMX,ML Engineer,"Python, AWS, SQL, Pandas",52086,1,híbrido
3270,2024-01-03,Puebla,Data Analyst,"SQL, Python, Power BI, Tableau",18006,1,híbrido
3271,2024-06-27,CDMX,Frontend,"JavaScript, Docker",40106,3,remoto
3272,2024-04-18,CDMX,Data Engineer,"AWS, Airflow, Python, SQL",40566,2,presencial
3273,2024-02-20,Querétaro,Data Engineer,"SQL, AWS, Airflow",50546,2,híbrido
3274,2024-02-21,Puebla,DevOps,"Docker, Python, AWS",49282,5,híbrido
3275,2024-02-25,MTY,DevOps,"AWS, Python, Docker",32607,5,híbrido
3276,2024-05-18,CDMX,Data Engineer,"Airflow, AWS",57261,1,híbrido
3277,2024-04-15,CDMX,Frontend,"Docker, JavaScript",29360,2,presencial
3278,2024-06-16,GDL,Backend,"AWS, Java, Docker",42685,3,remoto
3279,2024-02-09,Querétaro,Data Analyst,"Python, SQL, Tableau",31667,5,presencial
3280,2024-01-23,MTY,Backend,"AWS, Python",39339,4,híbrido
3281,2024-02-18,MTY,Backend,"AWS, Java, Docker, Python",49430,1,remoto
3282,2024-02-07,GDL,ML Engineer,"Pandas, SQL, AWS, Python",48571,5,remoto
3283,2024-01-12,CDMX,DevOps,"Docker, AWS, Python",69996,3,remoto
3284,2024-05-19,GDL,DevOps,"Python, AWS, Docker",30928,1,presencial
3285,2024-06-05,GDL,Backend,"Java, Docker",64252,5,remoto
3286,2024-01-22,CDMX,Backend,"Docker, Java, AWS",48466,1,híbrido
3287,2024-04-03,CDMX,Data Analyst,"Tableau, SQL, Power BI, Python",32017,1,remoto
3288,2024-01-02,Puebla,Backend,"Java, Python",30318,1,remoto
3289,2024-02-18,Querétaro,Backend,"Java, AWS",51695,5,remoto
3290,2024-05-11,Puebla,DevOps,"Docker, Python",52995,1,remoto
3291,2024-06-07,Puebla,DevOps,"Python, AWS",54692,1,remoto
3292,2024-02-25,CDMX,Backend,"Python, AWS, Docker",48650,2,presencial
3293,2024-01-21,Querétaro,Backend,"Java, Docker, AWS, Python",48612,2,híbrido
3294,2024-06-05,MTY,ML Engineer,"AWS, SQL, Python, Pandas",56124,4,híbrido
3295,2024-03-02,MTY,ML Engineer,"SQL, Python, AWS",53562,5,híbrido
3296,2024-05-15,GDL,Data Engineer,"Python, SQL, AWS",52699,5,híbrido
3297,2024-03-07,GDL,Backend,"Python, Java, AWS, Docker",32078,2,remoto
3298,2024-01-02,GDL,Data Engineer,"AWS, Airflow, Python",37830,1,híbrido
3299,2024-06-22,CDMX,Data Engineer,"Python, Airflow, AWS, SQL",43725,3,presencial
3300,2024-06-06,MTY,Frontend,"JavaScript, Docker",59060,5,remoto
3301,2024-02-06,CDMX,ML Engineer,"SQL, Pandas, Python, AWS",54157,3,presencial
3302,2024-03-22,MTY,Backend,"AWS, Python",40277,3,remoto
3303,2024-03-04,GDL,ML Engineer,"SQL, Pandas",69687,1,remoto
3304,2024-05-24,MTY,Frontend,"JavaScript, Docker",34779,2,híbrido
3305,2024-05-20,Puebla,ML Engineer,"SQL, Pandas",48148,2,híbrido
3306,2024-04-18,GDL,Data Analyst,"Tableau, SQL, Python",20151,1,híbrido
3307,2024-02-26,CDMX,Frontend,"Docker, JavaScript",41919,5,remoto
3308,2024-02-01,CDMX,Frontend,"Docker, JavaScript",55172,3,remoto
3309,2024-01-16,MTY,Data Engineer,"AWS, SQL",59079,1,híbrido
3310,2024-06-09,MTY,ML Engineer,"SQL, AWS, Pandas, Python",49732,3,híbrido
3311,2024-03-18,CDMX,Frontend,"Docker, JavaScript",38122,2,híbrido
3312,2024-02-22,CDMX,Data Analyst,"Python, Tableau, Power BI",28642,1,híbrido
3313,2024-02-19,MTY,Data Analyst,"Tableau, Power BI, SQL",29309,1,remoto
3314,2024-02-04,GDL,Data Analyst,"Python, Power BI, Tableau, SQL",22965,1,presencial
3315,2024-05-13,CDMX,Frontend,"JavaScript, Docker",45005,3,remoto
3316,2024-03-14,MTY,DevOps,"Python, Docker",60653,3,híbrido
3317,2024-04-23,MTY,ML Engineer,"AWS, Pandas",44969,1,híbrido
3318,2024-05-11,Puebla,DevOps,"Python, Docker",39506,2,remoto
3319,2024-03-15,CDMX,Data Engineer,"SQL, AWS",61435,5,remoto
3320,2024-05-22,Querétaro,Data Engineer,"AWS, Airflow, SQL",39174,1,híbrido
3321,2024-06-12,CDMX,ML Engineer,"SQL, Pandas, AWS",49884,1,híbrido
3322,2024-02-01,CDMX,Frontend,"Docker, JavaScript",39448,2,híbrido
3323,2024-03-11,GDL,Backend,"AWS, Python, Java, Docker",33014,5,presencial
3324,2024-06-24,Querétaro,Backend,"Docker, AWS, Python, Java",56189,1,remoto
3325,2024-06-21,Querétaro,Data Analyst,"SQL, Tableau, Python",28595,1,presencial
3326,2024-04-21,MTY,Frontend,"Docker, JavaScript",50677,2,híbrido
3327,2024-03-07,MTY,ML Engineer,"AWS, Python",46595,3,remoto
3328,2024-01-12,CDMX,ML Engineer,"Pandas, Python, AWS, SQL",55119,1,remoto
3329,2024-05-09,CDMX,ML Engineer,"Pandas, Python",44792,4,remoto
3330,2024-03-02,GDL,ML Engineer,"SQL, Pandas, AWS",51863,1,presencial
3331,2024-06-08,CDMX,Frontend,"JavaScript, Docker",48386,5,híbrido
3332,2024-02-08,CDMX,Data Engineer,"SQL, Python",41502,2,remoto
3333,2024-04-25,Querétaro,Frontend,"JavaScript, Docker",49373,3,híbrido
3334,2024-06-05,CDMX,Data Analyst,"Tableau, SQL, Python",16042,5,híbrido
3335,2024-03-12,GDL,Backend,"Java, AWS",60313,2,híbrido
3336,2024-05-05,MTY,ML Engineer,"Pandas, AWS, Python, SQL",52996,3,híbrido
3337,2024-02-05,CDMX,Backend,"Docker, AWS, Java, Python",45497,1,remoto
3338,2024-01-04,CDMX,DevOps,"AWS, Docker",48357,2,remoto
3339,2024-06-12,GDL,Data Engineer,"Airflow, SQL, AWS",48392,1,híbrido
3340,2024-03-16,MTY,Data Analyst,"Tableau, SQL, Power BI, Python",16428,5,remoto
3341,2024-01-24,Querétaro,Backend,"AWS, Python",47910,3,híbrido
3342,2024-05-06,MTY,Backend,"AWS, Docker, Java, Python",52929,1,remoto
3343,2024-06-13,CDMX,DevOps,"Python, AWS",40824,1,presencial
3344,2024-04-03,CDMX,ML Engineer,"AWS, Python",38285,1,remoto
3345,2024-01-09,CDMX,Frontend,"JavaScript, Docker",26258,1,híbrido
3346,2024-04-25,Puebla,Frontend,"JavaScript, Docker",51338,2,remoto
3347,2024-02-01,GDL,Backend,"Java, AWS",38890,2,remoto
3348,2024-05-16,GDL,ML Engineer,"AWS, Pandas",66853,4,presencial
3349,2024-01-20,CDMX,Data Analyst,"SQL, Power BI",32735,5,remoto
3350,2024-02-23,CDMX,Data Engineer,"Python, SQL",65120,1,remoto
3351,2024-02-23,MTY,ML Engineer,"Python, Pandas, SQL",55396,5,remoto
3352,2024-03-16,CDMX,ML Engineer,"AWS, Python, SQL, Pandas",44657,5,híbrido
3353,2024-01-02,GDL,Frontend,"JavaScript, Docker",21075,2,híbrido
3354,2024-02-02,Puebla,DevOps,"AWS, Python",28131,2,híbrido
3355,2024-05-01,CDMX,DevOps,"Python, AWS",60865,2,híbrido
3356,2024-02-17,MTY,Data Analyst,"SQL, Power BI, Tableau",27772,4,remoto
3357,2024-04-01,CDMX,Data Engineer,"SQL, AWS",47011,2,remoto
3358,2024-06-10,CDMX,Frontend,"JavaScript, Docker",37562,3,remoto
3359,2024-02-19,CDMX,Data Engineer,"Python, AWS",38943,5,presencial
3360,2024-03-09,CDMX,Data Analyst,"SQL, Tableau, Power BI, Python",29824,1,híbrido
3361,2024-04-06,CDMX,ML Engineer,"Python, AWS",44531,1,híbrido
3362,2024-06-06,CDMX,Data Engineer,"Python, SQL, AWS",51300,5,remoto
3363,2024-03-26,CDMX,DevOps,"Docker, AWS",60626,5,presencial
3364,2024-06-25,CDMX,Frontend,"Docker, JavaScript",38698,4,presencial
3365,2024-03-13,MTY,ML Engineer,"SQL, AWS, Pandas, Python",64053,5,híbrido
3366,2024-01-25,CDMX,Frontend,"JavaScript, Docker",61445,3,híbrido
3367,2024-02-10,CDMX,DevOps,"Python, AWS, Docker",63594,5,remoto
3368,2024-01-20,CDMX,DevOps,"AWS, Python",74138,2,presencial
3369,2024-05-10,CDMX,DevOps,"Python, Docker",45899,4,remoto
3370,2024-04-08,CDMX,Data Analyst,"Tableau, Python",25334,2,remoto
3371,2024-05-23,GDL,ML Engineer,"Pandas, Python, AWS, SQL",53071,2,híbrido
3372,2024-05-15,MTY,Data Engineer,"Airflow, AWS, SQL",44324,2,remoto
3373,2024-04-12,GDL,Data Analyst,"SQL, Power BI, Python",29780,2,híbrido
3374,2024-04-16,Querétaro,Data Analyst,"Power BI, SQL, Python",30370,1,híbrido
3375,2024-06-27,CDMX,Data Analyst,"Power BI, Python, SQL",26903,3,presencial
3376,2024-01-18,MTY,Data Analyst,"SQL, Power BI, Python",39265,2,híbrido
3377,2024-03-17,MTY,DevOps,"Python, AWS, Docker",53330,2,híbrido
3378,2024-01-23,MTY,Frontend,"Docker, JavaScript",23692,3,híbrido
3379,2024-06-07,GDL,Backend,"Python, Java",50336,3,híbrido
3380,2024-03-08,MTY,DevOps,"Python, Docker, AWS",30544,2,remoto
3381,2024-06-03,Querétaro,Data Engineer,"Airflow, SQL, Python, AWS",31690,2,híbrido
3382,2024-04-25,CDMX,Backend,"AWS, Docker, Python",39606,1,remoto
3383,2024-01-08,Querétaro,ML Engineer,"SQL, Pandas",72268,2,híbrido
3384,2024-03-19,MTY,Data Engineer,"Python, AWS, SQL, Airflow",28499,1,híbrido
3385,2024-03-08,GDL,Data Analyst,"SQL, Power BI, Python",41173,1,remoto
3386,2024-05-23,Puebla,Data Engineer,"SQL, AWS",42027,2,presencial
3387,2024-04-26,MTY,Data Analyst,"SQL, Power BI, Python",36875,1,híbrido
3388,2024-03-12,CDMX,ML Engineer,"Pandas, AWS, Python, SQL",43023,3,presencial
3389,2024-02-14,Puebla,Data Analyst,"Python, Power BI, SQL, Tableau",42361,1,remoto
3390,2024-01-14,CDMX,Data Analyst,"SQL, Power BI",32864,1,híbrido
3391,2024-04-26,Puebla,ML Engineer,"AWS, Pandas, Python, SQL",50202,1,remoto
3392,2024-03-09,GDL,ML Engineer,"Python, SQL",45529,1,remoto
3393,2024-03-08,MTY,DevOps,"Docker, Python, AWS",54370,3,remoto
3394,2024-01-26,GDL,ML Engineer,"SQL, AWS",49772,4,presencial
3395,2024-05-01,CDMX,Backend,"Docker, Python, AWS",34567,2,presencial
3396,2024-03-12,Querétaro,Backend,"AWS, Docker, Python",26428,1,remoto
3397,2024-06-25,GDL,Frontend,"JavaScript, Docker",30392,1,híbrido
3398,2024-03-27,CDMX,Frontend,"Docker, JavaScript",34855,1,remoto
3399,2024-01-27,MTY,DevOps,"Docker, Python",47187,3,híbrido
3400,2024-05-19,Puebla,ML Engineer,"AWS, Python",57713,4,remoto
3401,2024-03-01,CDMX,Backend,"Java, Docker, AWS, Python",47759,3,híbrido
3402,2024-04-20,CDMX,Data Engineer,"AWS, Python",62552,5,remoto
3403,2024-04-27,MTY,ML Engineer,"Pandas, AWS, Python",51273,3,híbrido
3404,2024-06-22,MTY,ML Engineer,"Python, SQL, AWS",69781,2,presencial
3405,2024-03-17,Querétaro,Frontend,"JavaScript, Docker",63484,4,remoto
3406,2024-04-03,GDL,Backend,"AWS, Java",52685,4,remoto
3407,2024-01-26,CDMX,Data Analyst,"Tableau, Power BI, Python, SQL",40126,2,remoto
3408,2024-01-14,CDMX,Data Engineer,"SQL, Python, AWS",36872,4,remoto
3409,2024-02-10,CDMX,DevOps,"AWS, Docker",31939,1,remoto
3410,2024-01-21,CDMX,DevOps,"Docker, AWS",42169,1,híbrido
3411,2024-02-17,GDL,Backend,"AWS, Python, Java",54222,4,presencial
3412,2024-06-09,MTY,Data Analyst,"Tableau, Power BI, SQL",30896,1,híbrido
3413,2024-02-21,Querétaro,DevOps,"AWS, Python, Docker",69856,1,híbrido
3414,2024-03-10,CDMX,Data Analyst,"Tableau, Python, SQL",55525,2,híbrido
3415,2024-04-25,CDMX,Data Engineer,"SQL, AWS",60305,2,remoto
3416,2024-01-09,MTY,Frontend,"JavaScript, Docker",39292,2,remoto
3417,2024-02-07,GDL,Data Analyst,"Tableau, Python",40129,1,remoto
3418,2024-02-04,Puebla,Backend,"AWS, Python, Java, Docker",34722,2,presencial
3419,2024-01-26,Puebla,Data Engineer,"Python, Airflow, AWS, SQL",36069,5,híbrido
3420,2024-04-15,Querétaro,Frontend,"Docker, JavaScript",42105,5,remoto
3421,2024-06-04,MTY,Backend,"Python, Java",31633,2,híbrido
3422,2024-05-22,CDMX,DevOps,"AWS, Python, Docker",65337,3,presencial
3423,2024-03-04,CDMX,ML Engineer,"SQL, Pandas",41862,3,presencial
3424,2024-03-08,GDL,Frontend,"JavaScript, Docker",43997,4,presencial
3425,2024-02-20,MTY,ML Engineer,"Python, SQL, Pandas",43333,1,híbrido
3426,2024-01-07,CDMX,Data Analyst,"SQL, Power BI, Python",43298,2,híbrido
3427,2024-04-15,GDL,Frontend,"JavaScript, Docker",20960,1,remoto
3428,2024-01-08,CDMX,ML Engineer,"SQL, Python, Pandas, AWS",49644,3,presencial
3429,2024-03-12,CDMX,Data Analyst,"Python, Tableau, Power BI, SQL",45710,2,híbrido
3430,2024-02-08,Puebla,Data Engineer,"AWS, Airflow, Python",51716,5,híbrido
3431,2024-01-18,Querétaro,Frontend,"JavaScript, Docker",35536,1,remoto
3432,2024-03-07,CDMX,Frontend,"JavaScript, Docker",48531,2,híbrido
3433,2024-01-22,Querétaro,DevOps,"Python, Docker",53445,2,híbrido
3434,2024-03-09,CDMX,ML Engineer,"Pandas, Python, SQL, AWS",66938,3,remoto
3435,2024-06-20,MTY,DevOps,"AWS, Python",43631,3,híbrido
3436,2024-01-27,GDL,Backend,"Java, Docker",49793,3,híbrido
3437,2024-03-27,GDL,DevOps,"Docker, Python",49061,5,híbrido
3438,2024-05-03,MTY,Backend,"Java, Python",47330,3,híbrido
3439,2024-03-21,Puebla,DevOps,"AWS, Docker, Python",40825,1,presencial
3440,2024-01-04,GDL,ML Engineer,"Python, AWS, Pandas",61131,4,híbrido
3441,2024-05-25,Puebla,Data Analyst,"Python, Tableau, Power BI",39174,2,remoto
3442,2024-05-24,CDMX,Backend,"Java, Docker, Python, AWS",38373,2,híbrido
3443,2024-03-07,MTY,Data Engineer,"AWS, Airflow, Python",49132,2,remoto
3444,2024-06-11,MTY,ML Engineer,"SQL, Pandas, Python",38905,1,remoto
3445,2024-01-09,CDMX,Data Engineer,"AWS, Python, SQL",33238,5,presencial
3446,2024-02-08,CDMX,DevOps,"Docker, AWS, Python",47298,4,remoto
3447,2024-04-02,CDMX,Data Engineer,"Python, AWS, SQL",46039,5,presencial
3448,2024-05-21,GDL,Backend,"Docker, Java, AWS, Python",37855,4,híbrido
3449,2024-06-06,CDMX,Data Analyst,"SQL, Tableau",58343,5,remoto
3450,2024-03-25,CDMX,DevOps,"Docker, Python, AWS",48071,3,híbrido
3451,2024-04-01,CDMX,DevOps,"Docker, Python",78308,3,presencial
3452,2024-05-17,Querétaro,Backend,"AWS, Java",54788,3,remoto
3453,2024-04-25,CDMX,Data Engineer,"Airflow, Python, SQL",49034,1,presencial
3454,2024-05-11,CDMX,Frontend,"Docker, JavaScript",37179,1,remoto
3455,2024-04-02,MTY,DevOps,"Python, Docker, AWS",46106,2,híbrido
3456,2024-01-12,GDL,Frontend,"Docker, JavaScript",39292,3,híbrido
3457,2024-04-25,Querétaro,Frontend,"JavaScript, Docker",15000,2,híbrido
3458,2024-03-05,MTY,Frontend,"JavaScript, Docker",34038,1,remoto
3459,2024-03-27,CDMX,Data Analyst,"Python, Tableau",33348,3,presencial
3460,2024-02-26,Puebla,Data Analyst,"Python, SQL",38715,1,presencial
3461,2024-06-14,MTY,ML Engineer,"AWS, SQL, Pandas, Python",56763,1,híbrido
3462,2024-01-18,Querétaro,DevOps,"AWS, Docker",55165,1,remoto
3463,2024-02-12,CDMX,Backend,"AWS, Python, Docker",53492,3,remoto
3464,2024-06-05,CDMX,Backend,"Python, Java, AWS",63322,1,remoto
3465,2024-04-04,Querétaro,Frontend,"Docker, JavaScript",52153,4,remoto
3466,2024-01-02,Puebla,Backend,"Python, Java",47782,2,remoto
3467,2024-01-21,CDMX,Frontend,"JavaScript, Docker",18407,1,híbrido
3468,2024-02-22,Puebla,DevOps,"Docker, AWS",58176,2,remoto
3469,2024-01-17,GDL,Data Analyst,"Python, SQL, Power BI, Tableau",43302,1,híbrido
3470,2024-06-18,CDMX,Backend,"Docker, AWS, Python",53267,2,presencial
3471,2024-03-26,GDL,Data Analyst,"SQL, Power BI",28169,1,remoto
3472,2024-01-05,CDMX,ML Engineer,"SQL, Pandas",58708,1,remoto
3473,2024-03-17,GDL,Frontend,"JavaScript, Docker",33868,1,presencial
3474,2024-06-10,GDL,Data Engineer,"Python, AWS, Airflow",49267,3,presencial
3475,2024-03-17,CDMX,Frontend,"Docker, JavaScript",24499,3,híbrido
3476,2024-04-05,Querétaro,Data Analyst,"Python, Tableau, SQL, Power BI",36164,2,híbrido
3477,2024-06-22,CDMX,Data Analyst,"Python, Tableau, SQL",38877,2,remoto
3478,2024-03-25,CDMX,Data Engineer,"AWS, Python, SQL, Airflow",48498,3,híbrido
3479,2024-06-10,CDMX,Data Engineer,"Airflow, Python, SQL, AWS",51491,5,híbrido
3480,2024-05-05,CDMX,Data Analyst,"Power BI, Python, SQL",31402,1,híbrido
3481,2024-01-03,CDMX,DevOps,"Docker, AWS, Python",52705,1,remoto
3482,2024-05-03,CDMX,ML Engineer,"SQL, AWS, Python, Pandas",56320,1,remoto
3483,2024-02-11,GDL,Frontend,"Docker, JavaScript",22999,1,híbrido
3484,2024-05-10,CDMX,DevOps,"Docker, AWS, Python",31041,2,remoto
3485,2024-04-08,GDL,Backend,"AWS, Python, Docker",41762,2,remoto
3486,2024-03-23,Puebla,Backend,"AWS, Docker, Java, Python",60807,1,híbrido
3487,2024-06-16,CDMX,Backend,"Java, AWS, Python, Docker",32145,3,híbrido
3488,2024-04-09,Querétaro,ML Engineer,"SQL, Pandas, Python",37504,2,híbrido
3489,2024-04-10,CDMX,Data Engineer,"AWS, Python, Airflow, SQL",44606,5,híbrido
3490,2024-05-13,MTY,Data Analyst,"SQL, Python, Power BI",42053,1,presencial
3491,2024-06-16,Puebla,Backend,"Docker, Python",55300,3,híbrido
3492,2024-02-22,CDMX,Data Analyst,"SQL, Power BI",48159,4,híbrido
3493,2024-04-10,GDL,Backend,"Java, AWS, Docker, Python",41367,4,presencial
3494,2024-03-05,CDMX,Data Analyst,"SQL, Python, Tableau, Power BI",51584,2,remoto
3495,2024-05-02,GDL,Data Engineer,"SQL, Airflow, AWS, Python",24088,1,presencial
3496,2024-04-19,CDMX,DevOps,"Python, AWS, Docker",44863,1,híbrido
3497,2024-02-27,Querétaro,Frontend,"JavaScript, Docker",34547,1,remoto
3498,2024-05-14,GDL,Frontend,"Docker, JavaScript",34987,1,híbrido
3499,2024-05-23,Querétaro,Data Analyst,"Power BI, Tableau",43338,2,remoto
3500,2024-05-27,Puebla,DevOps,"Docker, AWS, Python",57200,2,remoto
3501,2024-02-08,CDMX,ML Engineer,"Pandas, Python",56947,1,presencial
3502,2024-04-11,MTY,ML Engineer,"SQL, Python, Pandas, AWS",60934,4,híbrido
3503,2024-04-04,CDMX,ML Engineer,"Pandas, Python",46509,1,remoto
3504,2024-01-15,Querétaro,Data Analyst,"Tableau, Python, SQL",49764,1,remoto
3505,2024-04-21,MTY,DevOps,"Python, AWS",41607,1,presencial
3506,2024-05-21,MTY,Backend,"Java, Python",50647,3,remoto
3507,2024-04-04,CDMX,Backend,"AWS, Python, Docker, Java",62805,2,híbrido
3508,2024-05-25,MTY,Data Analyst,"SQL, Python",57409,3,remoto
3509,2024-02-23,CDMX,Frontend,"Docker, JavaScript",46634,3,híbrido
3510,2024-03-01,MTY,Frontend,"Docker, JavaScript",34485,3,remoto
3511,2024-01-26,Puebla,Data Engineer,"SQL, Airflow, Python, AWS",35149,2,híbrido
3512,2024-02-26,MTY,Backend,"Docker, Python, AWS",43844,1,remoto
3513,2024-03-18,MTY,DevOps,"Python, AWS",55736,3,remoto
3514,2024-02-12,MTY,Data Analyst,"Power BI, SQL, Python, Tableau",16658,1,híbrido
3515,2024-02-15,CDMX,Data Analyst,"Tableau, Power BI",37957,4,híbrido
3516,2024-01-22,MTY,Backend,"Python, AWS",54405,4,híbrido
3517,2024-04-08,MTY,Frontend,"Docker, JavaScript",45478,4,remoto
3518,2024-06-18,CDMX,Backend,"AWS, Docker, Java, Python",32522,2,híbrido
3519,2024-03-22,CDMX,Frontend,"JavaScript, Docker",38863,3,remoto
3520,2024-05-27,GDL,Data Engineer,"AWS, Airflow, SQL",56662,3,híbrido
3521,2024-02-12,GDL,Data Engineer,"Python, SQL",29017,4,remoto
3522,2024-01-25,Querétaro,Backend,"AWS, Python, Java",45467,5,remoto
3523,2024-02-02,MTY,Frontend,"Docker, JavaScript",45382,1,híbrido
3524,2024-06-08,CDMX,Data Analyst,"Python, SQL, Tableau, Power BI",36415,2,presencial
3525,2024-05-24,Querétaro,DevOps,"Python, AWS, Docker",42372,3,presencial
3526,2024-02-07,MTY,Data Engineer,"Python, AWS, Airflow",67536,5,remoto
3527,2024-04-09,GDL,Data Engineer,"AWS, Airflow, SQL, Python",46454,1,remoto
3528,2024-03-05,CDMX,DevOps,"AWS, Python, Docker",38525,2,híbrido
3529,2024-05-15,MTY,Data Analyst,"Python, Tableau",36418,2,remoto
3530,2024-03-20,GDL,ML Engineer,"AWS, Pandas, Python, SQL",53565,2,remoto
3531,2024-03-17,CDMX,Frontend,"JavaScript, Docker",29221,2,remoto
3532,2024-04-06,MTY,ML Engineer,"SQL, Pandas, AWS",62594,1,híbrido
3533,2024-01-03,CDMX,Data Analyst,"Python, SQL, Power BI",45710,1,híbrido
3534,2024-02-01,CDMX,Data Analyst,"Python, Tableau, Power BI",34938,3,remoto
3535,2024-04-26,MTY,ML Engineer,"SQL, Pandas",57473,2,híbrido
3536,2024-05-14,CDMX,Backend,"Docker, Java",25439,5,presencial
3537,2024-05-27,Puebla,Data Analyst,"Python, SQL, Tableau",28586,2,presencial
3538,2024-06-21,Querétaro,Data Engineer,"Python, AWS, SQL",46177,1,presencial
3539,2024-02-18,CDMX,Frontend,"Docker, JavaScript",20551,3,híbrido
3540,2024-03-17,CDMX,ML Engineer,"Python, Pandas, SQL",48594,3,remoto
3541,2024-01-21,Puebla,ML Engineer,"Pandas, Python, AWS",46327,5,híbrido
3542,2024-04-12,GDL,DevOps,"Python, AWS, Docker",41956,4,híbrido
3543,2024-02-23,Querétaro,DevOps,"Python, AWS, Docker",35739,5,híbrido
3544,2024-06-07,CDMX,Frontend,"JavaScript, Docker",42892,1,presencial
3545,2024-01-08,CDMX,Frontend,"JavaScript, Docker",43828,4,híbrido
3546,2024-06-04,GDL,ML Engineer,"Python, SQL, Pandas",59747,3,remoto
3547,2024-06-21,MTY,Backend,"AWS, Docker, Java",29549,2,remoto
3548,2024-02-09,GDL,Data Engineer,"Airflow, SQL",56351,2,remoto
3549,2024-01-16,CDMX,Data Engineer,"Python, AWS",47740,5,híbrido
3550,2024-01-23,MTY,ML Engineer,"Python, SQL, AWS, Pandas",60810,2,híbrido
3551,2024-02-22,MTY,DevOps,"Python, AWS",43814,3,híbrido
3552,2024-04-23,CDMX,Frontend,"JavaScript, Docker",35250,1,híbrido
3553,2024-01-26,Querétaro,Frontend,"Docker, JavaScript",23575,1,remoto
3554,2024-05-19,Querétaro,Frontend,"Docker, JavaScript",39348,2,híbrido
3555,2024-03-03,CDMX,Data Analyst,"Tableau, Power BI, SQL, Python",35558,1,presencial
3556,2024-01-12,MTY,Frontend,"JavaScript, Docker",15000,5,remoto
3557,2024-06-26,CDMX,Frontend,"Docker, JavaScript",47055,1,híbrido
3558,2024-01-13,MTY,ML Engineer,"Python, SQL",65938,2,remoto
3559,2024-05-14,MTY,Backend,"Python, Java, Docker, AWS",29247,3,remoto
3560,2024-05-17,CDMX,Backend,"Java, Python, Docker",54037,1,remoto
3561,2024-04-01,MTY,ML Engineer,"Pandas, SQL",55094,1,híbrido
3562,2024-02-12,MTY,DevOps,"Python, Docker, AWS",40778,1,híbrido
3563,2024-01-11,Puebla,Backend,"AWS, Java, Python",49018,1,híbrido
3564,2024-03-26,CDMX,Backend,"Python, Java",42972,2,remoto
3565,2024-04-09,GDL,Data Engineer,"SQL, AWS, Python",47411,2,remoto
3566,2024-04-18,GDL,Data Engineer,"SQL, Python",55873,3,híbrido
3567,2024-02-16,GDL,Data Analyst,"SQL, Power BI, Tableau, Python",25006,1,presencial
3568,2024-03-16,CDMX,Frontend,"Docker, JavaScript",35127,2,híbrido
3569,2024-05-08,CDMX,Backend,"Java, Python, Docker, AWS",17582,1,híbrido
3570,2024-05-24,MTY,Backend,"Python, AWS",53878,1,remoto
3571,2024-03-07,MTY,ML Engineer,"Python, SQL",54428,1,remoto
3572,2024-04-20,MTY,Frontend,"Docker, JavaScript",41676,2,híbrido
3573,2024-02-16,MTY,Data Analyst,"SQL, Power BI",34422,4,presencial
3574,2024-01-13,CDMX,Backend,"Java, AWS",39525,1,híbrido
3575,2024-05-24,CDMX,Data Engineer,"AWS, Python, Airflow, SQL",41909,1,remoto
3576,2024-02-02,MTY,Backend,"Docker, Python, Java",47558,1,híbrido
3577,2024-04-19,CDMX,DevOps,"Docker, Python",59126,3,híbrido
3578,2024-05-25,CDMX,ML Engineer,"Python, SQL, Pandas",49246,1,remoto
3579,2024-01-19,CDMX,Frontend,"JavaScript, Docker",31794,5,híbrido
3580,2024-02-14,MTY,DevOps,"AWS, Python",39389,4,híbrido
3581,2024-06-19,Querétaro,ML Engineer,"Python, Pandas, AWS, SQL",54728,1,presencial
3582,2024-02-23,Puebla,DevOps,"Docker, Python",54468,3,híbrido
3583,2024-01-24,CDMX,Backend,"Python, Docker, AWS, Java",40287,1,remoto
3584,2024-05-12,CDMX,Backend,"AWS, Docker",52954,1,presencial
3585,2024-05-05,Querétaro,Data Engineer,"SQL, Airflow, Python, AWS",42698,2,remoto
3586,2024-06-21,CDMX,DevOps,"AWS, Python, Docker",53318,5,remoto
3587,2024-04-17,Puebla,Backend,"AWS, Java, Python",41079,3,remoto
3588,2024-03-21,GDL,Data Analyst,"Python, Tableau, SQL",31179,1,remoto
3589,2024-03-06,GDL,Data Analyst,"Tableau, Power BI, SQL, Python",50116,3,híbrido
3590,2024-04-20,Querétaro,Data Analyst,"Python, Tableau, Power BI, SQL",24744,3,remoto
3591,2024-04-03,MTY,DevOps,"Docker, AWS, Python",56686,1,híbrido
3592,2024-06-21,Puebla,Backend,"Java, AWS, Python",46872,1,híbrido
3593,2024-04-07,CDMX,ML Engineer,"Python, SQL, Pandas",58244,2,remoto
3594,2024-01-08,MTY,ML Engineer,"Pandas, AWS",62469,3,híbrido
3595,2024-03-27,CDMX,Frontend,"Docker, JavaScript",27041,1,remoto
3596,2024-01-25,CDMX,Data Analyst,"Power BI, Python, SQL",39458,1,remoto
3597,2024-04-20,GDL,Backend,"Docker, AWS",45073,5,remoto
3598,2024-01-09,CDMX,DevOps,"Docker, AWS, Python",55396,4,híbrido
3599,2024-06-24,GDL,Data Analyst,"Power BI, Python, SQL",42241,1,presencial
3600,2024-01-14,MTY,Data Analyst,"Power BI, SQL, Python, Tableau",15000,3,presencial
3601,2024-01-06,MTY,DevOps,"AWS, Docker, Python",45738,3,remoto
3602,2024-06-24,CDMX,ML Engineer,"Python, Pandas, AWS, SQL",55311,1,remoto
3603,2024-05-02,CDMX,Frontend,"Docker, JavaScript",30543,5,remoto
3604,2024-01-20,CDMX,Data Engineer,"Airflow, AWS, SQL, Python",37625,5,presencial
3605,2024-03-18,MTY,Backend,"AWS, Java, Docker, Python",38144,4,remoto
3606,2024-04-22,CDMX,Frontend,"Docker, JavaScript",29915,4,híbrido
3607,2024-01-06,CDMX,DevOps,"Python, Docker, AWS",44455,2,remoto
3608,2024-02-02,GDL,Frontend,"JavaScript, Docker",41783,5,remoto
3609,2024-02-24,CDMX,Data Engineer,"AWS, Airflow",40599,1,presencial
3610,2024-01-14,GDL,ML Engineer,"SQL, AWS",53207,1,presencial
3611,2024-04-03,Puebla,Frontend,"Docker, JavaScript",18088,2,híbrido
3612,2024-04-18,Puebla,Data Analyst,"Power BI, Python, Tableau",33856,1,híbrido
3613,2024-06-03,CDMX,Backend,"Python, Java, Docker, AWS",51361,5,remoto
3614,2024-02-24,CDMX,Data Analyst,"Python, Power BI, Tableau",36286,2,presencial
3615,2024-03-24,CDMX,Backend,"Docker, AWS",39705,2,remoto
3616,2024-02-14,Querétaro,Data Engineer,"SQL, AWS, Python, Airflow",47048,3,presencial
3617,2024-02-17,MTY,DevOps,"Docker, AWS, Python",47408,5,remoto
3618,2024-05-09,MTY,Backend,"AWS, Python",55977,2,presencial
3619,2024-06-20,CDMX,DevOps,"AWS, Docker",56514,2,remoto
3620,2024-06-01,CDMX,Data Engineer,"Airflow, SQL",54052,3,híbrido
3621,2024-05-05,CDMX,Data Engineer,"Python, AWS, Airflow",47690,3,presencial
3622,2024-02-11,Puebla,Data Analyst,"Power BI, Tableau, Python",24236,1,remoto
3623,2024-05-07,CDMX,Backend,"Python, Docker, Java",42634,1,híbrido
3624,2024-06-05,MTY,Data Analyst,"Tableau, SQL, Power BI",32986,5,presencial
3625,2024-06-27,Querétaro,Data Engineer,"SQL, Python, Airflow, AWS",29967,3,remoto
3626,2024-04-17,MTY,Data Analyst,"Power BI, Tableau",50813,2,presencial
3627,2024-06-24,CDMX,Backend,"Java, AWS, Docker, Python",48631,2,híbrido
3628,2024-05-06,GDL,Data Engineer,"SQL, Airflow, AWS",40938,1,remoto
3629,2024-03-17,GDL,Backend,"Java, Python, AWS",55864,2,presencial
3630,2024-04-01,Querétaro,Frontend,"Docker, JavaScript",39438,5,remoto
3631,2024-03-05,Querétaro,Data Analyst,"Python, SQL, Power BI, Tableau",20008,3,híbrido
3632,2024-02-23,CDMX,Frontend,"JavaScript, Docker",55072,2,remoto
3633,2024-03-01,CDMX,Data Analyst,"SQL, Power BI, Python, Tableau",41025,1,presencial
3634,2024-04-15,GDL,Data Analyst,"Power BI, Python, Tableau",41313,1,remoto
3635,2024-05-06,CDMX,Frontend,"JavaScript, Docker",33401,1,remoto
3636,2024-06-25,CDMX,DevOps,"Docker, AWS, Python",39951,2,híbrido
3637,2024-05-05,Querétaro,Frontend,"JavaScript, Docker",28017,1,remoto
3638,2024-05-25,CDMX,Frontend,"JavaScript, Docker",44684,1,remoto
3639,2024-03-13,GDL,Data Engineer,"Airflow, Python, AWS, SQL",41276,3,remoto
3640,2024-06-19,CDMX,Frontend,"JavaScript, Docker",26232,1,remoto
3641,2024-03-03,CDMX,Data Engineer,"Python, SQL",58753,5,presencial
3642,2024-06-01,GDL,DevOps,"AWS, Docker, Python",69754,4,híbrido
3643,2024-04-02,CDMX,Frontend,"Docker, JavaScript",40309,2,remoto
3644,2024-03-15,MTY,Data Analyst,"Power BI, Tableau, Python",42544,3,remoto
3645,2024-06-19,CDMX,Data Analyst,"SQL, Power BI, Python",27086,2,presencial
3646,2024-06-01,Querétaro,Data Engineer,"Python, AWS, Airflow, SQL",51590,2,remoto
3647,2024-02-20,CDMX,Data Engineer,"Python, SQL, Airflow, AWS",44167,1,híbrido
3648,2024-02-16,Puebla,Data Analyst,"SQL, Python",36754,2,remoto
3649,2024-03-14,GDL,DevOps,"AWS, Python, Docker",68370,3,remoto
3650,2024-06-16,CDMX,Frontend,"Docker, JavaScript",51988,1,híbrido
3651,2024-06-12,GDL,DevOps,"AWS, Docker",51331,3,remoto
3652,2024-06-03,CDMX,Backend,"Docker, Java",35993,3,remoto
3653,2024-04-25,MTY,DevOps,"AWS, Python, Docker",38514,2,remoto
3654,2024-06-04,Puebla,Data Engineer,"Python, AWS, Airflow, SQL",54837,1,híbrido
3655,2024-02-02,MTY,DevOps,"Python, Docker, AWS",68747,2,híbrido
3656,2024-05-01,CDMX,Data Engineer,"SQL, Python, Airflow, AWS",42619,2,híbrido
3657,2024-06-27,GDL,Frontend,"Docker, JavaScript",23110,4,híbrido
3658,2024-05-23,Querétaro,ML Engineer,"Pandas, SQL, Python",69196,3,remoto
3659,2024-04-17,CDMX,Backend,"Docker, AWS",40587,3,remoto
3660,2024-03-02,Querétaro,DevOps,"AWS, Python",49914,1,remoto
3661,2024-05-08,MTY,ML Engineer,"AWS, Python, Pandas, SQL",73800,5,remoto
3662,2024-02-07,CDMX,DevOps,"Docker, AWS",62573,1,híbrido
3663,2024-02-03,GDL,Backend,"Python, AWS, Java, Docker",60674,1,presencial
3664,2024-05-27,Puebla,Frontend,"Docker, JavaScript",31660,5,híbrido
3665,2024-05-27,MTY,ML Engineer,"AWS, SQL, Python, Pandas",41277,1,presencial
3666,2024-01-18,GDL,Data Analyst,"Power BI, Python",23414,3,híbrido
3667,2024-01-18,CDMX,Frontend,"Docker, JavaScript",41806,3,remoto
3668,2024-04-23,CDMX,Data Engineer,"Python, Airflow",44923,1,remoto
3669,2024-02-19,CDMX,DevOps,"Docker, AWS",52030,2,presencial
3670,2024-06-20,CDMX,DevOps,"AWS, Docker",53593,2,remoto
3671,2024-03-12,Querétaro,ML Engineer,"AWS, SQL, Pandas",56785,3,remoto
3672,2024-06-04,CDMX,ML Engineer,"Pandas, Python, SQL, AWS",71911,1,presencial
3673,2024-05-10,GDL,ML Engineer,"Pandas, SQL, AWS, Python",40169,1,presencial
3674,2024-03-27,CDMX,Data Engineer,"Airflow, SQL, AWS",40898,5,presencial
3675,2024-03-22,Puebla,DevOps,"AWS, Docker, Python",65931,4,presencial
3676,2024-05-23,GDL,ML Engineer,"Python, Pandas",58048,3,híbrido
3677,2024-04-21,Puebla,Data Engineer,"Airflow, AWS, Python",57060,2,presencial
3678,2024-02-09,GDL,DevOps,"Python, Docker, AWS",58459,4,híbrido
3679,2024-05-14,GDL,DevOps,"AWS, Python",46310,2,remoto
3680,2024-03-06,Puebla,Backend,"Java, Python, AWS",46183,2,presencial
3681,2024-03-24,MTY,Frontend,"Docker, JavaScript",47341,2,presencial
3682,2024-02-22,CDMX,DevOps,"Python, AWS",54934,1,remoto
3683,2024-03-12,CDMX,Data Analyst,"SQL, Power BI, Tableau, Python",31719,1,presencial
3684,2024-04-16,CDMX,Data Engineer,"AWS, Python, SQL",64301,2,remoto
3685,2024-01-20,MTY,DevOps,"AWS, Docker",55195,1,híbrido
3686,2024-04-20,Puebla,Backend,"Java, Python, Docker",52188,2,híbrido
3687,2024-02-17,GDL,ML Engineer,"Python, AWS, SQL",60482,3,remoto
3688,2024-05-25,MTY,Frontend,"JavaScript, Docker",33634,1,remoto
3689,2024-01-27,MTY,Backend,"Docker, AWS, Python",39314,3,remoto
3690,2024-04-23,CDMX,DevOps,"Docker, AWS, Python",50071,2,remoto
3691,2024-02-17,GDL,Frontend,"Docker, JavaScript",42954,1,híbrido
3692,2024-06-18,CDMX,DevOps,"Docker, AWS, Python",57729,4,híbrido
3693,2024-01-07,CDMX,ML Engineer,"Pandas, Python, SQL, AWS",55273,2,remoto
3694,2024-03-25,CDMX,DevOps,"AWS, Python",73390,1,híbrido
3695,2024-04-06,CDMX,ML Engineer,"Pandas, Python",46092,1,presencial
3696,2024-01-15,MTY,Backend,"Docker, Java",51938,5,remoto
3697,2024-03-10,CDMX,Frontend,"Docker, JavaScript",30314,2,presencial
3698,2024-04-25,CDMX,Data Analyst,"Tableau, Power BI, Python",36766,1,remoto
3699,2024-01-17,Puebla,DevOps,"Python, Docker",53715,1,presencial
3700,2024-05-11,GDL,DevOps,"Python, Docker, AWS",44523,2,presencial
3701,2024-02-09,Querétaro,Data Analyst,"SQL, Python, Power BI",34280,1,remoto
3702,2024-03-05,MTY,Data Engineer,"SQL, Python, AWS, Airflow",47324,3,híbrido
3703,2024-06-24,MTY,Backend,"Java, Docker, Python",50067,1,remoto
3704,2024-02-07,MTY,ML Engineer,"Python, Pandas, SQL",51319,1,presencial
3705,2024-02-20,MTY,DevOps,"Python, AWS, Docker",66702,3,híbrido
3706,2024-02-27,GDL,Data Analyst,"Python, SQL, Power BI, Tableau",36653,4,híbrido
3707,2024-03-04,MTY,Backend,"AWS, Java, Docker",38212,3,híbrido
3708,2024-02-12,MTY,Data Engineer,"Python, SQL, AWS, Airflow",52527,1,presencial
3709,2024-05-07,CDMX,Data Analyst,"Power BI, SQL",25747,3,remoto
3710,2024-01-03,MTY,Data Engineer,"AWS, Airflow, SQL",36282,5,híbrido
3711,2024-06-23,MTY,Backend,"Python, AWS, Docker, Java",48995,5,remoto
3712,2024-05-21,Puebla,Frontend,"JavaScript, Docker",43215,2,remoto
3713,2024-06-26,GDL,Data Engineer,"SQL, Airflow",29143,3,híbrido
3714,2024-05-13,MTY,ML Engineer,"Python, AWS",51264,3,híbrido
3715,2024-01-02,CDMX,ML Engineer,"SQL, Pandas",56518,4,híbrido
3716,2024-03-19,CDMX,Data Analyst,"Python, SQL",53416,3,híbrido
3717,2024-04-09,GDL,Data Analyst,"Tableau, SQL, Python",38373,2,presencial
3718,2024-05-09,CDMX,Data Engineer,"AWS, SQL, Python",41194,5,presencial
3719,2024-05-16,CDMX,Data Analyst,"Power BI, SQL, Python, Tableau",29898,2,presencial
3720,2024-03-17,CDMX,ML Engineer,"SQL, Pandas, Python",73676,1,remoto
3721,2024-06-11,CDMX,Frontend,"JavaScript, Docker",43011,3,remoto
3722,2024-01-05,MTY,Backend,"AWS, Docker",53851,1,híbrido
3723,2024-06-17,CDMX,Frontend,"Docker, JavaScript",46687,2,remoto
3724,2024-03-10,GDL,Backend,"Python, AWS",50201,1,presencial
3725,2024-04-05,GDL,Data Analyst,"Power BI, Tableau, SQL",25061,4,presencial
3726,2024-04-14,GDL,Data Engineer,"SQL, AWS, Python, Airflow",69810,3,híbrido
3727,2024-02-17,Querétaro,Frontend,"JavaScript, Docker",30535,3,híbrido
3728,2024-06-22,CDMX,Backend,"AWS, Docker, Python, Java",45209,1,presencial
3729,2024-05-23,Puebla,ML Engineer,"Pandas, Python, SQL, AWS",62782,1,híbrido
3730,2024-05-21,GDL,ML Engineer,"Python, SQL, Pandas, AWS",72502,4,remoto
3731,2024-05-17,MTY,DevOps,"Python, AWS, Docker",50122,2,remoto
3732,2024-06-11,MTY,DevOps,"Python, Docker, AWS",49745,2,remoto
3733,2024-05-16,GDL,Backend,"Python, Java, AWS, Docker",47109,3,remoto
3734,2024-05-19,GDL,Data Engineer,"Python, AWS",44133,3,remoto
3735,2024-02-03,CDMX,Backend,"Docker, Java, AWS",40279,2,remoto
3736,2024-04-11,CDMX,DevOps,"Python, AWS, Docker",72462,2,remoto
3737,2024-01-18,CDMX,DevOps,"Python, AWS, Docker",32037,1,presencial
3738,2024-05-22,CDMX,ML Engineer,"AWS, Pandas, Python",55576,1,híbrido
3739,2024-05-05,CDMX,DevOps,"Docker, AWS",41455,2,presencial
3740,2024-01-25,CDMX,Data Engineer,"SQL, Python",49361,1,presencial
3741,2024-05-21,CDMX,DevOps,"AWS, Python, Docker",26281,1,remoto
3742,2024-03-05,CDMX,Data Analyst,"Python, Power BI, SQL, Tableau",34168,2,híbrido
3743,2024-05-21,CDMX,Data Analyst,"Python, Power BI",38569,2,remoto
3744,2024-01-04,MTY,Frontend,"JavaScript, Docker",15000,3,presencial
3745,2024-03-18,CDMX,ML Engineer,"AWS, SQL",64891,4,remoto
3746,2024-06-05,Puebla,ML Engineer,"Python, Pandas, SQL, AWS",69525,3,remoto
3747,2024-06-19,CDMX,ML Engineer,"Pandas, AWS, Python",65920,1,presencial
3748,2024-06-09,GDL,DevOps,"AWS, Docker",42982,1,remoto
3749,2024-04-05,CDMX,Frontend,"JavaScript, Docker",29905,3,híbrido
3750,2024-01-14,MTY,Data Engineer,"Python, Airflow",59672,2,presencial
3751,2024-02-12,CDMX,ML Engineer,"Python, AWS",48752,3,presencial
3752,2024-06-07,GDL,Data Engineer,"Airflow, SQL, AWS, Python",42881,1,híbrido
3753,2024-03-05,CDMX,Frontend,"JavaScript, Docker",38204,5,remoto
3754,2024-05-15,Puebla,Data Engineer,"SQL, Python, Airflow",67147,2,remoto
3755,2024-02-17,MTY,Data Engineer,"Python, AWS, Airflow, SQL",44999,4,presencial
3756,2024-04-17,CDMX,Frontend,"JavaScript, Docker",32618,1,presencial
3757,2024-01-02,Puebla,Backend,"Docker, Python",38382,4,híbrido
3758,2024-05-08,CDMX,DevOps,"Python, AWS, Docker",46673,2,remoto
3759,2024-05-03,CDMX,ML Engineer,"Python, SQL, Pandas",43376,3,híbrido
3760,2024-04-23,MTY,Data Analyst,"Power BI, Python",39396,3,remoto
3761,2024-04-07,CDMX,ML Engineer,"Pandas, Python",44155,2,remoto
3762,2024-03-17,Querétaro,DevOps,"Python, AWS, Docker",37918,5,remoto
3763,2024-05-15,Querétaro,Frontend,"Docker, JavaScript",40453,2,híbrido
3764,2024-05-14,Puebla,ML Engineer,"AWS, Pandas, SQL",51107,3,remoto
3765,2024-05-11,MTY,Data Engineer,"Python, AWS, Airflow, SQL",32311,3,híbrido
3766,2024-02-22,CDMX,Data Analyst,"Tableau, Power BI",37516,1,híbrido
3767,2024-02-14,CDMX,ML Engineer,"Pandas, AWS, SQL, Python",40967,1,híbrido
3768,2024-05-06,MTY,Data Engineer,"SQL, Airflow, Python",33026,5,híbrido
3769,2024-01-21,CDMX,Backend,"Java, Docker, Python",54558,3,híbrido
3770,2024-05-20,Querétaro,DevOps,"Python, AWS, Docker",57593,4,híbrido
3771,2024-01-19,CDMX,DevOps,"Python, AWS, Docker",38892,4,híbrido
3772,2024-05-25,Puebla,ML Engineer,"AWS, Pandas, SQL",37633,1,híbrido
3773,2024-04-23,GDL,DevOps,"AWS, Docker, Python",54864,2,híbrido
3774,2024-02-06,Puebla,Data Analyst,"SQL, Power BI, Python, Tableau",44816,5,remoto
3775,2024-02-09,CDMX,Frontend,"Docker, JavaScript",25748,2,híbrido
3776,2024-06-20,CDMX,Data Engineer,"Airflow, SQL, Python, AWS",65593,2,presencial
3777,2024-03-08,CDMX,Backend,"AWS, Docker",51519,4,remoto
3778,2024-02-18,Querétaro,Backend,"AWS, Python, Docker, Java",55023,1,remoto
3779,2024-01-21,MTY,Backend,"Java, AWS",37080,1,híbrido
3780,2024-06-12,Querétaro,Data Analyst,"Python, SQL, Power BI, Tableau",53715,3,híbrido
3781,2024-06-15,CDMX,DevOps,"Python, AWS, Docker",49227,1,remoto
3782,2024-06-23,GDL,ML Engineer,"Pandas, AWS",78915,3,remoto
3783,2024-01-26,CDMX,Data Analyst,"Tableau, SQL, Power BI, Python",33961,1,híbrido
3784,2024-04-06,Querétaro,Frontend,"JavaScript, Docker",39877,2,presencial
3785,2024-02-25,MTY,Backend,"Python, Docker",42527,1,presencial
3786,2024-06-05,MTY,ML Engineer,"Pandas, SQL, AWS, Python",53489,1,remoto
3787,2024-01-01,CDMX,Frontend,"JavaScript, Docker",28190,2,híbrido
3788,2024-05-11,CDMX,Backend,"Docker, Java",44577,1,remoto
3789,2024-03-20,CDMX,Backend,"AWS, Docker, Java",46108,3,híbrido
3790,2024-05-04,Querétaro,ML Engineer,"AWS, Pandas, SQL",86029,3,presencial
3791,2024-01-13,CDMX,DevOps,"Docker, AWS",51863,2,híbrido
3792,2024-02-14,MTY,DevOps,"Docker, AWS, Python",50186,1,híbrido
3793,2024-06-03,CDMX,Data Analyst,"Tableau, Python, SQL, Power BI",51796,4,presencial
3794,2024-02-14,Puebla,ML Engineer,"SQL, Python, AWS",46835,5,remoto
3795,2024-06-08,MTY,DevOps,"Docker, Python, AWS",52161,2,híbrido
3796,2024-05-17,MTY,Frontend,"Docker, JavaScript",36674,1,remoto
3797,2024-04-23,CDMX,Data Analyst,"SQL, Python, Tableau",36168,1,presencial
3798,2024-02-08,MTY,Data Engineer,"Airflow, AWS",56880,1,híbrido
3799,2024-04-01,MTY,Data Analyst,"SQL, Tableau, Power BI, Python",46012,1,remoto
3800,2024-05-15,CDMX,Backend,"AWS, Python",50650,2,híbrido
3801,2024-03-01,MTY,ML Engineer,"AWS, Pandas",41546,2,híbrido
3802,2024-04-22,GDL,Frontend,"Docker, JavaScript",46609,2,híbrido
3803,2024-02-16,CDMX,Frontend,"JavaScript, Docker",46968,3,híbrido
3804,2024-05-12,CDMX,Data Analyst,"Python, Power BI, SQL, Tableau",30792,1,presencial
3805,2024-02-20,CDMX,Data Analyst,"Python, SQL, Tableau",21849,3,remoto
3806,2024-01-09,GDL,DevOps,"Docker, AWS, Python",48132,1,remoto
3807,2024-03-08,MTY,Data Analyst,"SQL, Python, Power BI, Tableau",17919,1,híbrido
3808,2024-05-14,CDMX,DevOps,"Python, AWS",57646,3,híbrido
3809,2024-03-02,Querétaro,ML Engineer,"SQL, AWS, Python, Pandas",47427,2,presencial
3810,2024-02-23,GDL,DevOps,"AWS, Python",45500,2,presencial
3811,2024-02-12,GDL,DevOps,"Docker, AWS, Python",56689,5,presencial
3812,2024-05-15,Querétaro,Data Analyst,"Tableau, Python",34760,3,híbrido
3813,2024-04-02,GDL,Frontend,"Docker, JavaScript",54084,1,presencial
3814,2024-02-17,CDMX,Data Engineer,"AWS, Python, SQL, Airflow",57563,2,híbrido
3815,2024-01-21,GDL,Frontend,"JavaScript, Docker",44059,1,remoto
3816,2024-06-26,CDMX,Frontend,"Docker, JavaScript",39755,3,remoto
3817,2024-06-19,CDMX,ML Engineer,"Pandas, Python",62315,2,presencial
3818,2024-04-13,Querétaro,Frontend,"JavaScript, Docker",53394,1,híbrido
3819,2024-05-15,CDMX,ML Engineer,"SQL, Pandas, AWS",64903,2,presencial
3820,2024-01-04,GDL,Backend,"Docker, Python, AWS, Java",47369,2,híbrido
3821,2024-02-05,CDMX,Frontend,"JavaScript, Docker",36745,5,híbrido
3822,2024-06-23,CDMX,Frontend,"JavaScript, Docker",24526,5,remoto
3823,2024-03-15,CDMX,DevOps,"AWS, Docker, Python",48616,2,presencial
3824,2024-04-08,GDL,ML Engineer,"Pandas, AWS, SQL, Python",59238,1,híbrido
3825,2024-01-07,Querétaro,Data Analyst,"Python, Power BI, Tableau",44387,4,remoto
3826,2024-05-03,CDMX,Data Analyst,"Power BI, SQL, Tableau",29947,3,remoto
3827,2024-02-17,MTY,Frontend,"JavaScript, Docker",40349,4,remoto
3828,2024-06-21,CDMX,DevOps,"Python, Docker",50090,2,presencial
3829,2024-03-21,Querétaro,DevOps,"Python, Docker, AWS",32116,3,híbrido
3830,2024-05-07,GDL,Frontend,"JavaScript, Docker",47424,3,híbrido
3831,2024-05-16,CDMX,ML Engineer,"AWS, Pandas, Python, SQL",32560,3,presencial
3832,2024-03-18,CDMX,ML Engineer,"AWS, Python, Pandas, SQL",66452,2,híbrido
3833,2024-02-24,GDL,ML Engineer,"Python, Pandas, SQL",69595,4,remoto
3834,2024-05-24,MTY,Frontend,"Docker, JavaScript",30119,2,híbrido
3835,2024-01-05,CDMX,Backend,"Docker, Python",49272,2,híbrido
3836,2024-02-19,Puebla,Data Engineer,"SQL, AWS, Airflow",47102,2,presencial
3837,2024-04-11,CDMX,DevOps,"Docker, Python, AWS",52377,4,presencial
3838,2024-06-14,CDMX,Backend,"Docker, Java, AWS",70185,3,presencial
3839,2024-05-05,CDMX,Frontend,"JavaScript, Docker",31473,5,presencial
3840,2024-01-06,MTY,DevOps,"Docker, Python",40799,3,híbrido
3841,2024-01-21,MTY,Data Engineer,"SQL, Airflow, Python, AWS",58863,2,híbrido
3842,2024-03-11,CDMX,Backend,"Docker, Java, Python, AWS",38675,3,remoto
3843,2024-05-22,CDMX,Data Analyst,"Power BI, Python, Tableau",32012,1,híbrido
3844,2024-06-06,GDL,Backend,"AWS, Java, Docker, Python",32065,4,remoto
3845,2024-01-17,Querétaro,Frontend,"Docker, JavaScript",25336,4,remoto
3846,2024-03-02,CDMX,Backend,"Python, Docker, Java",23983,2,remoto
3847,2024-04-19,GDL,Frontend,"JavaScript, Docker",44229,2,híbrido
3848,2024-05-27,GDL,Frontend,"Docker, JavaScript",47813,2,remoto
3849,2024-03-26,CDMX,DevOps,"Python, Docker",39539,1,presencial
3850,2024-01-22,Querétaro,Backend,"Docker, Python",49692,3,remoto
3851,2024-03-13,CDMX,Backend,"AWS, Java, Python, Docker",31392,1,híbrido
3852,2024-03-24,MTY,Frontend,"Docker, JavaScript",40391,4,remoto
3853,2024-02-22,MTY,Data Engineer,"AWS, SQL, Airflow, Python",53993,1,híbrido
3854,2024-04-11,Querétaro,Frontend,"JavaScript, Docker",58107,3,remoto
3855,2024-04-27,CDMX,Data Engineer,"SQL, Airflow, Python, AWS",44359,3,híbrido
3856,2024-02-24,CDMX,DevOps,"Docker, AWS, Python",35935,1,híbrido
3857,2024-04-09,MTY,ML Engineer,"SQL, Python, Pandas, AWS",41739,1,presencial
3858,2024-03-20,MTY,Data Analyst,"Power BI, Python",34883,2,remoto
3859,2024-06-04,CDMX,Data Engineer,"Python, SQL, AWS, Airflow",69082,2,presencial
3860,2024-01-27,CDMX,Data Engineer,"SQL, Python, Airflow",54850,2,híbrido
3861,2024-05-14,CDMX,DevOps,"Python, Docker, AWS",51235,5,híbrido
3862,2024-03-09,CDMX,Data Engineer,"Airflow, SQL",51427,3,híbrido
3863,2024-04-24,CDMX,Data Analyst,"Python, Tableau, SQL, Power BI",39593,1,remoto
3864,2024-03-12,GDL,DevOps,"Python, AWS, Docker",41804,2,remoto
3865,2024-03-03,Querétaro,Data Engineer,"Airflow, SQL, AWS, Python",51297,2,remoto
3866,2024-06-27,Querétaro,Frontend,"Docker, JavaScript",40578,3,remoto
3867,2024-05-20,CDMX,DevOps,"Docker, AWS",62540,1,remoto
3868,2024-06-09,MTY,Data Analyst,"Tableau, Python",25699,2,presencial
3869,2024-03-04,CDMX,DevOps,"AWS, Docker",48416,1,remoto
3870,2024-03-11,CDMX,ML Engineer,"Pandas, AWS",74174,2,híbrido
3871,2024-01-27,CDMX,Frontend,"JavaScript, Docker",27423,3,híbrido
3872,2024-03-10,CDMX,Backend,"Python, AWS, Docker",39646,2,híbrido
3873,2024-03-04,MTY,Frontend,"JavaScript, Docker",42206,2,remoto
3874,2024-02-09,Querétaro,ML Engineer,"SQL, Python, Pandas",62805,4,híbrido
3875,2024-06-08,CDMX,ML Engineer,"Python, AWS, SQL, Pandas",77472,4,híbrido
3876,2024-03-07,CDMX,Backend,"AWS, Docker",34434,4,híbrido
3877,2024-05-20,GDL,Frontend,"JavaScript, Docker",30550,1,remoto
3878,2024-01-22,MTY,ML Engineer,"Python, AWS, SQL",59624,1,remoto
3879,2024-04-22,MTY,Data Engineer,"Airflow, AWS, Python",41485,1,presencial
3880,2024-06-13,Querétaro,Data Engineer,"Airflow, SQL, AWS",31649,1,híbrido
3881,2024-06-07,Querétaro,ML Engineer,"Pandas, Python",41101,4,remoto
3882,2024-01-24,CDMX,ML Engineer,"Python, AWS, Pandas",46862,3,remoto
3883,2024-04-14,GDL,Data Analyst,"Tableau, SQL",34801,5,híbrido
3884,2024-04-03,GDL,Data Analyst,"Power BI, Python",35864,3,remoto
3885,2024-06-26,CDMX,ML Engineer,"AWS, Pandas, Python, SQL",56533,1,híbrido
3886,2024-02-03,CDMX,Data Engineer,"SQL, Airflow, AWS, Python",62864,3,remoto
3887,2024-04-06,CDMX,DevOps,"AWS, Python, Docker",31251,1,remoto
3888,2024-02-07,MTY,DevOps,"AWS, Docker",57516,1,híbrido
3889,2024-01-11,MTY,DevOps,"AWS, Python, Docker",48322,5,remoto
3890,2024-02-18,CDMX,Data Analyst,"Power BI, Python, SQL",25984,5,presencial
3891,2024-06-08,GDL,Backend,"Java, Docker, Python",49866,2,remoto
3892,2024-02-23,CDMX,Backend,"Python, Java, AWS",47638,2,híbrido
3893,2024-04-18,Puebla,Frontend,"JavaScript, Docker",42918,1,presencial
3894,2024-05-01,MTY,ML Engineer,"SQL, Python, AWS, Pandas",73721,3,presencial
3895,2024-01-19,CDMX,Data Analyst,"Power BI, Python, SQL",27577,2,remoto
3896,2024-01-08,CDMX,Data Analyst,"Python, Power BI, Tableau",25472,4,remoto
3897,2024-04-23,MTY,Data Engineer,"Airflow, SQL, AWS, Python",57427,5,remoto
3898,2024-03-07,MTY,DevOps,"AWS, Docker",49065,3,híbrido
3899,2024-06-27,MTY,Frontend,"Docker, JavaScript",15000,1,híbrido
3900,2024-04-02,GDL,Backend,"Python, Java, Docker, AWS",33507,1,presencial
3901,2024-06-24,MTY,Frontend,"Docker, JavaScript",43532,1,híbrido
3902,2024-03-23,GDL,ML Engineer,"Pandas, SQL, Python",43082,1,híbrido
3903,2024-04-13,CDMX,Backend,"Python, Docker",47140,3,presencial
3904,2024-03-27,MTY,DevOps,"Python, AWS",37916,1,híbrido
3905,2024-04-12,GDL,Data Analyst,"Power BI, Tableau, Python, SQL",34949,2,remoto
3906,2024-01-14,Querétaro,Backend,"Java, Python",53154,2,presencial
3907,2024-05-03,MTY,Data Analyst,"SQL, Power BI, Tableau, Python",39369,2,híbrido
3908,2024-01-08,Querétaro,Backend,"Java, Python, Docker, AWS",41633,1,híbrido
3909,2024-01-04,MTY,ML Engineer,"Pandas, SQL, AWS",49401,1,híbrido
3910,2024-03-10,Querétaro,Data Analyst,"SQL, Tableau, Power BI, Python",31157,2,híbrido
3911,2024-01-27,CDMX,ML Engineer,"Pandas, SQL, Python, AWS",50867,1,híbrido
3912,2024-01-06,CDMX,Data Analyst,"Python, Tableau, Power BI, SQL",65787,1,remoto
3913,2024-03-27,Puebla,Backend,"Java, AWS, Python, Docker",40811,3,híbrido
3914,2024-05-04,GDL,Backend,"AWS, Python, Docker",41119,3,híbrido
3915,2024-03-01,CDMX,Backend,"Python, Java, AWS",37992,1,remoto
3916,2024-06-11,Puebla,Backend,"AWS, Python, Java, Docker",42743,3,remoto
3917,2024-06-27,CDMX,Data Analyst,"SQL, Power BI, Tableau",46050,3,presencial
3918,2024-03-10,GDL,Frontend,"JavaScript, Docker",41494,4,remoto
3919,2024-01-08,Puebla,ML Engineer,"SQL, Python",72266,3,remoto
3920,2024-02-26,CDMX,ML Engineer,"SQL, Pandas, AWS, Python",64749,1,híbrido
3921,2024-04-23,Querétaro,Data Engineer,"Python, AWS, SQL, Airflow",60193,1,híbrido
3922,2024-06-19,GDL,DevOps,"Docker, AWS, Python",49501,3,híbrido
3923,2024-06-09,GDL,Data Analyst,"SQL, Power BI",37626,4,híbrido
3924,2024-04-23,GDL,ML Engineer,"AWS, Pandas",42570,2,presencial
3925,2024-05-09,Puebla,Data Analyst,"Power BI, Python, Tableau",24763,2,remoto
3926,2024-03-11,Puebla,Data Engineer,"Python, AWS, Airflow",39902,2,híbrido
3927,2024-06-12,GDL,ML Engineer,"AWS, SQL, Python",53371,5,remoto
3928,2024-01-06,MTY,Backend,"Docker, Java, AWS, Python",73032,3,híbrido
3929,2024-05-01,GDL,DevOps,"Docker, Python",49066,1,remoto
3930,2024-04-06,MTY,Backend,"AWS, Python, Docker, Java",44827,5,híbrido
3931,2024-06-07,Puebla,Data Analyst,"SQL, Python, Tableau, Power BI",38145,1,remoto
3932,2024-03-19,CDMX,DevOps,"AWS, Python",60642,3,presencial
3933,2024-02-13,Puebla,DevOps,"Python, Docker",45092,2,presencial
3934,2024-05-20,GDL,Data Engineer,"SQL, AWS, Airflow, Python",33449,3,híbrido
3935,2024-03-11,MTY,Backend,"AWS, Docker, Java",47999,3,presencial
3936,2024-04-18,CDMX,Data Analyst,"Power BI, SQL",53094,2,híbrido
3937,2024-04-20,CDMX,Frontend,"Docker, JavaScript",26531,1,híbrido
3938,2024-04-04,CDMX,Data Engineer,"Airflow, AWS, Python, SQL",40299,3,remoto
3939,2024-05-11,MTY,Frontend,"JavaScript, Docker",34867,1,presencial
3940,2024-03-18,CDMX,ML Engineer,"AWS, Pandas",68574,1,híbrido
3941,2024-02-13,CDMX,Data Engineer,"Python, Airflow, SQL",73741,3,híbrido
3942,2024-06-22,MTY,Data Engineer,"Airflow, Python",28467,2,remoto
3943,2024-03-07,GDL,Backend,"Java, Docker, Python, AWS",30013,2,híbrido
3944,2024-02-01,MTY,Backend,"Java, AWS, Docker",50959,1,remoto
3945,2024-03-05,GDL,Data Analyst,"Python, Tableau",43012,1,remoto
3946,2024-03-16,CDMX,Data Engineer,"Airflow, Python",44873,4,híbrido
3947,2024-03-07,MTY,DevOps,"Python, AWS, Docker",56995,1,presencial
3948,2024-06-05,CDMX,ML Engineer,"SQL, AWS, Python",54037,1,híbrido
3949,2024-06-24,CDMX,Backend,"Python, Java, Docker, AWS",53765,1,remoto
3950,2024-01-20,Puebla,Frontend,"Docker, JavaScript",51489,1,híbrido
3951,2024-05-11,CDMX,ML Engineer,"Pandas, Python, SQL",56318,4,híbrido
3952,2024-01-18,Puebla,Data Engineer,"SQL, Airflow, AWS, Python",42208,5,remoto
3953,2024-04-05,CDMX,Backend,"AWS, Python, Java",54960,3,presencial
3954,2024-04-18,MTY,Data Engineer,"Python, AWS",52554,1,híbrido
3955,2024-06-11,CDMX,Frontend,"Docker, JavaScript",22435,2,presencial
3956,2024-05-06,MTY,Data Engineer,"Python, AWS, Airflow",36053,1,remoto
3957,2024-05-05,CDMX,Data Engineer,"Airflow, SQL",39180,3,remoto
3958,2024-06-07,Puebla,Data Engineer,"Python, AWS, SQL",51029,2,remoto
3959,2024-01-22,CDMX,ML Engineer,"Pandas, AWS, Python, SQL",58364,1,remoto
3960,2024-04-06,CDMX,DevOps,"AWS, Python",61858,2,presencial
3961,2024-04-27,GDL,ML Engineer,"Python, SQL",66544,1,híbrido
3962,2024-06-06,CDMX,Frontend,"JavaScript, Docker",53571,2,remoto
3963,2024-05-05,MTY,Frontend,"Docker, JavaScript",35680,2,híbrido
3964,2024-02-27,GDL,Frontend,"JavaScript, Docker",32701,2,remoto
3965,2024-01-16,Querétaro,Backend,"AWS, Docker, Java",47285,3,híbrido
3966,2024-03-12,GDL,Data Analyst,"Power BI, SQL",27115,1,híbrido
3967,2024-02-21,MTY,Frontend,"Docker, JavaScript",42322,5,remoto
3968,2024-03-11,CDMX,DevOps,"Docker, AWS, Python",47000,5,remoto
3969,2024-02-01,MTY,Backend,"Java, AWS, Docker, Python",34558,1,híbrido
3970,2024-06-07,Querétaro,Data Analyst,"Power BI, Tableau, Python, SQL",21715,3,presencial
3971,2024-06-09,CDMX,Data Analyst,"SQL, Python, Tableau",43913,1,híbrido
3972,2024-02-01,GDL,DevOps,"Python, AWS",65299,2,híbrido
3973,2024-05-25,CDMX,Backend,"Python, AWS",60134,5,híbrido
3974,2024-04-08,CDMX,DevOps,"Python, AWS",50486,3,remoto
3975,2024-04-15,GDL,Backend,"Python, Docker, AWS, Java",26886,1,híbrido
3976,2024-04-12,Querétaro,Data Analyst,"Tableau, Power BI, Python, SQL",34392,4,híbrido
3977,2024-03-03,GDL,Data Engineer,"Python, SQL",45783,1,remoto
3978,2024-03-02,MTY,Frontend,"Docker, JavaScript",38853,2,remoto
3979,2024-03-15,Querétaro,Data Engineer,"SQL, Python, Airflow, AWS",51615,2,remoto
3980,2024-05-16,MTY,Data Engineer,"Airflow, Python, SQL, AWS",55680,3,híbrido
3981,2024-02-18,MTY,DevOps,"Python, AWS, Docker",60908,4,híbrido
3982,2024-03-01,Puebla,Frontend,"Docker, JavaScript",24853,3,remoto
3983,2024-02-06,CDMX,Data Engineer,"Python, SQL",47311,3,híbrido
3984,2024-04-22,CDMX,ML Engineer,"SQL, AWS",63274,3,híbrido
3985,2024-03-01,GDL,DevOps,"AWS, Python, Docker",66777,1,híbrido
3986,2024-04-25,MTY,Data Analyst,"Python, SQL",39445,2,híbrido
3987,2024-06-23,GDL,Data Analyst,"Tableau, SQL, Python, Power BI",42164,3,remoto
3988,2024-06-08,Querétaro,Frontend,"JavaScript, Docker",35908,3,híbrido
3989,2024-03-25,CDMX,Backend,"Python, Java, AWS, Docker",50083,4,presencial
3990,2024-03-08,GDL,Backend,"Python, AWS, Java, Docker",33903,2,remoto
3991,2024-06-05,CDMX,DevOps,"AWS, Python, Docker",57363,1,remoto
3992,2024-04-14,Querétaro,Backend,"Python, Docker, AWS, Java",31598,5,híbrido
3993,2024-05-07,GDL,Data Engineer,"AWS, SQL, Python, Airflow",49020,2,híbrido
3994,2024-06-17,Querétaro,Data Analyst,"SQL, Tableau, Power BI, Python",39436,1,presencial
3995,2024-06-14,CDMX,Data Analyst,"Tableau, Python, SQL",25976,1,híbrido
3996,2024-02-06,CDMX,ML Engineer,"SQL, AWS, Python",38106,3,remoto
3997,2024-02-03,CDMX,DevOps,"Python, Docker, AWS",56277,1,híbrido
3998,2024-04-14,Puebla,ML Engineer,"Pandas, AWS",47626,5,remoto
3999,2024-03-04,Puebla,Backend,"Python, AWS, Docker",41717,2,presencial
4000,2024-03-09,CDMX,Data Analyst,"Python, Power BI, SQL, Tableau",34657,4,híbrido
4001,2024-01-06,CDMX,Data Engineer,"Airflow, AWS, Python, SQL",51142,2,presencial
4002,2024-02-14,Puebla,ML Engineer,"AWS, SQL, Python",56566,2,remoto
4003,2024-03-08,CDMX,Frontend,"JavaScript, Docker",29653,2,híbrido
4004,2024-01-21,Puebla,Data Engineer,"Python, AWS",31199,4,remoto
4005,2024-01-14,CDMX,ML Engineer,"AWS, SQL, Pandas",71114,2,híbrido
4006,2024-04-17,CDMX,Frontend,"Docker, JavaScript",43171,2,remoto
4007,2024-02-14,GDL,Backend,"Python, Java, AWS, Docker",50412,4,remoto
4008,2024-01-21,Puebla,DevOps,"AWS, Python, Docker",54046,1,presencial
4009,2024-03-21,CDMX,Data Engineer,"Python, Airflow, SQL, AWS",56753,3,remoto
4010,2024-02-15,CDMX,ML Engineer,"SQL, AWS, Pandas",58739,4,híbrido
4011,2024-05-08,Puebla,Data Engineer,"AWS, Python, SQL, Airflow",61361,1,remoto
4012,2024-01-09,CDMX,Frontend,"Docker, JavaScript",44115,2,remoto
4013,2024-05-26,CDMX,ML Engineer,"AWS, Python, SQL",60110,4,remoto
4014,2024-06-27,Puebla,DevOps,"Docker, Python, AWS",36277,3,remoto
4015,2024-04-23,Querétaro,Data Engineer,"Airflow, Python, SQL",31444,1,remoto
4016,2024-01-27,MTY,Data Engineer,"AWS, Airflow, SQL",42943,3,híbrido
4017,2024-04-21,CDMX,DevOps,"Docker, AWS",41220,1,presencial
4018,2024-03-22,GDL,Frontend,"Docker, JavaScript",37311,1,presencial
4019,2024-05-01,CDMX,DevOps,"Python, AWS",40908,3,remoto
4020,2024-01-22,CDMX,DevOps,"Python, AWS, Docker",48181,1,remoto
4021,2024-05-14,CDMX,ML Engineer,"Python, AWS",50738,5,híbrido
4022,2024-03-18,GDL,DevOps,"AWS, Docker",39414,2,presencial
4023,2024-04-13,Puebla,Data Analyst,"Python, SQL",26375,2,remoto
4024,2024-02-04,CDMX,Frontend,"Docker, JavaScript",29082,3,híbrido
4025,2024-04-13,Querétaro,Frontend,"JavaScript, Docker",34296,4,remoto
4026,2024-03-25,MTY,DevOps,"Docker, Python, AWS",32794,4,remoto
4027,2024-05-01,CDMX,Frontend,"JavaScript, Docker",63887,2,remoto
4028,2024-02-10,GDL,Data Analyst,"Power BI, SQL, Python, Tableau",41903,1,híbrido
4029,2024-02-12,Querétaro,DevOps,"AWS, Python",46257,1,remoto
4030,2024-03-01,CDMX,ML Engineer,"AWS, Pandas",35386,1,híbrido
4031,2024-06-18,GDL,Frontend,"JavaScript, Docker",27316,3,remoto
4032,2024-02-08,MTY,ML Engineer,"Pandas, AWS, Python, SQL",55454,1,presencial
4033,2024-03-19,Puebla,Data Analyst,"Power BI, SQL",40652,1,remoto
4034,2024-06-12,CDMX,Frontend,"JavaScript, Docker",18537,2,híbrido
4035,2024-01-24,CDMX,Data Engineer,"AWS, Airflow, Python",42982,4,remoto
4036,2024-04-20,CDMX,Data Engineer,"SQL, Airflow, Python",56218,1,híbrido
4037,2024-01-01,CDMX,ML Engineer,"AWS, SQL",49302,4,híbrido
4038,2024-01-21,CDMX,ML Engineer,"Python, SQL",54078,3,híbrido
4039,2024-02-27,CDMX,Data Analyst,"Power BI, Python, SQL",17583,3,presencial
4040,2024-04-16,GDL,DevOps,"AWS, Python, Docker",58031,5,remoto
4041,2024-04-09,CDMX,Data Engineer,"AWS, SQL",38267,3,remoto
4042,2024-02-15,CDMX,Data Analyst,"SQL, Python, Power BI, Tableau",15000,2,híbrido
4043,2024-03-20,Puebla,Data Analyst,"SQL, Power BI, Python",47834,2,remoto
4044,2024-03-15,MTY,Data Analyst,"Power BI, SQL, Tableau",36990,1,remoto
4045,2024-01-10,Puebla,Frontend,"JavaScript, Docker",44198,1,híbrido
4046,2024-03-22,CDMX,ML Engineer,"SQL, Pandas",59313,2,remoto
4047,2024-04-01,MTY,Frontend,"JavaScript, Docker",40673,1,híbrido
4048,2024-02-26,Puebla,Data Analyst,"Tableau, Power BI, SQL, Python",21279,3,híbrido
4049,2024-02-09,Puebla,Data Analyst,"Python, Power BI, SQL",30086,1,remoto
4050,2024-05-06,MTY,Frontend,"Docker, JavaScript",54523,4,híbrido
4051,2024-06-18,GDL,Data Engineer,"SQL, AWS, Airflow, Python",71416,5,remoto
4052,2024-01-27,CDMX,Frontend,"Docker, JavaScript",22254,3,híbrido
4053,2024-03-24,CDMX,Frontend,"Docker, JavaScript",36380,1,remoto
4054,2024-05-22,Querétaro,Frontend,"JavaScript, Docker",44624,2,remoto
4055,2024-04-15,Puebla,Backend,"Java, Python",58280,3,híbrido
4056,2024-03-02,CDMX,Data Engineer,"AWS, Python, SQL",57843,2,remoto
4057,2024-02-24,GDL,DevOps,"Docker, AWS",46675,2,remoto
4058,2024-04-12,GDL,Data Engineer,"AWS, Airflow",41823,1,remoto
4059,2024-01-08,MTY,ML Engineer,"Python, SQL, Pandas, AWS",42331,2,híbrido
4060,2024-03-16,Puebla,Backend,"AWS, Java, Python",37657,1,híbrido
4061,2024-05-10,MTY,Data Analyst,"SQL, Tableau",38251,1,híbrido
4062,2024-06-06,MTY,Data Engineer,"SQL, Airflow, AWS",42895,2,remoto
4063,2024-01-15,MTY,DevOps,"Python, Docker",51733,5,híbrido
4064,2024-01-01,CDMX,DevOps,"Docker, Python, AWS",39036,2,presencial
4065,2024-06-14,Querétaro,Frontend,"Docker, JavaScript",21320,4,remoto
4066,2024-01-27,MTY,DevOps,"Docker, Python",25880,2,remoto
4067,2024-06-08,GDL,Backend,"Docker, Java, Python",38791,5,híbrido
4068,2024-06-26,MTY,DevOps,"AWS, Python",60953,1,híbrido
4069,2024-05-13,CDMX,Frontend,"Docker, JavaScript",38420,1,presencial
4070,2024-02-03,GDL,ML Engineer,"SQL, Python, AWS, Pandas",68573,4,híbrido
4071,2024-04-04,CDMX,DevOps,"Docker, AWS, Python",65223,5,remoto
4072,2024-03-08,GDL,Data Engineer,"Python, SQL",45731,2,remoto
4073,2024-02-20,MTY,DevOps,"Python, AWS, Docker",56194,2,remoto
4074,2024-06-11,CDMX,Frontend,"Docker, JavaScript",57968,3,remoto
4075,2024-02-26,CDMX,DevOps,"Python, AWS",52005,2,remoto
4076,2024-05-08,MTY,ML Engineer,"AWS, Python, Pandas",60172,3,remoto
4077,2024-04-18,Puebla,ML Engineer,"Pandas, Python, SQL, AWS",52641,2,remoto
4078,2024-02-15,GDL,DevOps,"Python, Docker, AWS",44691,3,híbrido
4079,2024-06-01,Puebla,Data Analyst,"Tableau, Python",32030,1,presencial
4080,2024-06-16,MTY,Data Analyst,"SQL, Python, Power BI",43968,2,híbrido
4081,2024-04-19,MTY,Data Analyst,"Tableau, Power BI, Python, SQL",43017,1,híbrido
4082,2024-05-02,CDMX,ML Engineer,"Python, AWS",47374,1,híbrido
4083,2024-01-23,GDL,Data Analyst,"Tableau, SQL, Power BI, Python",42149,4,presencial
4084,2024-03-06,Puebla,Backend,"Docker, Java",51881,2,híbrido
4085,2024-02-22,CDMX,Backend,"Java, Python, AWS, Docker",58692,2,híbrido
4086,2024-06-06,MTY,Frontend,"Docker, JavaScript",30891,2,híbrido
4087,2024-05-15,CDMX,ML Engineer,"Pandas, AWS",73479,1,remoto
4088,2024-06-20,GDL,ML Engineer,"SQL, Pandas, Python",53942,1,presencial
4089,2024-05-01,Querétaro,DevOps,"Docker, AWS",41390,2,remoto
4090,2024-01-06,Puebla,Frontend,"JavaScript, Docker",20078,1,remoto
4091,2024-02-16,Querétaro,Frontend,"JavaScript, Docker",49212,3,remoto
4092,2024-05-10,CDMX,Frontend,"JavaScript, Docker",39199,4,presencial
4093,2024-05-14,MTY,DevOps,"Docker, AWS, Python",57388,2,híbrido
4094,2024-06-05,GDL,Backend,"Docker, Java, AWS",41898,2,híbrido
4095,2024-06-27,CDMX,ML Engineer,"Python, Pandas",50076,3,remoto
4096,2024-06-14,CDMX,Backend,"AWS, Docker, Java",38679,1,híbrido
4097,2024-03-17,GDL,ML Engineer,"Python, Pandas, AWS, SQL",32878,3,híbrido
4098,2024-01-22,GDL,Frontend,"Docker, JavaScript",47279,5,híbrido
4099,2024-04-21,CDMX,Data Analyst,"Tableau, Power BI, Python",35556,2,presencial
4100,2024-02-22,MTY,Frontend,"JavaScript, Docker",60408,1,presencial
4101,2024-01-02,GDL,Backend,"Python, Docker, AWS, Java",61757,3,presencial
4102,2024-06-02,CDMX,Data Engineer,"AWS, Python",50530,2,remoto
4103,2024-04-04,Puebla,Data Engineer,"SQL, AWS, Airflow, Python",39840,5,híbrido
4104,2024-02-04,CDMX,Frontend,"Docker, JavaScript",33662,1,remoto
4105,2024-03-22,CDMX,Backend,"AWS, Docker",58817,2,híbrido
4106,2024-02-06,CDMX,Data Engineer,"AWS, Python",59104,2,híbrido
4107,2024-01-19,GDL,ML Engineer,"SQL, Pandas, AWS, Python",47736,2,híbrido
4108,2024-05-01,CDMX,DevOps,"AWS, Docker, Python",44673,3,remoto
4109,2024-05-04,CDMX,Backend,"AWS, Docker",65161,3,remoto
4110,2024-02-18,Puebla,Data Engineer,"Airflow, Python, AWS",41455,4,presencial
4111,2024-01-19,GDL,ML Engineer,"SQL, Pandas, AWS",70300,5,remoto
4112,2024-02-23,CDMX,DevOps,"Python, AWS, Docker",70004,2,híbrido
4113,2024-03-07,GDL,DevOps,"Docker, Python, AWS",53467,3,híbrido
4114,2024-05-10,GDL,Frontend,"Docker, JavaScript",30816,1,presencial
4115,2024-04-21,MTY,Data Analyst,"Tableau, SQL, Power BI",34159,1,presencial
4116,2024-06-13,MTY,Frontend,"Docker, JavaScript",26677,2,híbrido
4117,2024-05-15,Querétaro,Data Analyst,"SQL, Python",44064,3,híbrido
4118,2024-04-06,GDL,Frontend,"JavaScript, Docker",28543,1,híbrido
4119,2024-06-07,MTY,Backend,"AWS, Java",54485,3,híbrido
4120,2024-04-18,CDMX,Data Engineer,"AWS, Python, SQL",54757,1,híbrido
4121,2024-02-20,CDMX,Backend,"Java, Docker, Python",43759,4,remoto
4122,2024-06-25,GDL,DevOps,"Python, Docker",54352,2,híbrido
4123,2024-05-08,CDMX,Frontend,"Docker, JavaScript",35439,4,presencial
4124,2024-03-26,GDL,Backend,"Java, AWS",57379,2,remoto
4125,2024-06-14,Querétaro,Frontend,"Docker, JavaScript",45884,1,híbrido
4126,2024-04-02,CDMX,DevOps,"Python, Docker",60920,3,remoto
4127,2024-01-11,MTY,Data Engineer,"Airflow, Python, AWS, SQL",45695,2,remoto
4128,2024-06-26,MTY,Backend,"Docker, Python",46999,1,presencial
4129,2024-01-14,CDMX,Data Engineer,"AWS, Python",34732,3,remoto
4130,2024-05-11,CDMX,ML Engineer,"Pandas, AWS, Python, SQL",56722,1,remoto
4131,2024-02-18,Puebla,DevOps,"AWS, Docker, Python",34660,3,remoto
4132,2024-03-18,GDL,Data Analyst,"Python, Power BI, SQL",39505,3,remoto
4133,2024-03-16,CDMX,Backend,"AWS, Java, Docker, Python",54137,1,híbrido
4134,2024-05-27,CDMX,ML Engineer,"Python, SQL",52264,1,híbrido
4135,2024-02-05,GDL,Frontend,"JavaScript, Docker",25919,4,remoto
4136,2024-05-23,MTY,DevOps,"AWS, Docker, Python",33300,1,presencial
4137,2024-06-14,CDMX,Frontend,"JavaScript, Docker",44823,1,remoto
4138,2024-02-15,MTY,Data Engineer,"SQL, AWS",56196,2,remoto
4139,2024-05-07,MTY,Backend,"Python, AWS",48635,4,híbrido
4140,2024-02-10,CDMX,DevOps,"Docker, Python",42823,2,presencial
4141,2024-06-26,Puebla,Data Analyst,"Python, Tableau, Power BI",15000,5,presencial
4142,2024-02-20,CDMX,DevOps,"Python, AWS",51315,3,remoto
4143,2024-01-10,CDMX,ML Engineer,"SQL, Pandas, Python, AWS",51724,2,híbrido
4144,2024-06-16,Puebla,DevOps,"Python, AWS, Docker",37765,4,remoto
4145,2024-01-18,CDMX,DevOps,"Docker, AWS, Python",44051,1,híbrido
4146,2024-06-25,MTY,DevOps,"Docker, AWS, Python",56092,1,remoto
4147,2024-01-08,GDL,DevOps,"Python, AWS",56092,3,híbrido
4148,2024-03-02,GDL,Data Analyst,"Python, Power BI",40798,5,presencial
4149,2024-05-13,Querétaro,Backend,"Java, AWS, Docker",44646,2,remoto
4150,2024-01-23,CDMX,Frontend,"JavaScript, Docker",24283,3,remoto
4151,2024-05-19,CDMX,Data Engineer,"Airflow, Python",40548,2,híbrido
4152,2024-03-20,MTY,ML Engineer,"AWS, Pandas, Python",66244,5,remoto
4153,2024-05-11,CDMX,Backend,"Java, Docker, AWS",36247,1,remoto
4154,2024-03-08,Querétaro,Data Analyst,"Power BI, Python, SQL",41184,2,híbrido
4155,2024-02-20,CDMX,Backend,"AWS, Docker, Python",42872,5,híbrido
4156,2024-02-26,MTY,Frontend,"JavaScript, Docker",37582,3,remoto
4157,2024-03-03,MTY,Frontend,"Docker, JavaScript",34443,2,remoto
4158,2024-05-15,CDMX,ML Engineer,"Pandas, Python",56294,2,remoto
4159,2024-04-10,CDMX,Data Engineer,"AWS, Airflow",47832,5,híbrido
4160,2024-01-26,CDMX,Data Engineer,"Airflow, Python, SQL",52569,2,híbrido
4161,2024-02-27,MTY,Data Analyst,"SQL, Python, Tableau",46286,1,híbrido
4162,2024-01-03,GDL,Data Engineer,"Airflow, Python",46657,2,remoto
4163,2024-01-22,MTY,Data Analyst,"Tableau, Power BI, Python, SQL",41361,3,híbrido
4164,2024-03-21,CDMX,Data Engineer,"SQL, Airflow, Python",50383,2,presencial
4165,2024-03-02,GDL,Data Analyst,"SQL, Power BI",38356,2,remoto
4166,2024-03-01,GDL,Frontend,"JavaScript, Docker",36113,3,híbrido
4167,2024-06-02,GDL,Data Engineer,"SQL, Python, Airflow",43195,5,remoto
4168,2024-05-11,Querétaro,Backend,"Python, Docker",39054,3,híbrido
4169,2024-03-02,MTY,Backend,"Java, Docker, AWS",48991,2,híbrido
4170,2024-04-22,GDL,Data Analyst,"SQL, Tableau",50129,4,remoto
4171,2024-03-15,CDMX,Data Analyst,"Python, SQL, Power BI",44373,3,híbrido
4172,2024-01-24,CDMX,ML Engineer,"Python, SQL",62870,4,híbrido
4173,2024-06-24,CDMX,ML Engineer,"AWS, Pandas",54209,2,presencial
4174,2024-06-12,Puebla,Backend,"Python, AWS, Java",56066,1,híbrido
4175,2024-04-21,CDMX,Data Analyst,"SQL, Python",34382,5,remoto
4176,2024-01-18,Querétaro,Backend,"Java, Python, AWS, Docker",36998,1,híbrido
4177,2024-06-03,CDMX,Data Engineer,"SQL, Airflow",53442,3,remoto
4178,2024-04-01,MTY,Backend,"Python, Java",32619,1,presencial
4179,2024-05-13,CDMX,Data Analyst,"Tableau, SQL",27496,5,híbrido
4180,2024-05-07,CDMX,Data Engineer,"Airflow, AWS",77127,2,remoto
4181,2024-03-09,Querétaro,Backend,"Docker, Java, Python, AWS",35755,2,híbrido
4182,2024-06-01,GDL,ML Engineer,"Python, Pandas",33428,4,remoto
4183,2024-01-01,CDMX,Backend,"Docker, AWS",31704,1,híbrido
4184,2024-01-06,CDMX,Data Engineer,"AWS, Python, Airflow, SQL",48744,2,remoto
4185,2024-02-25,MTY,Data Analyst,"Tableau, Python, SQL",15000,1,presencial
4186,2024-06-15,CDMX,Data Engineer,"Python, SQL",47127,2,remoto
4187,2024-06-12,Querétaro,Data Analyst,"Tableau, Python, Power BI",38367,2,presencial
4188,2024-03-23,GDL,Data Analyst,"SQL, Power BI",24898,4,remoto
4189,2024-01-06,MTY,DevOps,"Python, Docker",63018,5,remoto
4190,2024-06-10,GDL,Backend,"Java, Docker, AWS",32775,2,presencial
4191,2024-01-19,GDL,DevOps,"AWS, Python, Docker",70075,1,híbrido
4192,2024-04-19,Querétaro,Frontend,"Docker, JavaScript",29728,1,híbrido
4193,2024-02-18,CDMX,Data Analyst,"Python, Power BI",52173,1,remoto
4194,2024-06-02,CDMX,ML Engineer,"Python, AWS, SQL",54641,4,remoto
4195,2024-04-15,CDMX,Data Engineer,"AWS, SQL",38770,2,remoto
4196,2024-04-13,Querétaro,DevOps,"AWS, Docker",63484,1,híbrido
4197,2024-01-19,Querétaro,ML Engineer,"AWS, Pandas, SQL, Python",40334,5,híbrido
4198,2024-01-06,CDMX,DevOps,"AWS, Python",44553,4,híbrido
4199,2024-04-18,Puebla,Data Analyst,"Python, SQL, Power BI, Tableau",42204,1,presencial
4200,2024-06-01,MTY,ML Engineer,"Python, Pandas, SQL, AWS",54261,1,remoto
4201,2024-04-02,MTY,DevOps,"Docker, Python, AWS",46195,3,híbrido
4202,2024-03-24,CDMX,ML Engineer,"Pandas, Python, AWS, SQL",74715,2,híbrido
4203,2024-06-08,CDMX,Frontend,"Docker, JavaScript",46662,2,presencial
4204,2024-02-24,MTY,DevOps,"Docker, AWS, Python",49230,2,remoto
4205,2024-04-23,CDMX,Data Engineer,"Python, SQL",44275,1,remoto
4206,2024-03-18,CDMX,Backend,"AWS, Java, Docker, Python",56579,3,híbrido
4207,2024-03-07,CDMX,Backend,"AWS, Docker, Python",57525,3,híbrido
4208,2024-02-17,GDL,Backend,"Python, Docker, AWS, Java",37121,2,híbrido
4209,2024-04-18,CDMX,ML Engineer,"AWS, Pandas",44746,3,remoto
4210,2024-06-23,CDMX,ML Engineer,"SQL, Python, Pandas",49932,2,remoto
4211,2024-04-27,MTY,ML Engineer,"SQL, Python, AWS, Pandas",64337,1,híbrido
4212,2024-01-06,GDL,Frontend,"Docker, JavaScript",35265,1,híbrido
4213,2024-05-01,Querétaro,Backend,"AWS, Python",34154,1,híbrido
4214,2024-02-02,Querétaro,Data Analyst,"SQL, Python, Power BI, Tableau",38754,2,híbrido
4215,2024-03-09,GDL,ML Engineer,"Python, Pandas, AWS",53140,2,híbrido
4216,2024-05-16,CDMX,DevOps,"Docker, Python",54910,2,presencial
4217,2024-02-15,Querétaro,Backend,"AWS, Python, Docker",45136,5,remoto
4218,2024-04-08,Puebla,Frontend,"Docker, JavaScript",37710,1,presencial
4219,2024-01-06,CDMX,Frontend,"Docker, JavaScript",34621,3,híbrido
4220,2024-02-06,GDL,Frontend,"JavaScript, Docker",46164,1,híbrido
4221,2024-01-23,CDMX,Frontend,"JavaScript, Docker",32260,1,remoto
4222,2024-01-19,CDMX,DevOps,"AWS, Docker, Python",55310,2,híbrido
4223,2024-01-16,CDMX,Data Analyst,"Power BI, SQL, Python, Tableau",38176,1,presencial
4224,2024-04-13,GDL,Backend,"Java, Python, AWS",52707,1,remoto
4225,2024-02-15,GDL,Frontend,"Docker, JavaScript",30590,3,presencial
4226,2024-01-08,CDMX,Frontend,"Docker, JavaScript",22547,4,presencial
4227,2024-06-21,CDMX,Data Engineer,"Airflow, AWS, SQL",68301,5,remoto
4228,2024-04-02,CDMX,Data Engineer,"SQL, Airflow, Python, AWS",49130,3,híbrido
4229,2024-01-10,CDMX,DevOps,"Docker, AWS, Python",28788,2,híbrido
4230,2024-01-17,CDMX,ML Engineer,"AWS, SQL, Pandas",46845,2,remoto
4231,2024-01-22,GDL,Backend,"Docker, Java",60744,3,híbrido
4232,2024-04-18,GDL,Data Analyst,"SQL, Power BI",35163,2,híbrido
4233,2024-01-09,MTY,ML Engineer,"Python, Pandas, SQL",52860,1,remoto
4234,2024-04-02,Querétaro,DevOps,"Docker, Python",45278,2,remoto
4235,2024-06-05,CDMX,ML Engineer,"AWS, SQL, Python",51592,2,remoto
4236,2024-01-06,CDMX,Data Analyst,"Power BI, SQL, Tableau, Python",44190,3,presencial
4237,2024-02-15,CDMX,Frontend,"Docker, JavaScript",38498,2,remoto
4238,2024-06-23,CDMX,Data Analyst,"Power BI, Tableau, SQL",20883,3,remoto
4239,2024-02-09,CDMX,DevOps,"AWS, Python",53572,4,remoto
4240,2024-03-08,MTY,Backend,"Java, Python, Docker",45295,2,remoto
4241,2024-01-25,CDMX,Frontend,"JavaScript, Docker",30638,3,presencial
4242,2024-01-18,GDL,DevOps,"AWS, Docker",44809,1,presencial
4243,2024-03-23,CDMX,Frontend,"JavaScript, Docker",33702,5,remoto
4244,2024-02-20,CDMX,DevOps,"Python, AWS, Docker",46407,1,remoto
4245,2024-05-19,MTY,DevOps,"AWS, Docker",62104,2,remoto
4246,2024-05-09,MTY,Data Analyst,"Python, Power BI, Tableau",31969,3,remoto
4247,2024-06-04,CDMX,Backend,"AWS, Java, Docker",45730,4,híbrido
4248,2024-02-14,Querétaro,Data Engineer,"SQL, Python, Airflow",52282,2,remoto
4249,2024-05-27,CDMX,ML Engineer,"SQL, Python, AWS, Pandas",55537,2,remoto
4250,2024-02-16,GDL,DevOps,"Python, Docker, AWS",44361,1,remoto
4251,2024-04-06,CDMX,DevOps,"AWS, Python, Docker",52765,1,remoto
4252,2024-05-19,GDL,ML Engineer,"Python, Pandas, AWS, SQL",60966,2,híbrido
4253,2024-03-01,CDMX,Data Engineer,"AWS, SQL",49388,3,híbrido
4254,2024-04-07,GDL,DevOps,"AWS, Python",56826,3,híbrido
4255,2024-06-18,MTY,Data Engineer,"Airflow, SQL, Python, AWS",48314,1,híbrido
4256,2024-02-03,Puebla,Data Analyst,"SQL, Tableau, Power BI",38877,2,remoto
4257,2024-05-02,CDMX,Backend,"Python, Java",25101,2,remoto
4258,2024-03-26,CDMX,Frontend,"Docker, JavaScript",23934,2,remoto
4259,2024-05-02,CDMX,ML Engineer,"AWS, Pandas, SQL",19977,1,híbrido
4260,2024-06-09,GDL,Data Engineer,"Python, SQL, Airflow, AWS",41478,2,presencial
4261,2024-06-21,GDL,Data Analyst,"Tableau, SQL",38272,1,presencial
4262,2024-06-05,CDMX,Data Analyst,"Power BI, Tableau, Python",30479,3,híbrido
4263,2024-03-22,CDMX,DevOps,"AWS, Docker, Python",54840,2,híbrido
4264,2024-01-05,Querétaro,DevOps,"Docker, Python",61042,2,híbrido
4265,2024-01-19,GDL,Backend,"Docker, AWS",53661,1,remoto
4266,2024-06-26,CDMX,DevOps,"Docker, Python, AWS",32024,5,remoto
4267,2024-01-21,Querétaro,Backend,"Docker, Python, Java, AWS",39811,1,híbrido
4268,2024-01-21,MTY,Data Analyst,"Python, Power BI, Tableau, SQL",48122,1,híbrido
4269,2024-01-09,CDMX,DevOps,"AWS, Python, Docker",41855,2,presencial
4270,2024-06-17,Querétaro,Data Engineer,"Airflow, Python, AWS",36303,2,híbrido
4271,2024-02-03,Puebla,ML Engineer,"AWS, Python, SQL",55991,3,remoto
4272,2024-01-05,GDL,DevOps,"Docker, Python",60868,3,presencial
4273,2024-01-16,Querétaro,Data Engineer,"SQL, Airflow, AWS",38264,3,presencial
4274,2024-01-25,Puebla,Data Engineer,"SQL, Python",47233,2,remoto
4275,2024-05-05,CDMX,Data Analyst,"Tableau, Python",23760,2,remoto
4276,2024-06-11,MTY,Data Engineer,"AWS, Airflow, Python",47943,3,remoto
4277,2024-02-18,CDMX,Frontend,"Docker, JavaScript",31661,4,remoto
4278,2024-03-17,Puebla,Frontend,"Docker, JavaScript",26675,2,híbrido
4279,2024-02-09,Querétaro,Data Engineer,"AWS, SQL, Python",54461,2,remoto
4280,2024-05-23,CDMX,Data Engineer,"Airflow, SQL",44172,1,remoto
4281,2024-02-08,CDMX,Data Analyst,"SQL, Tableau, Python, Power BI",48917,3,híbrido
4282,2024-06-26,CDMX,ML Engineer,"SQL, AWS, Pandas",56051,4,remoto
4283,2024-01-13,CDMX,Data Analyst,"SQL, Python, Tableau, Power BI",23516,1,híbrido
4284,2024-01-26,MTY,Frontend,"Docker, JavaScript",37970,4,remoto
4285,2024-02-21,Querétaro,Frontend,"JavaScript, Docker",27421,3,híbrido
4286,2024-03-17,MTY,Data Engineer,"SQL, AWS, Python, Airflow",39818,1,remoto
4287,2024-01-22,MTY,Data Engineer,"Python, Airflow",43414,2,híbrido
4288,2024-05-21,CDMX,Data Analyst,"SQL, Power BI, Python",29694,3,remoto
4289,2024-04-13,CDMX,Frontend,"Docker, JavaScript",32282,3,híbrido
4290,2024-03-13,CDMX,DevOps,"Python, Docker",47593,1,presencial
4291,2024-06-14,Puebla,Backend,"Java, AWS, Docker",43087,1,remoto
4292,2024-04-10,CDMX,Frontend,"Docker, JavaScript",35133,3,remoto
4293,2024-01-20,GDL,Data Analyst,"Python, Tableau",27708,4,híbrido
4294,2024-04-14,MTY,Data Engineer,"Airflow, Python, AWS",56814,2,híbrido
4295,2024-06-11,MTY,ML Engineer,"AWS, SQL, Pandas",67792,3,presencial
4296,2024-03-20,Querétaro,Backend,"Python, Java",52521,2,híbrido
4297,2024-05-16,MTY,Backend,"AWS, Docker, Python",28447,2,híbrido
4298,2024-02-23,GDL,Data Analyst,"Python, Tableau, Power BI",43561,5,híbrido
4299,2024-05-05,GDL,ML Engineer,"SQL, Python, Pandas",65515,5,híbrido
4300,2024-04-12,MTY,ML Engineer,"Python, SQL",55724,5,remoto
4301,2024-03-05,Querétaro,Frontend,"JavaScript, Docker",33635,4,presencial
4302,2024-03-18,Querétaro,Backend,"AWS, Python, Docker",44013,5,remoto
4303,2024-03-06,CDMX,Data Engineer,"SQL, Airflow, AWS, Python",33461,3,híbrido
4304,2024-01-11,MTY,Frontend,"JavaScript, Docker",28161,3,híbrido
4305,2024-05-17,GDL,Backend,"Java, Python, Docker, AWS",52127,3,híbrido
4306,2024-01-24,MTY,Data Analyst,"Power BI, Python",40651,3,remoto
4307,2024-01-16,Puebla,Data Engineer,"AWS, Airflow",60044,1,remoto
4308,2024-06-09,Querétaro,ML Engineer,"Python, AWS, SQL, Pandas",59434,2,remoto
4309,2024-02-02,MTY,Data Engineer,"Python, AWS",46570,3,presencial
4310,2024-04-27,CDMX,ML Engineer,"SQL, Python, AWS, Pandas",46459,3,híbrido
4311,2024-01-20,GDL,Data Analyst,"Power BI, SQL",26019,1,remoto
4312,2024-03-20,MTY,Data Engineer,"AWS, SQL, Python, Airflow",53821,5,presencial
4313,2024-06-22,GDL,ML Engineer,"SQL, Pandas, Python, AWS",60923,2,presencial
4314,2024-06-19,CDMX,DevOps,"Docker, Python, AWS",57864,1,remoto
4315,2024-05-06,CDMX,Backend,"Java, Docker, Python, AWS",47368,5,remoto
4316,2024-06-14,Querétaro,Data Engineer,"AWS, SQL, Airflow, Python",47493,3,remoto
4317,2024-01-25,CDMX,Frontend,"JavaScript, Docker",35738,1,remoto
4318,2024-05-25,CDMX,ML Engineer,"Pandas, Python, AWS, SQL",66093,2,híbrido
4319,2024-02-20,MTY,Data Engineer,"Airflow, Python, SQL",49777,1,remoto
4320,2024-05-22,CDMX,Data Engineer,"Airflow, Python, SQL",66216,2,híbrido
4321,2024-04-04,Puebla,DevOps,"AWS, Docker, Python",62031,1,remoto
4322,2024-04-20,CDMX,Data Engineer,"SQL, Airflow",48513,3,presencial
4323,2024-03-02,CDMX,DevOps,"AWS, Docker, Python",60251,5,presencial
4324,2024-02-24,Puebla,Frontend,"Docker, JavaScript",29389,3,remoto
4325,2024-06-13,CDMX,Frontend,"JavaScript, Docker",34148,3,remoto
4326,2024-02-03,CDMX,ML Engineer,"Pandas, AWS, Python",60211,1,remoto
4327,2024-02-21,CDMX,Frontend,"JavaScript, Docker",32431,3,híbrido
4328,2024-03-09,CDMX,Frontend,"JavaScript, Docker",49558,3,remoto
4329,2024-05-27,GDL,Data Analyst,"SQL, Python, Power BI",29461,3,remoto
4330,2024-05-04,CDMX,Data Analyst,"Power BI, Tableau",47137,3,remoto
4331,2024-05-16,CDMX,Data Analyst,"Tableau, SQL, Power BI, Python",35417,3,híbrido
4332,2024-01-22,CDMX,ML Engineer,"AWS, Pandas, SQL, Python",69651,3,presencial
4333,2024-01-19,GDL,ML Engineer,"Pandas, AWS, SQL",42986,2,remoto
4334,2024-03-19,GDL,Data Analyst,"SQL, Tableau, Power BI, Python",20087,3,híbrido
4335,2024-01-06,Querétaro,Data Engineer,"Airflow, SQL",56237,2,híbrido
4336,2024-02-08,MTY,Backend,"Python, Docker, AWS, Java",38456,3,remoto
4337,2024-01-19,CDMX,Frontend,"Docker, JavaScript",35929,1,híbrido
4338,2024-01-25,CDMX,Backend,"Python, Java, AWS, Docker",52391,1,remoto
4339,2024-02-10,CDMX,ML Engineer,"SQL, Pandas, AWS, Python",49282,3,híbrido
4340,2024-04-07,Puebla,ML Engineer,"SQL, Python, Pandas",56514,2,híbrido
4341,2024-02-17,Querétaro,ML Engineer,"Python, Pandas",62272,1,híbrido
4342,2024-01-25,MTY,Data Analyst,"Tableau, Power BI, Python, SQL",29044,2,híbrido
4343,2024-05-26,CDMX,DevOps,"Docker, AWS, Python",62530,3,remoto
4344,2024-03-01,GDL,Backend,"Java, AWS, Docker, Python",46523,3,remoto
4345,2024-03-19,Puebla,Data Analyst,"Power BI, Python, Tableau, SQL",44341,4,remoto
4346,2024-05-24,MTY,Data Analyst,"SQL, Python, Tableau, Power BI",35993,1,híbrido
4347,2024-06-22,MTY,Data Analyst,"Python, Power BI",37475,1,híbrido
4348,2024-03-04,CDMX,Backend,"Python, Java, Docker, AWS",52715,1,remoto
4349,2024-04-25,CDMX,DevOps,"Docker, AWS, Python",40883,3,remoto
4350,2024-05-04,Puebla,Frontend,"JavaScript, Docker",51722,1,híbrido
4351,2024-05-13,CDMX,Data Engineer,"AWS, SQL",31255,4,remoto
4352,2024-01-26,Querétaro,DevOps,"Python, Docker, AWS",31339,2,presencial
4353,2024-02-20,Puebla,Data Engineer,"Python, AWS, Airflow",40024,4,remoto
4354,2024-03-05,Querétaro,Backend,"Docker, Java, AWS",54604,4,híbrido
4355,2024-04-07,MTY,ML Engineer,"SQL, Pandas",51009,5,híbrido
4356,2024-01-19,Puebla,Data Analyst,"Python, Power BI",46222,4,remoto
4357,2024-01-03,CDMX,Frontend,"Docker, JavaScript",41880,1,híbrido
4358,2024-03-03,CDMX,Backend,"Java, AWS, Python, Docker",42538,1,remoto
4359,2024-02-16,MTY,Backend,"Python, Java, Docker, AWS",46148,1,remoto
4360,2024-05-18,MTY,Data Engineer,"AWS, SQL, Airflow",46904,3,híbrido
4361,2024-05-21,Querétaro,Data Engineer,"Python, AWS, SQL, Airflow",41685,4,remoto
4362,2024-06-18,CDMX,Frontend,"JavaScript, Docker",23099,2,híbrido
4363,2024-04-09,CDMX,ML Engineer,"AWS, Pandas, SQL, Python",41275,1,remoto
4364,2024-06-16,Puebla,Frontend,"JavaScript, Docker",41109,2,remoto
4365,2024-06-09,GDL,Data Analyst,"SQL, Python, Power BI, Tableau",39905,2,presencial
4366,2024-01-20,CDMX,Frontend,"Docker, JavaScript",26789,5,remoto
4367,2024-03-02,CDMX,Data Engineer,"AWS, Airflow",58561,1,presencial
4368,2024-04-24,MTY,ML Engineer,"Python, SQL, Pandas",49458,1,presencial
4369,2024-06-04,GDL,ML Engineer,"Python, SQL, AWS",67112,2,remoto
4370,2024-02-08,CDMX,Data Engineer,"Python, Airflow",51620,3,híbrido
4371,2024-01-04,CDMX,Frontend,"JavaScript, Docker",46239,5,híbrido
4372,2024-03-17,Querétaro,Data Analyst,"Tableau, Power BI, Python, SQL",39750,3,presencial
4373,2024-06-21,CDMX,Data Analyst,"SQL, Power BI",33825,2,remoto
4374,2024-06-07,CDMX,Data Analyst,"Power BI, SQL",28133,1,remoto
4375,2024-02-17,Querétaro,DevOps,"Python, Docker",52670,3,híbrido
4376,2024-05-08,MTY,Frontend,"Docker, JavaScript",39173,5,presencial
4377,2024-01-09,Puebla,ML Engineer,"SQL, Pandas",58025,2,remoto
4378,2024-01-25,CDMX,DevOps,"Python, AWS, Docker",40961,3,remoto
4379,2024-01-27,MTY,Backend,"Docker, Java",65709,1,híbrido
4380,2024-02-05,CDMX,Frontend,"JavaScript, Docker",41430,1,presencial
4381,2024-01-19,CDMX,Data Engineer,"Python, SQL, AWS, Airflow",38209,1,híbrido
4382,2024-01-20,Puebla,Data Engineer,"AWS, SQL, Airflow",34136,1,híbrido
4383,2024-06-26,MTY,Data Engineer,"Python, SQL",49679,2,híbrido
4384,2024-04-16,CDMX,ML Engineer,"SQL, AWS, Pandas, Python",44118,3,híbrido
4385,2024-05-09,Puebla,Backend,"Python, Java, AWS, Docker",43139,5,híbrido
4386,2024-02-11,Puebla,ML Engineer,"Pandas, AWS",52693,1,presencial
4387,2024-03-13,CDMX,Data Analyst,"Python, Power BI",37332,1,remoto
4388,2024-01-07,MTY,Frontend,"JavaScript, Docker",32146,2,remoto
4389,2024-06-05,CDMX,Data Engineer,"Python, SQL",63314,1,remoto
4390,2024-01-02,MTY,Frontend,"JavaScript, Docker",30301,2,presencial
4391,2024-02-01,GDL,Data Analyst,"SQL, Python",23898,2,remoto
4392,2024-05-05,Querétaro,Data Engineer,"Airflow, AWS, Python, SQL",41271,3,remoto
4393,2024-03-17,CDMX,Backend,"Python, AWS, Java, Docker",52691,2,remoto
4394,2024-01-19,GDL,Data Analyst,"Power BI, SQL, Python, Tableau",35730,3,presencial
4395,2024-05-14,MTY,Backend,"Java, Docker, Python, AWS",52298,2,híbrido
4396,2024-04-15,CDMX,Backend,"Docker, AWS, Python",36745,4,híbrido
4397,2024-03-08,Puebla,Data Analyst,"Tableau, Python, Power BI, SQL",45888,2,híbrido
4398,2024-02-16,CDMX,Data Analyst,"Tableau, Power BI, SQL, Python",38916,1,híbrido
4399,2024-05-03,CDMX,DevOps,"AWS, Docker, Python",45138,1,remoto
4400,2024-02-05,MTY,Backend,"Java, Docker, AWS, Python",23231,2,híbrido
4401,2024-02-15,Querétaro,Data Engineer,"AWS, Python, Airflow",45025,3,presencial
4402,2024-05-21,CDMX,DevOps,"AWS, Docker",42819,1,híbrido
4403,2024-02-22,GDL,Backend,"Java, Docker, Python, AWS",43643,2,presencial
4404,2024-03-10,MTY,Data Engineer,"Airflow, Python",38130,2,híbrido
4405,2024-03-07,CDMX,Backend,"Java, Docker, Python",43582,3,híbrido
4406,2024-01-02,Querétaro,ML Engineer,"AWS, SQL, Pandas, Python",45316,1,híbrido
4407,2024-02-26,MTY,Backend,"Python, Java, AWS, Docker",56202,1,híbrido
4408,2024-03-02,GDL,Backend,"Python, Java",53668,3,híbrido
4409,2024-01-04,GDL,Backend,"Java, Docker, AWS",48508,2,híbrido
4410,2024-01-26,GDL,ML Engineer,"AWS, SQL, Pandas, Python",55032,2,remoto
4411,2024-04-01,Querétaro,Data Engineer,"SQL, AWS",49998,2,remoto
4412,2024-06-21,CDMX,Backend,"Java, Python, Docker, AWS",49911,4,remoto
4413,2024-05-26,MTY,Backend,"Docker, AWS",55883,3,remoto
4414,2024-06-12,CDMX,Backend,"AWS, Docker, Python, Java",45708,3,híbrido
4415,2024-05-05,CDMX,Data Engineer,"Airflow, SQL",38339,3,híbrido
4416,2024-02-23,GDL,DevOps,"Python, AWS",58189,4,remoto
4417,2024-01-15,MTY,Frontend,"Docker, JavaScript",47337,3,remoto
4418,2024-04-18,GDL,Backend,"Docker, AWS, Java, Python",46022,4,remoto
4419,2024-02-23,CDMX,Data Engineer,"AWS, Python, Airflow, SQL",61806,1,híbrido
4420,2024-03-16,MTY,Backend,"AWS, Python, Java",42658,3,presencial
4421,2024-04-27,Querétaro,Data Engineer,"AWS, SQL",42846,1,remoto
4422,2024-01-21,GDL,Backend,"Docker, Java",47388,5,remoto
4423,2024-03-08,MTY,DevOps,"AWS, Python, Docker",38439,3,remoto
4424,2024-04-23,CDMX,Frontend,"JavaScript, Docker",33320,5,presencial
4425,2024-02-14,CDMX,DevOps,"AWS, Python, Docker",54354,4,remoto
4426,2024-06-18,MTY,Data Analyst,"Tableau, Python",26212,4,híbrido
4427,2024-03-04,CDMX,Data Analyst,"Python, Power BI",42444,1,presencial
4428,2024-01-02,MTY,DevOps,"AWS, Python, Docker",49970,3,híbrido
4429,2024-04-21,CDMX,Data Engineer,"SQL, AWS, Airflow",45396,1,híbrido
4430,2024-06-03,Querétaro,Data Analyst,"Tableau, Python, Power BI, SQL",21324,2,remoto
4431,2024-02-01,MTY,Backend,"Python, AWS, Java",35202,3,remoto
4432,2024-05-01,MTY,DevOps,"Docker, AWS",44934,1,remoto
4433,2024-04-20,GDL,DevOps,"AWS, Python",48236,2,presencial
4434,2024-04-26,MTY,ML Engineer,"Pandas, SQL",51108,2,híbrido
4435,2024-03-15,CDMX,Frontend,"JavaScript, Docker",45422,4,remoto
4436,2024-03-13,MTY,Frontend,"JavaScript, Docker",45097,4,remoto
4437,2024-02-04,CDMX,DevOps,"Python, AWS",49431,3,híbrido
4438,2024-03-06,GDL,Data Analyst,"Tableau, Python, Power BI",25990,2,híbrido
4439,2024-04-04,GDL,DevOps,"AWS, Docker, Python",63883,3,híbrido
4440,2024-05-09,GDL,Frontend,"Docker, JavaScript",42041,2,presencial
4441,2024-04-18,Querétaro,Backend,"Python, Docker, AWS, Java",46076,5,presencial
4442,2024-01-04,CDMX,Frontend,"Docker, JavaScript",45159,1,remoto
4443,2024-03-15,MTY,ML Engineer,"AWS, Pandas, SQL, Python",49829,1,remoto
4444,2024-01-25,GDL,Data Engineer,"AWS, SQL, Python, Airflow",49725,1,híbrido
4445,2024-06-14,CDMX,Backend,"AWS, Docker",36396,2,remoto
4446,2024-01-15,CDMX,Frontend,"JavaScript, Docker",32539,1,híbrido
4447,2024-04-19,GDL,ML Engineer,"Pandas, SQL",37991,2,presencial
4448,2024-03-11,Puebla,Frontend,"Docker, JavaScript",31840,1,presencial
4449,2024-02-20,CDMX,Backend,"Java, Docker, AWS",56324,1,híbrido
4450,2024-03-27,CDMX,DevOps,"Python, AWS",43668,3,remoto
4451,2024-01-20,Querétaro,DevOps,"Python, Docker",52907,4,remoto
4452,2024-06-09,Puebla,ML Engineer,"SQL, Python",49216,4,híbrido
4453,2024-02-27,Puebla,Data Analyst,"Tableau, Python",30004,3,presencial
4454,2024-05-25,CDMX,ML Engineer,"Pandas, AWS, SQL, Python",34765,3,remoto
4455,2024-06-11,CDMX,Data Engineer,"SQL, Python, Airflow",49595,2,presencial
4456,2024-03-12,GDL,Backend,"Docker, Java",42167,2,remoto
4457,2024-06-14,MTY,ML Engineer,"SQL, Pandas",49588,5,remoto
4458,2024-01-09,CDMX,DevOps,"Docker, Python",66776,3,presencial
4459,2024-04-17,Querétaro,Data Analyst,"SQL, Tableau, Python, Power BI",30968,2,híbrido
4460,2024-02-14,GDL,Data Engineer,"AWS, SQL, Python, Airflow",49867,2,híbrido
4461,2024-02-25,GDL,DevOps,"Docker, Python, AWS",47940,1,remoto
4462,2024-05-18,MTY,Data Analyst,"Python, Power BI, SQL, Tableau",31221,5,presencial
4463,2024-03-07,GDL,Frontend,"Docker, JavaScript",45121,5,híbrido
4464,2024-03-09,MTY,Data Analyst,"Power BI, SQL",38262,1,híbrido
4465,2024-01-11,CDMX,DevOps,"Python, AWS, Docker",61399,1,remoto
4466,2024-05-19,Querétaro,Backend,"AWS, Python",55616,3,híbrido
4467,2024-05-09,MTY,Frontend,"Docker, JavaScript",48806,1,remoto
4468,2024-04-19,MTY,DevOps,"Python, Docker",55912,1,híbrido
4469,2024-02-18,Querétaro,Data Analyst,"SQL, Power BI, Python, Tableau",31305,2,remoto
4470,2024-03-18,Puebla,ML Engineer,"SQL, Pandas, AWS",43533,3,presencial
4471,2024-01-02,CDMX,Backend,"Python, Docker, AWS",31900,2,remoto
4472,2024-04-20,GDL,Data Engineer,"Airflow, AWS",48525,3,remoto
4473,2024-01-27,GDL,DevOps,"AWS, Python, Docker",45519,3,remoto
4474,2024-03-02,CDMX,Data Engineer,"Python, Airflow",46398,3,híbrido
4475,2024-02-03,CDMX,Frontend,"Docker, JavaScript",44239,3,remoto
4476,2024-05-06,GDL,Frontend,"JavaScript, Docker",30364,2,presencial
4477,2024-01-09,CDMX,DevOps,"Docker, Python, AWS",39667,1,remoto
4478,2024-06-26,Querétaro,DevOps,"AWS, Python, Docker",53010,3,presencial
4479,2024-03-21,Querétaro,DevOps,"Python, AWS, Docker",47285,4,híbrido
4480,2024-02-13,GDL,Frontend,"Docker, JavaScript",37814,4,remoto
4481,2024-05-12,CDMX,Frontend,"JavaScript, Docker",62242,2,presencial
4482,2024-03-07,CDMX,Frontend,"Docker, JavaScript",60090,2,híbrido
4483,2024-04-24,MTY,DevOps,"Docker, Python, AWS",62395,1,híbrido
4484,2024-03-15,CDMX,Frontend,"Docker, JavaScript",30758,2,remoto
4485,2024-04-09,Querétaro,Frontend,"Docker, JavaScript",27095,1,presencial
4486,2024-03-10,Querétaro,Frontend,"Docker, JavaScript",44856,4,presencial
4487,2024-06-20,MTY,Backend,"Docker, Java, Python",67879,2,remoto
4488,2024-01-07,CDMX,Data Analyst,"Power BI, SQL",36491,3,híbrido
4489,2024-03-05,GDL,ML Engineer,"Python, AWS, SQL, Pandas",54110,1,presencial
4490,2024-04-20,Querétaro,Data Engineer,"SQL, AWS, Airflow",64238,2,remoto
4491,2024-01-06,GDL,Frontend,"Docker, JavaScript",37368,2,híbrido
4492,2024-06-06,GDL,Data Analyst,"Python, Power BI, Tableau",41121,5,presencial
4493,2024-01-04,Puebla,Data Engineer,"Airflow, SQL, Python, AWS",39957,1,presencial
4494,2024-06-04,CDMX,ML Engineer,"Pandas, AWS",46446,3,remoto
4495,2024-05-15,CDMX,Frontend,"Docker, JavaScript",46419,2,remoto
4496,2024-01-01,CDMX,DevOps,"Docker, Python",43071,1,remoto
4497,2024-03-11,MTY,Data Analyst,"Python, SQL, Power BI, Tableau",41317,1,remoto
4498,2024-02-22,GDL,Frontend,"Docker, JavaScript",45031,1,remoto
4499,2024-02-21,CDMX,Frontend,"JavaScript, Docker",34430,2,remoto
4500,2024-01-06,Puebla,Data Analyst,"Python, Tableau, Power BI, SQL",28476,3,presencial
4501,2024-05-17,CDMX,DevOps,"Python, AWS",54750,4,remoto
4502,2024-05-12,CDMX,Frontend,"Docker, JavaScript",39959,5,híbrido
4503,2024-04-16,CDMX,Data Engineer,"SQL, AWS, Python",37633,1,presencial
4504,2024-05-17,CDMX,Backend,"Python, Docker, Java",34426,5,remoto
4505,2024-06-25,MTY,Data Analyst,"SQL, Power BI, Tableau",43276,3,remoto
4506,2024-03-15,MTY,Data Analyst,"Power BI, Tableau, Python",35215,2,híbrido
4507,2024-05-02,Querétaro,Frontend,"JavaScript, Docker",58163,4,remoto
4508,2024-05-17,GDL,Data Engineer,"Python, SQL, AWS, Airflow",59497,2,presencial
4509,2024-06-24,CDMX,Data Engineer,"AWS, Python, SQL, Airflow",59547,3,híbrido
4510,2024-04-22,CDMX,Frontend,"JavaScript, Docker",38096,4,híbrido
4511,2024-03-22,CDMX,Data Analyst,"Tableau, Power BI",33808,2,remoto
4512,2024-05-10,GDL,Backend,"Python, Java, AWS",63252,1,remoto
4513,2024-02-15,GDL,Data Analyst,"Power BI, Tableau, Python, SQL",34915,4,híbrido
4514,2024-01-08,Puebla,Backend,"AWS, Docker",33331,5,híbrido
4515,2024-03-15,Querétaro,Frontend,"JavaScript, Docker",36759,1,presencial
4516,2024-03-15,CDMX,Data Analyst,"Python, Power BI, SQL",59746,2,remoto
4517,2024-03-18,Puebla,Data Analyst,"Tableau, Power BI",71309,2,remoto
4518,2024-06-27,Querétaro,Backend,"Python, AWS, Docker, Java",27409,2,remoto
4519,2024-06-10,CDMX,ML Engineer,"AWS, SQL",49015,3,híbrido
4520,2024-01-02,GDL,Backend,"AWS, Docker, Java",49341,1,presencial
4521,2024-05-08,GDL,Frontend,"Docker, JavaScript",43675,1,remoto
4522,2024-02-17,CDMX,ML Engineer,"Pandas, SQL, Python, AWS",52841,2,remoto
4523,2024-01-21,Querétaro,Frontend,"JavaScript, Docker",62772,5,híbrido
4524,2024-04-21,CDMX,ML Engineer,"Pandas, Python",48968,2,presencial
4525,2024-06-24,CDMX,Frontend,"JavaScript, Docker",24510,4,remoto
4526,2024-06-27,CDMX,ML Engineer,"SQL, AWS, Pandas, Python",48195,2,remoto
4527,2024-05-15,CDMX,Data Engineer,"Airflow, SQL, AWS",57065,2,remoto
4528,2024-01-05,Querétaro,Frontend,"JavaScript, Docker",17842,1,presencial
4529,2024-03-04,GDL,DevOps,"AWS, Python, Docker",76534,1,presencial
4530,2024-02-13,GDL,ML Engineer,"Python, SQL",53679,3,presencial
4531,2024-06-24,Puebla,Data Engineer,"SQL, AWS, Airflow, Python",46951,1,híbrido
4532,2024-01-14,GDL,Data Analyst,"Tableau, SQL, Python",47547,4,híbrido
4533,2024-03-22,CDMX,Frontend,"Docker, JavaScript",34435,1,presencial
4534,2024-03-05,CDMX,DevOps,"Docker, Python",43826,2,remoto
4535,2024-06-10,CDMX,Data Engineer,"AWS, Python, SQL, Airflow",39516,4,remoto
4536,2024-01-26,GDL,DevOps,"Python, Docker, AWS",53347,1,híbrido
4537,2024-05-04,MTY,DevOps,"AWS, Python",45661,3,remoto
4538,2024-05-13,MTY,Frontend,"JavaScript, Docker",24251,2,presencial
4539,2024-02-11,CDMX,DevOps,"Python, AWS, Docker",48242,3,remoto
4540,2024-02-11,Puebla,ML Engineer,"AWS, Pandas, Python",57837,1,remoto
4541,2024-04-18,Querétaro,Backend,"AWS, Java, Docker",46023,5,remoto
4542,2024-06-14,CDMX,Data Analyst,"Python, Power BI",46933,2,híbrido
4543,2024-03-23,MTY,Data Engineer,"Python, AWS, SQL",59989,2,híbrido
4544,2024-03-04,Querétaro,Data Engineer,"Python, Airflow",63451,3,presencial
4545,2024-04-07,CDMX,Data Analyst,"Power BI, SQL, Python",54906,2,remoto
4546,2024-04-07,Puebla,Data Analyst,"Power BI, Python",45135,1,remoto
4547,2024-01-14,GDL,Data Engineer,"AWS, Airflow, SQL, Python",62761,1,híbrido
4548,2024-06-03,Puebla,Frontend,"JavaScript, Docker",15000,1,híbrido
4549,2024-06-05,CDMX,Backend,"Java, Docker, AWS, Python",54357,1,presencial
4550,2024-05-18,CDMX,Data Analyst,"Python, Power BI, SQL",25798,1,remoto
4551,2024-03-26,GDL,Data Engineer,"SQL, AWS",61773,3,remoto
4552,2024-03-07,Puebla,Frontend,"JavaScript, Docker",46532,1,remoto
4553,2024-05-26,CDMX,ML Engineer,"AWS, SQL",42235,1,híbrido
4554,2024-06-02,Puebla,ML Engineer,"Pandas, SQL, Python, AWS",58941,4,híbrido
4555,2024-04-27,CDMX,Frontend,"Docker, JavaScript",34354,5,híbrido
4556,2024-04-18,CDMX,Data Analyst,"Tableau, Power BI, SQL",44401,2,remoto
4557,2024-06-24,CDMX,Data Engineer,"SQL, Airflow, Python, AWS",41211,4,híbrido
4558,2024-04-16,GDL,Data Analyst,"Python, SQL",40200,3,híbrido
4559,2024-04-05,MTY,DevOps,"Docker, Python, AWS",51459,1,presencial
4560,2024-06-15,CDMX,Frontend,"JavaScript, Docker",56429,2,remoto
4561,2024-02-04,Puebla,Frontend,"Docker, JavaScript",34000,2,híbrido
4562,2024-02-12,Puebla,Frontend,"JavaScript, Docker",42326,3,remoto
4563,2024-01-27,Querétaro,Data Engineer,"AWS, Python",34809,2,híbrido
4564,2024-01-01,CDMX,Data Analyst,"SQL, Tableau",32595,2,remoto
4565,2024-05-18,Puebla,Data Engineer,"SQL, AWS, Python, Airflow",47786,1,remoto
4566,2024-04-05,GDL,Backend,"Java, AWS",53256,5,remoto
4567,2024-04-14,CDMX,Data Engineer,"SQL, Python, AWS, Airflow",42354,4,remoto
4568,2024-02-15,CDMX,Data Engineer,"Airflow, Python",41508,5,híbrido
4569,2024-03-12,CDMX,Frontend,"Docker, JavaScript",32614,1,remoto
4570,2024-05-13,Querétaro,Backend,"Docker, Python, AWS",40606,2,remoto
4571,2024-05-03,CDMX,Data Analyst,"Power BI, Python, SQL, Tableau",50579,2,remoto
4572,2024-01-07,CDMX,DevOps,"AWS, Docker, Python",39317,1,híbrido
4573,2024-04-13,CDMX,ML Engineer,"SQL, Pandas, AWS",46818,1,remoto
4574,2024-01-17,MTY,Data Engineer,"SQL, Airflow, Python",52572,2,híbrido
4575,2024-05-10,GDL,Data Engineer,"SQL, Python, Airflow",57636,2,remoto
4576,2024-03-06,CDMX,Frontend,"JavaScript, Docker",33157,3,híbrido
4577,2024-03-14,GDL,Backend,"Python, Docker, Java, AWS",35819,3,presencial
4578,2024-01-22,MTY,DevOps,"Docker, Python",59438,4,remoto
4579,2024-06-17,GDL,DevOps,"Docker, AWS",59075,1,remoto
4580,2024-05-18,Puebla,Backend,"AWS, Python, Docker",33941,1,remoto
4581,2024-05-14,GDL,Backend,"Java, Docker, AWS",42247,2,remoto
4582,2024-05-19,GDL,Frontend,"JavaScript, Docker",23760,3,remoto
4583,2024-03-07,MTY,Data Analyst,"Power BI, Python",25631,1,híbrido
4584,2024-05-06,CDMX,ML Engineer,"AWS, SQL",73900,5,remoto
4585,2024-04-20,CDMX,Data Engineer,"AWS, Python, SQL",25162,3,híbrido
4586,2024-06-12,MTY,Frontend,"JavaScript, Docker",47027,1,híbrido
4587,2024-06-02,MTY,Backend,"Java, Docker, Python, AWS",44266,1,híbrido
4588,2024-06-08,CDMX,Frontend,"Docker, JavaScript",37616,4,remoto
4589,2024-03-10,MTY,Data Analyst,"SQL, Python",36644,2,híbrido
4590,2024-05-03,Puebla,DevOps,"Docker, Python",60156,2,remoto
4591,2024-03-17,GDL,Frontend,"Docker, JavaScript",32148,3,híbrido
4592,2024-02-22,GDL,Frontend,"Docker, JavaScript",47361,4,híbrido
4593,2024-06-05,GDL,Backend,"Java, Python",33059,2,remoto
4594,2024-03-01,CDMX,Data Analyst,"Tableau, Power BI, SQL, Python",60970,5,remoto
4595,2024-04-23,CDMX,Data Analyst,"Power BI, SQL",29746,2,híbrido
4596,2024-06-04,Querétaro,Frontend,"Docker, JavaScript",24866,1,híbrido
4597,2024-01-06,GDL,ML Engineer,"AWS, SQL, Pandas",40216,5,híbrido
4598,2024-06-05,CDMX,Data Analyst,"Power BI, Tableau, SQL",29516,2,remoto
4599,2024-06-18,CDMX,Data Analyst,"Tableau, SQL, Python, Power BI",16944,1,presencial
4600,2024-04-12,Querétaro,ML Engineer,"Python, Pandas, AWS, SQL",59506,5,presencial
4601,2024-05-17,MTY,Data Engineer,"Python, AWS, Airflow",48362,1,remoto
4602,2024-05-09,GDL,Data Analyst,"Python, Tableau, Power BI",31991,2,híbrido
4603,2024-03-23,Puebla,DevOps,"AWS, Docker",36599,1,remoto
4604,2024-02-17,Puebla,Data Engineer,"Python, Airflow, SQL, AWS",54729,2,remoto
4605,2024-05-03,Querétaro,ML Engineer,"Pandas, AWS, Python, SQL",52518,1,presencial
4606,2024-03-23,CDMX,Data Analyst,"Tableau, Python, SQL, Power BI",35972,2,remoto
4607,2024-03-01,Puebla,Data Engineer,"Airflow, Python, SQL",41862,2,remoto
4608,2024-03-10,CDMX,Data Engineer,"AWS, Airflow, Python",37948,1,presencial
4609,2024-01-01,GDL,Data Analyst,"Python, Power BI",50856,3,presencial
4610,2024-05-08,GDL,Data Analyst,"Python, Tableau, SQL",35810,5,presencial
4611,2024-02-03,CDMX,DevOps,"Docker, Python",48154,2,híbrido
4612,2024-03-05,GDL,Backend,"Docker, Python, Java, AWS",39702,3,híbrido
4613,2024-01-06,CDMX,ML Engineer,"AWS, Pandas",72462,3,híbrido
4614,2024-04-24,CDMX,Data Engineer,"Airflow, SQL, AWS, Python",63028,2,remoto
4615,2024-02-04,Querétaro,Backend,"AWS, Python, Docker, Java",68002,1,presencial
4616,2024-05-06,CDMX,Data Engineer,"SQL, AWS, Airflow",48433,4,híbrido
4617,2024-06-26,GDL,Data Analyst,"SQL, Power BI, Tableau",24935,2,híbrido
4618,2024-03-18,CDMX,Data Analyst,"Tableau, Python, SQL, Power BI",31248,1,remoto
4619,2024-05-03,CDMX,ML Engineer,"Pandas, SQL",49951,2,híbrido
4620,2024-05-08,MTY,Frontend,"Docker, JavaScript",40701,1,híbrido
4621,2024-02-09,Puebla,Data Analyst,"Power BI, Tableau, SQL",51961,2,híbrido
4622,2024-04-09,CDMX,Data Analyst,"Power BI, SQL, Tableau, Python",45324,1,remoto
4623,2024-05-21,MTY,ML Engineer,"AWS, Python",60591,1,híbrido
4624,2024-02-11,CDMX,Frontend,"JavaScript, Docker",33346,3,híbrido
4625,2024-04-27,MTY,Backend,"Docker, Java, Python, AWS",48079,3,híbrido
4626,2024-01-05,Querétaro,Frontend,"JavaScript, Docker",27105,3,híbrido
4627,2024-06-26,CDMX,ML Engineer,"SQL, AWS, Python, Pandas",74713,3,híbrido
4628,2024-05-21,GDL,ML Engineer,"SQL, Python, AWS, Pandas",50048,5,híbrido
4629,2024-06-06,GDL,Frontend,"JavaScript, Docker",42669,4,híbrido
4630,2024-06-19,CDMX,Data Engineer,"Airflow, SQL, Python, AWS",43714,3,híbrido
4631,2024-06-12,CDMX,ML Engineer,"Pandas, SQL",49925,2,híbrido
4632,2024-05-06,CDMX,Backend,"Docker, Java, Python",39814,2,presencial
4633,2024-01-10,CDMX,Data Engineer,"Python, AWS, Airflow",41742,2,híbrido
4634,2024-06-11,CDMX,Frontend,"Docker, JavaScript",41331,2,remoto
4635,2024-02-05,CDMX,ML Engineer,"Python, AWS, SQL",67400,4,remoto
4636,2024-02-02,CDMX,ML Engineer,"AWS, SQL",52225,2,remoto
4637,2024-06-01,Puebla,ML Engineer,"AWS, Python, SQL",51993,2,híbrido
4638,2024-05-20,CDMX,Frontend,"Docker, JavaScript",50036,3,híbrido
4639,2024-04-18,CDMX,Backend,"AWS, Docker, Java, Python",41765,2,híbrido
4640,2024-04-05,Querétaro,ML Engineer,"Pandas, AWS, SQL",53161,5,remoto
4641,2024-02-19,CDMX,DevOps,"AWS, Docker, Python",65925,2,híbrido
4642,2024-05-26,CDMX,Data Analyst,"SQL, Tableau, Python",25585,3,remoto
4643,2024-02-15,GDL,Data Analyst,"SQL, Python, Tableau, Power BI",45206,4,híbrido
4644,2024-06-05,GDL,Data Engineer,"SQL, AWS",49576,1,remoto
4645,2024-01-13,Querétaro,Backend,"Java, Python, AWS, Docker",31729,1,remoto
4646,2024-04-13,Querétaro,ML Engineer,"Pandas, SQL, Python",68050,1,remoto
4647,2024-04-24,Querétaro,Data Engineer,"Python, SQL",50110,5,híbrido
4648,2024-02-01,Puebla,Frontend,"Docker, JavaScript",40081,2,presencial
4649,2024-06-07,GDL,Data Analyst,"SQL, Power BI",16328,3,híbrido
4650,2024-01-20,GDL,Backend,"AWS, Docker, Python",69196,1,remoto
4651,2024-03-16,GDL,DevOps,"AWS, Docker, Python",75703,1,híbrido
4652,2024-04-05,MTY,Backend,"AWS, Docker, Python",62728,3,remoto
4653,2024-04-14,GDL,Backend,"AWS, Docker, Java, Python",37652,3,remoto
4654,2024-02-16,Querétaro,ML Engineer,"Pandas, SQL, AWS, Python",57689,2,híbrido
4655,2024-03-10,Querétaro,Frontend,"Docker, JavaScript",31730,2,remoto
4656,2024-05-22,CDMX,DevOps,"AWS, Python, Docker",37278,2,híbrido
4657,2024-04-27,CDMX,DevOps,"Python, Docker, AWS",41739,1,híbrido
4658,2024-01-15,CDMX,Frontend,"JavaScript, Docker",45418,1,híbrido
4659,2024-02-07,Querétaro,Backend,"Docker, AWS, Java, Python",50169,2,remoto
4660,2024-06-05,GDL,Backend,"Java, Python, AWS",47142,1,remoto
4661,2024-04-27,GDL,Data Analyst,"SQL, Python, Power BI",37182,2,remoto
4662,2024-05-19,GDL,DevOps,"Docker, AWS, Python",44561,3,remoto
4663,2024-03-18,MTY,ML Engineer,"Python, Pandas, AWS",48878,5,híbrido
4664,2024-02-18,GDL,DevOps,"Python, AWS, Docker",49507,5,remoto
4665,2024-01-03,CDMX,DevOps,"AWS, Docker, Python",50945,3,híbrido
4666,2024-04-18,MTY,ML Engineer,"AWS, Pandas",54334,1,presencial
4667,2024-02-03,Puebla,Backend,"Python, Docker",49197,2,híbrido
4668,2024-01-09,Puebla,DevOps,"AWS, Python",49023,4,presencial
4669,2024-03-04,MTY,Frontend,"JavaScript, Docker",66254,1,remoto
4670,2024-03-27,CDMX,Data Engineer,"SQL, Airflow, AWS, Python",47680,2,híbrido
4671,2024-05-18,MTY,Frontend,"JavaScript, Docker",42203,3,remoto
4672,2024-01-07,GDL,Data Analyst,"SQL, Power BI",48310,2,híbrido
4673,2024-05-04,CDMX,Backend,"Python, AWS, Docker, Java",33882,1,remoto
4674,2024-01-04,MTY,DevOps,"Python, AWS, Docker",48701,2,remoto
4675,2024-05-25,GDL,ML Engineer,"SQL, AWS, Pandas, Python",59452,2,presencial
4676,2024-06-08,CDMX,Frontend,"JavaScript, Docker",47491,1,híbrido
4677,2024-06-16,MTY,DevOps,"Python, AWS, Docker",51122,1,remoto
4678,2024-02-08,CDMX,ML Engineer,"Pandas, SQL",64156,3,remoto
4679,2024-06-14,CDMX,Frontend,"Docker, JavaScript",28067,2,híbrido
4680,2024-01-12,Querétaro,Frontend,"JavaScript, Docker",52371,3,presencial
4681,2024-06-24,CDMX,Data Analyst,"Python, Power BI",33958,3,presencial
4682,2024-04-07,Puebla,DevOps,"AWS, Docker",62827,4,híbrido
4683,2024-02-02,Puebla,Data Engineer,"SQL, Python",55128,2,remoto
4684,2024-03-23,CDMX,Backend,"AWS, Java, Python, Docker",47683,1,híbrido
4685,2024-02-18,MTY,Data Engineer,"Python, Airflow",46952,1,presencial
4686,2024-03-13,Puebla,Data Engineer,"Airflow, AWS, Python, SQL",49269,2,híbrido
4687,2024-01-08,MTY,DevOps,"AWS, Docker, Python",47405,2,remoto
4688,2024-02-08,CDMX,Data Analyst,"SQL, Power BI, Tableau, Python",25603,1,remoto
4689,2024-04-01,GDL,ML Engineer,"Pandas, Python",48622,2,híbrido
4690,2024-05-21,GDL,DevOps,"Docker, AWS, Python",49325,2,remoto
4691,2024-03-11,CDMX,Frontend,"Docker, JavaScript",21544,1,híbrido
4692,2024-03-16,CDMX,Frontend,"JavaScript, Docker",20425,1,híbrido
4693,2024-02-24,GDL,DevOps,"Docker, AWS, Python",42046,3,híbrido
4694,2024-06-23,GDL,Frontend,"Docker, JavaScript",45904,3,presencial
4695,2024-03-17,GDL,Data Engineer,"AWS, Airflow, SQL, Python",44521,2,remoto
4696,2024-02-04,MTY,Data Analyst,"Power BI, Tableau, SQL",53001,2,híbrido
4697,2024-05-02,Puebla,ML Engineer,"SQL, AWS, Pandas",51007,3,remoto
4698,2024-05-20,GDL,Data Engineer,"Python, AWS",41507,3,presencial
4699,2024-01-15,Puebla,Data Analyst,"Power BI, Tableau, SQL",40934,3,híbrido
4700,2024-06-17,GDL,Data Analyst,"Python, Tableau, SQL, Power BI",36757,4,híbrido
4701,2024-05-02,CDMX,Frontend,"JavaScript, Docker",40624,1,híbrido
4702,2024-03-13,GDL,Data Analyst,"Power BI, Tableau, Python",51700,5,híbrido
4703,2024-05-15,MTY,ML Engineer,"SQL, Pandas, AWS, Python",44766,3,híbrido
4704,2024-01-20,CDMX,ML Engineer,"SQL, AWS, Pandas",53902,3,presencial
4705,2024-03-17,Querétaro,Data Analyst,"SQL, Power BI, Python, Tableau",54767,1,remoto
4706,2024-05-25,Puebla,DevOps,"AWS, Python, Docker",62577,5,presencial
4707,2024-05-05,CDMX,Data Engineer,"Airflow, AWS, SQL",56223,2,presencial
4708,2024-03-17,GDL,Backend,"Python, Docker, AWS",45894,2,remoto
4709,2024-01-04,Puebla,Data Analyst,"Python, Tableau",22465,2,remoto
4710,2024-06-26,Puebla,Data Engineer,"SQL, AWS",47458,2,presencial
4711,2024-02-16,CDMX,DevOps,"Docker, Python",60442,2,remoto
4712,2024-05-03,CDMX,DevOps,"Docker, Python",54805,2,remoto
4713,2024-02-21,GDL,ML Engineer,"Pandas, Python, AWS",62802,4,remoto
4714,2024-01-13,CDMX,Data Engineer,"Airflow, AWS, SQL, Python",45899,1,remoto
4715,2024-05-05,MTY,Data Analyst,"Python, Tableau",44619,2,híbrido
4716,2024-01-20,MTY,Data Engineer,"Airflow, AWS, SQL, Python",55141,3,remoto
4717,2024-06-21,CDMX,Backend,"AWS, Docker, Python",49706,3,remoto
4718,2024-04-20,MTY,Frontend,"Docker, JavaScript",43784,1,remoto
4719,2024-03-11,Puebla,Frontend,"JavaScript, Docker",22906,2,híbrido
4720,2024-05-07,Puebla,ML Engineer,"Python, Pandas, AWS, SQL",66508,5,híbrido
4721,2024-01-02,CDMX,DevOps,"Python, AWS",53343,1,híbrido
4722,2024-05-23,Querétaro,ML Engineer,"AWS, SQL",52878,3,remoto
4723,2024-03-14,CDMX,Frontend,"Docker, JavaScript",45953,5,remoto
4724,2024-01-01,CDMX,Data Engineer,"Airflow, Python",47440,4,remoto
4725,2024-01-22,Puebla,ML Engineer,"Pandas, AWS, Python",66736,1,presencial
4726,2024-04-18,GDL,Data Engineer,"Airflow, SQL",41675,2,remoto
4727,2024-06-24,GDL,Data Analyst,"Power BI, SQL, Python",51069,2,presencial
4728,2024-04-04,Puebla,Data Engineer,"SQL, Airflow, AWS, Python",40596,1,presencial
4729,2024-03-15,MTY,Frontend,"JavaScript, Docker",47460,2,híbrido
4730,2024-02-23,GDL,Backend,"Python, Docker, Java, AWS",62544,2,presencial
4731,2024-01-15,CDMX,Frontend,"JavaScript, Docker",30500,2,híbrido
4732,2024-03-22,Querétaro,DevOps,"Docker, AWS",51331,2,híbrido
4733,2024-02-17,CDMX,DevOps,"Python, AWS",55734,4,híbrido
4734,2024-06-26,CDMX,Backend,"Python, Docker",50365,5,híbrido
4735,2024-06-17,CDMX,Frontend,"JavaScript, Docker",22167,3,remoto
4736,2024-03-14,CDMX,Data Engineer,"Python, SQL, AWS, Airflow",61479,1,presencial
4737,2024-03-12,Querétaro,ML Engineer,"AWS, SQL, Python, Pandas",36015,1,híbrido
4738,2024-03-15,Puebla,Data Analyst,"SQL, Python",27266,3,remoto
4739,2024-06-14,GDL,Data Engineer,"Airflow, Python, SQL",50940,1,híbrido
4740,2024-01-02,MTY,Frontend,"JavaScript, Docker",19862,1,híbrido
4741,2024-05-21,GDL,Frontend,"JavaScript, Docker",33355,1,remoto
4742,2024-04-16,Querétaro,Backend,"Python, Docker",54308,2,presencial
4743,2024-01-26,CDMX,Data Engineer,"Airflow, AWS, SQL, Python",29618,4,remoto
4744,2024-01-19,CDMX,Data Engineer,"Python, Airflow, AWS",57720,2,híbrido
4745,2024-04-23,Querétaro,Backend,"Java, Docker, Python",53284,5,híbrido
4746,2024-01-09,GDL,DevOps,"AWS, Docker, Python",58174,2,presencial
4747,2024-02-22,Querétaro,ML Engineer,"Pandas, SQL, AWS, Python",44701,3,remoto
4748,2024-04-18,CDMX,Backend,"Java, Python, AWS, Docker",36253,4,híbrido
4749,2024-03-05,MTY,Backend,"Java, Python, Docker",49274,4,remoto
4750,2024-02-26,MTY,ML Engineer,"AWS, SQL",52614,1,híbrido
4751,2024-01-26,MTY,DevOps,"Docker, Python, AWS",31389,2,híbrido
4752,2024-04-02,CDMX,ML Engineer,"Pandas, SQL, AWS",59313,2,híbrido
4753,2024-01-25,MTY,DevOps,"AWS, Python",49621,2,híbrido
4754,2024-01-20,CDMX,ML Engineer,"SQL, Python",43314,3,remoto
4755,2024-02-26,Puebla,ML Engineer,"SQL, AWS",68403,3,híbrido
4756,2024-05-02,Puebla,Data Analyst,"Tableau, Power BI, Python",39698,4,remoto
4757,2024-05-05,CDMX,Frontend,"JavaScript, Docker",25871,3,presencial
4758,2024-04-19,Puebla,Data Analyst,"SQL, Power BI",25967,1,presencial
4759,2024-02-14,CDMX,DevOps,"AWS, Python",49078,2,presencial
4760,2024-06-06,CDMX,Frontend,"JavaScript, Docker",46126,1,presencial
4761,2024-03-21,Querétaro,Data Analyst,"Power BI, Python, Tableau, SQL",36135,2,híbrido
4762,2024-01-09,CDMX,Backend,"Java, Docker, AWS",43657,4,híbrido
4763,2024-04-25,MTY,DevOps,"Docker, AWS, Python",49570,3,remoto
4764,2024-06-25,MTY,Frontend,"Docker, JavaScript",38741,2,presencial
4765,2024-06-05,CDMX,ML Engineer,"AWS, Python, SQL",51578,1,remoto
4766,2024-04-03,GDL,DevOps,"AWS, Docker, Python",44721,4,híbrido
4767,2024-01-14,MTY,DevOps,"Python, Docker",56137,2,híbrido
4768,2024-02-14,CDMX,Data Analyst,"SQL, Tableau, Python, Power BI",32292,4,presencial
4769,2024-04-09,CDMX,Data Analyst,"SQL, Python, Tableau",43731,3,híbrido
4770,2024-04-08,Querétaro,Frontend,"JavaScript, Docker",41731,2,remoto
4771,2024-04-03,MTY,DevOps,"Python, AWS",49319,3,híbrido
4772,2024-04-09,CDMX,DevOps,"AWS, Python",57702,2,híbrido
4773,2024-03-23,GDL,Data Analyst,"Power BI, Python, SQL",30845,3,híbrido
4774,2024-05-13,CDMX,Backend,"Python, Docker, Java, AWS",36479,2,remoto
4775,2024-04-18,CDMX,Frontend,"JavaScript, Docker",34392,1,remoto
4776,2024-01-21,CDMX,Data Analyst,"Tableau, SQL",32162,2,remoto
4777,2024-03-06,CDMX,Backend,"Docker, AWS, Python",49415,3,presencial
4778,2024-03-01,GDL,Backend,"Java, AWS, Python",53246,5,híbrido
4779,2024-01-20,MTY,DevOps,"AWS, Python",56314,2,remoto
4780,2024-04-10,CDMX,Backend,"Docker, Python",37272,4,remoto
4781,2024-05-20,MTY,Backend,"AWS, Java, Docker, Python",41457,2,remoto
4782,2024-01-21,GDL,Frontend,"JavaScript, Docker",51371,2,híbrido
4783,2024-03-20,GDL,DevOps,"AWS, Python, Docker",48762,2,híbrido
4784,2024-04-26,CDMX,Frontend,"JavaScript, Docker",47054,1,híbrido
4785,2024-05-12,Querétaro,DevOps,"Docker, Python",31944,5,presencial
4786,2024-01-14,MTY,Backend,"AWS, Docker",67497,2,híbrido
4787,2024-01-27,MTY,Frontend,"Docker, JavaScript",34053,3,presencial
4788,2024-03-17,CDMX,DevOps,"AWS, Python",30746,5,híbrido
4789,2024-04-23,Querétaro,DevOps,"Python, AWS, Docker",60249,2,remoto
4790,2024-02-08,Puebla,Frontend,"Docker, JavaScript",24491,4,remoto
4791,2024-02-17,CDMX,ML Engineer,"Python, AWS, Pandas, SQL",65259,5,presencial
4792,2024-03-01,GDL,DevOps,"Docker, AWS",41686,2,remoto
4793,2024-02-02,Puebla,DevOps,"AWS, Python",50426,4,remoto
4794,2024-02-19,GDL,DevOps,"Docker, AWS, Python",40573,1,remoto
4795,2024-03-09,Puebla,DevOps,"AWS, Docker",55615,1,híbrido
4796,2024-06-21,MTY,ML Engineer,"SQL, Python, Pandas",45676,1,híbrido
4797,2024-06-21,CDMX,Frontend,"Docker, JavaScript",35967,1,presencial
4798,2024-06-12,CDMX,Frontend,"Docker, JavaScript",60441,1,híbrido
4799,2024-01-15,MTY,Data Analyst,"Tableau, Python, SQL, Power BI",28479,3,presencial
4800,2024-03-13,Querétaro,Data Analyst,"SQL, Python",41386,4,híbrido
4801,2024-06-18,Querétaro,Frontend,"JavaScript, Docker",36329,1,híbrido
4802,2024-01-11,Querétaro,DevOps,"Python, Docker",53666,1,remoto
4803,2024-02-10,CDMX,Backend,"Java, AWS, Python, Docker",41053,1,remoto
4804,2024-01-22,Querétaro,Data Analyst,"Python, Tableau, Power BI, SQL",52393,1,híbrido
4805,2024-05-19,CDMX,Frontend,"JavaScript, Docker",34196,5,híbrido
4806,2024-04-06,CDMX,Data Engineer,"Python, SQL",40557,5,híbrido
4807,2024-04-07,Querétaro,ML Engineer,"Pandas, Python",56614,3,remoto
4808,2024-02-22,MTY,Frontend,"JavaScript, Docker",54408,1,híbrido
4809,2024-01-16,MTY,Data Engineer,"Python, Airflow, AWS, SQL",33861,2,híbrido
4810,2024-03-16,Puebla,Data Analyst,"Tableau, SQL, Python",41357,3,presencial
4811,2024-03-27,Puebla,DevOps,"AWS, Python, Docker",47845,4,presencial
4812,2024-01-06,GDL,Backend,"Docker, Java",34404,2,presencial
4813,2024-06-08,Puebla,DevOps,"Docker, AWS, Python",45064,1,presencial
4814,2024-04-09,Querétaro,ML Engineer,"Python, SQL, Pandas",47236,5,remoto
4815,2024-05-24,CDMX,Frontend,"Docker, JavaScript",24546,2,remoto
4816,2024-04-26,CDMX,Frontend,"Docker, JavaScript",25536,1,remoto
4817,2024-02-21,CDMX,DevOps,"AWS, Docker",73957,4,remoto
4818,2024-01-01,CDMX,Frontend,"JavaScript, Docker",40162,2,remoto
4819,2024-06-20,GDL,Frontend,"Docker, JavaScript",42168,1,presencial
4820,2024-02-11,CDMX,Data Engineer,"AWS, Python, SQL",66537,1,híbrido
4821,2024-01-11,CDMX,ML Engineer,"SQL, AWS, Pandas",59954,1,remoto
4822,2024-02-19,GDL,DevOps,"Python, Docker, AWS",36356,1,remoto
4823,2024-06-13,GDL,Backend,"Python, Java, AWS",58475,3,híbrido
4824,2024-01-22,GDL,Frontend,"JavaScript, Docker",47208,3,híbrido
4825,2024-02-07,CDMX,Frontend,"Docker, JavaScript",39416,2,remoto
4826,2024-02-22,CDMX,Backend,"Docker, Java, Python",63092,1,híbrido
4827,2024-04-27,CDMX,Data Engineer,"Airflow, Python, AWS",20002,2,presencial
4828,2024-03-12,GDL,Backend,"Docker, AWS",37407,3,híbrido
4829,2024-04-06,CDMX,Frontend,"JavaScript, Docker",30243,1,híbrido
4830,2024-01-07,Querétaro,DevOps,"Docker, Python",48091,2,híbrido
4831,2024-01-05,MTY,DevOps,"Python, Docker",58345,3,remoto
4832,2024-01-13,GDL,Data Engineer,"Airflow, AWS, SQL, Python",59435,1,híbrido
4833,2024-04-15,CDMX,Data Analyst,"Python, Power BI, SQL, Tableau",33074,2,presencial
4834,2024-02-16,CDMX,Data Engineer,"AWS, Python",53451,1,híbrido
4835,2024-05-08,CDMX,Data Engineer,"Python, Airflow",38629,3,híbrido
4836,2024-04-27,CDMX,DevOps,"AWS, Docker, Python",63361,1,remoto
4837,2024-02-14,CDMX,DevOps,"Python, Docker",48544,1,híbrido
4838,2024-05-21,CDMX,DevOps,"Python, Docker, AWS",46887,2,híbrido
4839,2024-06-19,GDL,Data Analyst,"Power BI, Python, Tableau",32041,1,híbrido
4840,2024-01-05,Querétaro,Backend,"Java, Python, Docker",65102,5,híbrido
4841,2024-03-20,CDMX,DevOps,"Python, Docker, AWS",53304,2,remoto
4842,2024-05-06,Querétaro,Data Analyst,"Tableau, Power BI, Python",45642,2,híbrido
4843,2024-02-01,CDMX,Data Analyst,"SQL, Tableau, Power BI",29795,4,híbrido
4844,2024-04-26,Puebla,Data Analyst,"Tableau, Power BI, SQL, Python",43848,3,remoto
4845,2024-04-14,CDMX,Frontend,"JavaScript, Docker",27768,1,remoto
4846,2024-06-26,MTY,Data Engineer,"Airflow, Python, AWS",45564,3,híbrido
4847,2024-06-08,Puebla,Data Engineer,"AWS, SQL, Python, Airflow",54952,4,presencial
4848,2024-02-15,CDMX,ML Engineer,"SQL, AWS, Pandas",46390,1,híbrido
4849,2024-06-15,GDL,Data Analyst,"Power BI, SQL, Tableau, Python",36185,3,presencial
4850,2024-03-12,MTY,Backend,"Java, Python, Docker, AWS",35017,5,híbrido
4851,2024-02-17,CDMX,DevOps,"Docker, AWS, Python",42281,2,remoto
4852,2024-06-04,Querétaro,Data Engineer,"Airflow, SQL",38100,2,híbrido
4853,2024-03-19,GDL,DevOps,"AWS, Python, Docker",61643,2,remoto
4854,2024-04-27,GDL,Backend,"Java, Python",41895,3,remoto
4855,2024-02-12,MTY,Data Engineer,"AWS, Airflow, Python, SQL",59410,2,remoto
4856,2024-04-13,GDL,ML Engineer,"Python, Pandas, SQL, AWS",48359,1,presencial
4857,2024-06-07,MTY,Data Engineer,"AWS, SQL, Airflow, Python",63337,3,presencial
4858,2024-03-13,CDMX,Backend,"Java, Python, AWS, Docker",31229,1,híbrido
4859,2024-02-08,GDL,Data Engineer,"Python, Airflow",39035,5,remoto
4860,2024-05-05,CDMX,DevOps,"AWS, Docker, Python",45746,5,híbrido
4861,2024-01-03,Puebla,Backend,"AWS, Python",50094,5,híbrido
4862,2024-03-19,CDMX,DevOps,"AWS, Docker",50845,4,remoto
4863,2024-05-16,CDMX,Data Engineer,"AWS, SQL",43093,3,híbrido
4864,2024-04-25,MTY,Data Engineer,"Python, AWS",44463,1,presencial
4865,2024-03-16,Querétaro,ML Engineer,"Pandas, SQL, Python, AWS",62812,2,presencial
4866,2024-02-27,CDMX,Frontend,"Docker, JavaScript",53231,2,remoto
4867,2024-04-06,MTY,DevOps,"Docker, Python",55517,3,híbrido
4868,2024-01-14,CDMX,Frontend,"JavaScript, Docker",57012,1,remoto
4869,2024-06-23,CDMX,Data Analyst,"Tableau, SQL, Power BI, Python",30685,4,remoto
4870,2024-03-11,MTY,ML Engineer,"SQL, Pandas, AWS, Python",67317,2,remoto
4871,2024-05-25,GDL,ML Engineer,"Python, AWS, SQL, Pandas",50063,3,presencial
4872,2024-01-18,Puebla,Data Engineer,"AWS, Airflow, Python, SQL",51412,2,remoto
4873,2024-04-08,MTY,Frontend,"Docker, JavaScript",26233,4,remoto
4874,2024-03-05,Puebla,ML Engineer,"Python, SQL",43728,2,híbrido
4875,2024-01-19,CDMX,Data Engineer,"Airflow, Python, AWS",30906,1,híbrido
4876,2024-05-02,MTY,Data Analyst,"Power BI, SQL, Python",33832,3,remoto
4877,2024-01-07,Puebla,ML Engineer,"AWS, Python, SQL, Pandas",73115,3,remoto
4878,2024-03-19,Puebla,ML Engineer,"Pandas, Python",41550,1,remoto
4879,2024-05-15,MTY,Backend,"AWS, Java, Docker",27603,2,presencial
4880,2024-02-21,MTY,DevOps,"Docker, AWS, Python",35520,3,presencial
4881,2024-04-23,GDL,Data Engineer,"AWS, Airflow",44474,3,remoto
4882,2024-02-20,CDMX,Data Analyst,"SQL, Power BI, Tableau",24691,2,híbrido
4883,2024-01-04,Puebla,Data Engineer,"SQL, AWS, Airflow, Python",53601,2,remoto
4884,2024-05-11,CDMX,DevOps,"AWS, Docker",61008,1,híbrido
4885,2024-02-03,MTY,Data Analyst,"Tableau, Power BI, SQL, Python",36255,2,híbrido
4886,2024-01-26,CDMX,Frontend,"Docker, JavaScript",41622,1,remoto
4887,2024-04-27,CDMX,DevOps,"AWS, Python",32455,1,remoto
4888,2024-02-25,GDL,ML Engineer,"AWS, SQL, Python",65232,3,híbrido
4889,2024-04-16,CDMX,Data Analyst,"Power BI, SQL",27438,2,remoto
4890,2024-01-25,CDMX,ML Engineer,"SQL, Pandas",45994,1,híbrido
4891,2024-02-11,GDL,DevOps,"Python, AWS",48405,4,remoto
4892,2024-04-10,MTY,ML Engineer,"AWS, Python",52989,3,híbrido
4893,2024-06-22,CDMX,ML Engineer,"Python, Pandas",49238,3,presencial
4894,2024-05-20,CDMX,Backend,"Java, Python",37687,3,remoto
4895,2024-03-08,CDMX,Data Engineer,"Python, SQL, AWS",53308,1,remoto
4896,2024-03-10,CDMX,Frontend,"JavaScript, Docker",22299,3,presencial
4897,2024-03-04,CDMX,ML Engineer,"SQL, AWS",65819,4,remoto
4898,2024-05-14,Puebla,Data Analyst,"SQL, Python, Tableau, Power BI",48510,1,híbrido
4899,2024-02-18,Puebla,DevOps,"AWS, Python, Docker",57063,4,remoto
4900,2024-04-07,CDMX,ML Engineer,"SQL, Pandas, AWS, Python",42463,5,híbrido
4901,2024-06-03,Puebla,DevOps,"Docker, Python",47730,5,híbrido
4902,2024-06-19,Puebla,Frontend,"JavaScript, Docker",42257,1,remoto
4903,2024-04-22,CDMX,Backend,"Python, Docker, Java, AWS",40501,2,híbrido
4904,2024-02-13,Puebla,Backend,"Python, Docker, AWS",52291,2,híbrido
4905,2024-01-13,Querétaro,Frontend,"JavaScript, Docker",19794,3,híbrido
4906,2024-02-26,Querétaro,Frontend,"Docker, JavaScript",32183,2,híbrido
4907,2024-06-19,MTY,Data Analyst,"SQL, Power BI",36739,3,presencial
4908,2024-05-23,Puebla,Data Analyst,"Power BI, SQL, Tableau, Python",47250,3,híbrido
4909,2024-05-18,CDMX,ML Engineer,"AWS, Pandas",45697,1,híbrido
4910,2024-06-02,CDMX,Backend,"AWS, Java, Docker",54073,1,híbrido
4911,2024-02-14,MTY,Frontend,"JavaScript, Docker",40337,2,remoto
4912,2024-06-23,CDMX,ML Engineer,"Pandas, AWS, Python",63017,5,remoto
4913,2024-04-10,CDMX,DevOps,"Docker, AWS",54323,1,remoto
4914,2024-01-20,CDMX,Frontend,"Docker, JavaScript",34121,3,híbrido
4915,2024-04-12,MTY,Frontend,"Docker, JavaScript",43818,3,remoto
4916,2024-05-10,Querétaro,Backend,"Java, AWS, Python",52824,2,presencial
4917,2024-06-11,CDMX,Backend,"Docker, AWS, Java, Python",29007,1,híbrido
4918,2024-06-07,CDMX,Backend,"Python, Docker",49291,4,remoto
4919,2024-05-16,CDMX,Data Analyst,"Tableau, Power BI",31930,1,remoto
4920,2024-05-26,CDMX,Frontend,"JavaScript, Docker",35470,2,remoto
4921,2024-04-07,CDMX,Frontend,"JavaScript, Docker",40436,1,remoto
4922,2024-02-02,Puebla,DevOps,"Docker, Python, AWS",50719,2,presencial
4923,2024-04-07,Puebla,Frontend,"Docker, JavaScript",35161,2,híbrido
4924,2024-01-12,GDL,ML Engineer,"Python, SQL, AWS",61206,1,híbrido
4925,2024-05-07,CDMX,Data Analyst,"SQL, Python, Tableau",36947,3,remoto
4926,2024-01-13,Querétaro,ML Engineer,"AWS, Pandas, SQL",40781,3,híbrido
4927,2024-01-12,Querétaro,Frontend,"Docker, JavaScript",41591,5,híbrido
4928,2024-01-04,Querétaro,ML Engineer,"SQL, Python, Pandas",60825,2,híbrido
4929,2024-05-16,MTY,Backend,"Docker, Java, Python, AWS",41253,4,híbrido
4930,2024-05-26,CDMX,Frontend,"Docker, JavaScript",53046,2,remoto
4931,2024-01-27,CDMX,Data Analyst,"Tableau, Power BI",44490,5,remoto
4932,2024-05-08,GDL,Data Engineer,"AWS, Airflow, SQL",46022,1,híbrido
4933,2024-05-08,GDL,Frontend,"Docker, JavaScript",42674,1,presencial
4934,2024-03-08,GDL,Frontend,"JavaScript, Docker",39994,3,híbrido
4935,2024-04-09,CDMX,Data Engineer,"AWS, SQL, Airflow",55265,2,híbrido
4936,2024-04-04,Querétaro,Data Engineer,"Airflow, AWS, Python",49720,1,híbrido
4937,2024-02-27,MTY,Data Engineer,"Airflow, Python, AWS, SQL",31862,2,remoto
4938,2024-03-21,CDMX,Data Analyst,"Python, Power BI, Tableau, SQL",21504,5,híbrido
4939,2024-06-02,MTY,Backend,"Java, Python, AWS, Docker",55578,4,presencial
4940,2024-03-13,CDMX,Data Engineer,"AWS, SQL, Airflow",19297,1,presencial
4941,2024-04-02,MTY,Frontend,"JavaScript, Docker",38079,3,presencial
4942,2024-04-24,MTY,ML Engineer,"SQL, Pandas",43965,5,híbrido
4943,2024-06-17,CDMX,Frontend,"JavaScript, Docker",49960,1,remoto
4944,2024-04-12,MTY,Backend,"Java, Python, AWS",39850,3,remoto
4945,2024-04-08,CDMX,ML Engineer,"AWS, SQL",36501,2,remoto
4946,2024-04-04,CDMX,Data Analyst,"Power BI, Python, SQL",38156,3,remoto
4947,2024-05-18,CDMX,Data Engineer,"Airflow, Python, SQL",42391,1,remoto
4948,2024-03-07,MTY,Backend,"Docker, Python, AWS, Java",37202,2,híbrido
4949,2024-02-03,MTY,ML Engineer,"SQL, Python, AWS, Pandas",50674,5,híbrido
4950,2024-01-02,GDL,Data Engineer,"SQL, AWS, Python, Airflow",30544,1,remoto
4951,2024-05-24,CDMX,DevOps,"Docker, Python",25087,3,híbrido
4952,2024-04-22,GDL,Frontend,"JavaScript, Docker",37056,2,híbrido
4953,2024-06-10,GDL,ML Engineer,"AWS, Python",52184,3,remoto
4954,2024-05-08,CDMX,Data Analyst,"SQL, Power BI, Tableau",42748,5,remoto
4955,2024-04-10,CDMX,Data Engineer,"SQL, AWS",52680,4,híbrido
4956,2024-05-02,CDMX,Backend,"Python, AWS, Java, Docker",34337,3,remoto
4957,2024-03-12,Querétaro,Data Analyst,"Tableau, Python, SQL",20784,2,remoto
4958,2024-02-08,CDMX,Data Analyst,"SQL, Tableau",48931,1,presencial
4959,2024-02-25,MTY,Data Engineer,"AWS, SQL, Python",67584,2,presencial
4960,2024-02-15,GDL,Data Analyst,"Python, SQL",33950,4,híbrido
4961,2024-03-17,CDMX,Data Analyst,"SQL, Python, Power BI, Tableau",25233,4,remoto
4962,2024-06-05,CDMX,Data Engineer,"Airflow, Python, AWS, SQL",43319,2,híbrido
4963,2024-06-09,MTY,Backend,"AWS, Python, Docker, Java",43805,4,híbrido
4964,2024-06-10,CDMX,ML Engineer,"SQL, Pandas, Python, AWS",58720,2,presencial
4965,2024-02-21,GDL,ML Engineer,"SQL, AWS, Python",67862,3,remoto
4966,2024-04-06,CDMX,Data Engineer,"AWS, Airflow, Python",58517,4,remoto
4967,2024-04-26,GDL,Data Analyst,"Tableau, Python",31822,1,presencial
4968,2024-06-03,GDL,Frontend,"JavaScript, Docker",40669,1,remoto
4969,2024-04-03,CDMX,Frontend,"Docker, JavaScript",36453,4,híbrido
4970,2024-06-11,CDMX,Backend,"Docker, AWS, Java, Python",47779,1,híbrido
4971,2024-05-08,GDL,Data Analyst,"Python, Tableau, Power BI",33722,1,híbrido
4972,2024-01-15,CDMX,ML Engineer,"Python, AWS, SQL",49937,5,presencial
4973,2024-02-23,CDMX,ML Engineer,"Pandas, SQL, AWS",55733,3,híbrido
4974,2024-03-22,MTY,DevOps,"Docker, AWS",53894,3,híbrido
4975,2024-03-23,MTY,ML Engineer,"Pandas, SQL, Python",53338,2,remoto
4976,2024-03-17,Puebla,ML Engineer,"AWS, Python, SQL",47473,3,híbrido
4977,2024-06-13,GDL,Data Engineer,"SQL, Python, AWS, Airflow",38896,2,híbrido
4978,2024-01-15,Puebla,Data Engineer,"Python, SQL",57189,2,presencial
4979,2024-01-16,MTY,Data Engineer,"AWS, Airflow, SQL, Python",53661,3,híbrido
4980,2024-05-23,CDMX,DevOps,"Docker, Python, AWS",46575,2,híbrido
4981,2024-06-07,GDL,Data Engineer,"SQL, Airflow, AWS, Python",43554,3,híbrido
4982,2024-04-08,CDMX,Backend,"Java, AWS, Python",33222,3,presencial
4983,2024-06-22,GDL,Data Engineer,"Python, Airflow",38551,2,híbrido
4984,2024-03-18,CDMX,Data Engineer,"AWS, SQL",59170,1,híbrido
4985,2024-05-17,CDMX,Frontend,"JavaScript, Docker",36165,3,presencial
4986,2024-02-02,Querétaro,DevOps,"AWS, Python",51661,3,presencial
4987,2024-06-22,GDL,Data Analyst,"Tableau, SQL, Power BI",29891,5,híbrido
4988,2024-04-24,MTY,Frontend,"JavaScript, Docker",44399,3,presencial
4989,2024-06-14,CDMX,ML Engineer,"Pandas, Python",43177,3,presencial
4990,2024-06-04,GDL,DevOps,"Python, AWS",42787,1,híbrido
4991,2024-02-03,CDMX,ML Engineer,"Python, Pandas",40416,2,híbrido
4992,2024-04-10,CDMX,DevOps,"AWS, Python, Docker",62028,5,híbrido
4993,2024-03-22,GDL,Data Analyst,"Python, Power BI",38398,1,remoto
4994,2024-01-24,GDL,Frontend,"JavaScript, Docker",45090,1,remoto
4995,2024-04-13,GDL,Data Analyst,"Power BI, Python",28394,1,híbrido
4996,2024-06-10,MTY,Frontend,"JavaScript, Docker",41029,5,presencial
4997,2024-04-09,CDMX,ML Engineer,"Python, SQL, Pandas, AWS",57137,1,presencial
4998,2024-06-10,CDMX,Data Engineer,"SQL, Python",62957,2,remoto
4999,2024-04-21,CDMX,DevOps,"Docker, Python, AWS",50112,1,remoto
5000,2024-06-05,Puebla,ML Engineer,"SQL, AWS, Python, Pandas",61665,1,remoto
